areasymbol	url
AK600	https://websoilsurvey.sc.egov.usda.gov/DSD/Download/Cache/SSA/wss_SSA_AK600_soildb_US_2003_[2025-09-02].zip
AK605	https://websoilsurvey.sc.egov.usda.gov/DSD/Download/Cache/SSA/wss_SSA_AK605_soildb_US_2003_[2025-08-29].zip
AK610	https://websoilsurvey.sc.egov.usda.gov/DSD/Download/Cache/SSA/wss_SSA_AK610_soildb_US_2003_[2025-08-29].zip
AK612	https://websoilsurvey.sc.egov.usda.gov/DSD/Download/Cache/SSA/wss_SSA_AK612_soildb_US_2003_[2025-08-29].zip
AK615	https://websoilsurvey.sc.egov.usda.gov/DSD/Download/Cache/SSA/wss_SSA_AK615_soildb_US_2003_[2025-08-29].zip
AK621	https://websoilsurvey.sc.egov.usda.gov/DSD/Download/Cache/SSA/wss_SSA_AK621_soildb_US_2003_[2025-09-02].zip
AK622	https://websoilsurvey.sc.egov.usda.gov/DSD/Download/Cache/SSA/wss_SSA_AK622_soildb_US_2003_[2025-08-29].zip
AK623	https://websoilsurvey.sc.egov.usda.gov/DSD/Download/Cache/SSA/wss_SSA_AK623_soildb_US_2003_[2025-09-02].zip
AK625	https://websoilsurvey.sc.egov.usda.gov/DSD/Download/Cache/SSA/wss_SSA_AK625_soildb_US_2003_[2025-08-29].zip
AK630	https://websoilsurvey.sc.egov.usda.gov/DSD/Download/Cache/SSA/wss_SSA_AK630_soildb_US_2003_[2025-08-29].zip
AK631	https://websoilsurvey.sc.egov.usda.gov/DSD/Download/Cache/SSA/wss_SSA_AK631_soildb_US_2003_[2025-09-02].zip
AK635	https://websoilsurvey.sc.egov.usda.gov/DSD/Download/Cache/SSA/wss_SSA_AK635_soildb_US_2003_[2025-09-02].zip
AK636	https://websoilsurvey.sc.egov.usda.gov/DSD/Download/Cache/SSA/wss_SSA_AK636_soildb_US_2003_[2025-09-02].zip
AK637	https://websoilsurvey.sc.egov.usda.gov/DSD/Download/Cache/SSA/wss_SSA_AK637_soildb_US_2003_[2025-08-29].zip
AK638	https://websoilsurvey.sc.egov.usda.gov/DSD/Download/Cache/SSA/wss_SSA_AK638_soildb_US_2003_[2025-09-02].zip
AK639	https://websoilsurvey.sc.egov.usda.gov/DSD/Download/Cache/SSA/wss_SSA_AK639_soildb_US_2003_[2025-09-02].zip
AK640	https://websoilsurvey.sc.egov.usda.gov/DSD/Download/Cache/SSA/wss_SSA_AK640_soildb_US_2003_[2025-08-29].zip
AK641	https://websoilsurvey.sc.egov.usda.gov/DSD/Download/Cache/SSA/wss_SSA_AK641_soildb_US_2003_[2025-08-29].zip
AK642	https://websoilsurvey.sc.egov.usda.gov/DSD/Download/Cache/SSA/wss_SSA_AK642_soildb_US_2003_[2025-08-29].zip
AK643	https://websoilsurvey.sc.egov.usda.gov/DSD/Download/Cache/SSA/wss_SSA_AK643_soildb_US_2003_[2025-08-29].zip
AK644	https://websoilsurvey.sc.egov.usda.gov/DSD/Download/Cache/SSA/wss_SSA_AK644_soildb_US_2003_[2025-08-29].zip
AK645	https://websoilsurvey.sc.egov.usda.gov/DSD/Download/Cache/SSA/wss_SSA_AK645_soildb_US_2003_[2025-08-29].zip
AK646	https://websoilsurvey.sc.egov.usda.gov/DSD/Download/Cache/SSA/wss_SSA_AK646_soildb_US_2003_[2025-09-08].zip
AK649	https://websoilsurvey.sc.egov.usda.gov/DSD/Download/Cache/SSA/wss_SSA_AK649_soildb_US_2003_[2025-08-29].zip
AK650	https://websoilsurvey.sc.egov.usda.gov/DSD/Download/Cache/SSA/wss_SSA_AK650_soildb_US_2003_[2025-08-29].zip
AK651	https://websoilsurvey.sc.egov.usda.gov/DSD/Download/Cache/SSA/wss_SSA_AK651_soildb_US_2003_[2025-09-02].zip
AK652	https://websoilsurvey.sc.egov.usda.gov/DSD/Download/Cache/SSA/wss_SSA_AK652_soildb_US_2003_[2025-09-02].zip
AK653	https://websoilsurvey.sc.egov.usda.gov/DSD/Download/Cache/SSA/wss_SSA_AK653_soildb_US_2003_[2025-09-02].zip
AK654	https://websoilsurvey.sc.egov.usda.gov/DSD/Download/Cache/SSA/wss_SSA_AK654_soildb_US_2003_[2025-09-02].zip
AK655	https://websoilsurvey.sc.egov.usda.gov/DSD/Download/Cache/SSA/wss_SSA_AK655_soildb_US_2003_[2025-09-02].zip
AK656	https://websoilsurvey.sc.egov.usda.gov/DSD/Download/Cache/SSA/wss_SSA_AK656_soildb_US_2003_[2025-09-02].zip
AK657	https://websoilsurvey.sc.egov.usda.gov/DSD/Download/Cache/SSA/wss_SSA_AK657_soildb_US_2003_[2025-09-02].zip
AK658	https://websoilsurvey.sc.egov.usda.gov/DSD/Download/Cache/SSA/wss_SSA_AK658_soildb_US_2003_[2025-09-02].zip
AK659	https://websoilsurvey.sc.egov.usda.gov/DSD/Download/Cache/SSA/wss_SSA_AK659_soildb_US_2003_[2025-09-02].zip
AK683	https://websoilsurvey.sc.egov.usda.gov/DSD/Download/Cache/SSA/wss_SSA_AK683_soildb_US_2003_[2025-09-02].zip
AK684	https://websoilsurvey.sc.egov.usda.gov/DSD/Download/Cache/SSA/wss_SSA_AK684_soildb_US_2003_[2025-09-02].zip
AK685	https://websoilsurvey.sc.egov.usda.gov/DSD/Download/Cache/SSA/wss_SSA_AK685_soildb_US_2003_[2025-09-02].zip
AK686	https://websoilsurvey.sc.egov.usda.gov/DSD/Download/Cache/SSA/wss_SSA_AK686_soildb_US_2003_[2025-09-02].zip
AK692	https://websoilsurvey.sc.egov.usda.gov/DSD/Download/Cache/SSA/wss_SSA_AK692_soildb_US_2003_[2025-09-02].zip
AK693	https://websoilsurvey.sc.egov.usda.gov/DSD/Download/Cache/SSA/wss_SSA_AK693_soildb_US_2003_[2025-09-02].zip
AK700	https://websoilsurvey.sc.egov.usda.gov/DSD/Download/Cache/SSA/wss_SSA_AK700_soildb_US_2003_[2025-09-02].zip
AK701	https://websoilsurvey.sc.egov.usda.gov/DSD/Download/Cache/SSA/wss_SSA_AK701_soildb_US_2003_[2025-09-02].zip
AK702	https://websoilsurvey.sc.egov.usda.gov/DSD/Download/Cache/SSA/wss_SSA_AK702_soildb_US_2003_[2025-09-02].zip
AK703	https://websoilsurvey.sc.egov.usda.gov/DSD/Download/Cache/SSA/wss_SSA_AK703_soildb_US_2003_[2025-09-02].zip
AK704	https://websoilsurvey.sc.egov.usda.gov/DSD/Download/Cache/SSA/wss_SSA_AK704_soildb_US_2003_[2025-09-02].zip
AK705	https://websoilsurvey.sc.egov.usda.gov/DSD/Download/Cache/SSA/wss_SSA_AK705_soildb_US_2003_[2025-09-02].zip
AK706	https://websoilsurvey.sc.egov.usda.gov/DSD/Download/Cache/SSA/wss_SSA_AK706_soildb_US_2003_[2025-08-29].zip
AK707	https://websoilsurvey.sc.egov.usda.gov/DSD/Download/Cache/SSA/wss_SSA_AK707_soildb_US_2003_[2025-08-29].zip
AK708	https://websoilsurvey.sc.egov.usda.gov/DSD/Download/Cache/SSA/wss_SSA_AK708_soildb_US_2003_[2025-08-29].zip
AK709	https://websoilsurvey.sc.egov.usda.gov/DSD/Download/Cache/SSA/wss_SSA_AK709_soildb_US_2003_[2025-08-29].zip
AK710	https://websoilsurvey.sc.egov.usda.gov/DSD/Download/Cache/SSA/wss_SSA_AK710_soildb_US_2003_[2025-08-29].zip
AK711	https://websoilsurvey.sc.egov.usda.gov/DSD/Download/Cache/SSA/wss_SSA_AK711_soildb_US_2003_[2025-08-29].zip
AK712	https://websoilsurvey.sc.egov.usda.gov/DSD/Download/Cache/SSA/wss_SSA_AK712_soildb_US_2003_[2025-09-02].zip
AK713	https://websoilsurvey.sc.egov.usda.gov/DSD/Download/Cache/SSA/wss_SSA_AK713_soildb_US_2003_[2025-08-29].zip
AK714	https://websoilsurvey.sc.egov.usda.gov/DSD/Download/Cache/SSA/wss_SSA_AK714_soildb_US_2003_[2025-08-29].zip
AK715	https://websoilsurvey.sc.egov.usda.gov/DSD/Download/Cache/SSA/wss_SSA_AK715_soildb_US_2003_[2025-09-02].zip
AK716	https://websoilsurvey.sc.egov.usda.gov/DSD/Download/Cache/SSA/wss_SSA_AK716_soildb_US_2003_[2025-08-29].zip
AK717	https://websoilsurvey.sc.egov.usda.gov/DSD/Download/Cache/SSA/wss_SSA_AK717_soildb_US_2003_[2025-09-02].zip
AK718	https://websoilsurvey.sc.egov.usda.gov/DSD/Download/Cache/SSA/wss_SSA_AK718_soildb_US_2003_[2025-09-02].zip
AK719	https://websoilsurvey.sc.egov.usda.gov/DSD/Download/Cache/SSA/wss_SSA_AK719_soildb_US_2003_[2025-08-29].zip
AK720	https://websoilsurvey.sc.egov.usda.gov/DSD/Download/Cache/SSA/wss_SSA_AK720_soildb_US_2003_[2025-08-29].zip
AK721	https://websoilsurvey.sc.egov.usda.gov/DSD/Download/Cache/SSA/wss_SSA_AK721_soildb_US_2003_[2025-09-02].zip
AK722	https://websoilsurvey.sc.egov.usda.gov/DSD/Download/Cache/SSA/wss_SSA_AK722_soildb_US_2003_[2025-09-02].zip
AK723	https://websoilsurvey.sc.egov.usda.gov/DSD/Download/Cache/SSA/wss_SSA_AK723_soildb_US_2003_[2025-09-02].zip
AK724	https://websoilsurvey.sc.egov.usda.gov/DSD/Download/Cache/SSA/wss_SSA_AK724_soildb_US_2003_[2025-09-02].zip
AK725	https://websoilsurvey.sc.egov.usda.gov/DSD/Download/Cache/SSA/wss_SSA_AK725_soildb_US_2003_[2025-09-02].zip
AK726	https://websoilsurvey.sc.egov.usda.gov/DSD/Download/Cache/SSA/wss_SSA_AK726_soildb_US_2003_[2025-09-02].zip
AK727	https://websoilsurvey.sc.egov.usda.gov/DSD/Download/Cache/SSA/wss_SSA_AK727_soildb_US_2003_[2025-09-02].zip
AK728	https://websoilsurvey.sc.egov.usda.gov/DSD/Download/Cache/SSA/wss_SSA_AK728_soildb_US_2003_[2025-09-02].zip
AK729	https://websoilsurvey.sc.egov.usda.gov/DSD/Download/Cache/SSA/wss_SSA_AK729_soildb_US_2003_[2025-09-02].zip
AK730	https://websoilsurvey.sc.egov.usda.gov/DSD/Download/Cache/SSA/wss_SSA_AK730_soildb_US_2003_[2025-09-02].zip
AK731	https://websoilsurvey.sc.egov.usda.gov/DSD/Download/Cache/SSA/wss_SSA_AK731_soildb_US_2003_[2025-09-02].zip
AK732	https://websoilsurvey.sc.egov.usda.gov/DSD/Download/Cache/SSA/wss_SSA_AK732_soildb_US_2003_[2025-09-02].zip
AK733	https://websoilsurvey.sc.egov.usda.gov/DSD/Download/Cache/SSA/wss_SSA_AK733_soildb_US_2003_[2025-09-02].zip
AK734	https://websoilsurvey.sc.egov.usda.gov/DSD/Download/Cache/SSA/wss_SSA_AK734_soildb_US_2003_[2025-09-02].zip
AK735	https://websoilsurvey.sc.egov.usda.gov/DSD/Download/Cache/SSA/wss_SSA_AK735_soildb_US_2003_[2025-09-02].zip
AK736	https://websoilsurvey.sc.egov.usda.gov/DSD/Download/Cache/SSA/wss_SSA_AK736_soildb_US_2003_[2025-09-02].zip
AK737	https://websoilsurvey.sc.egov.usda.gov/DSD/Download/Cache/SSA/wss_SSA_AK737_soildb_US_2003_[2025-09-02].zip
AK738	https://websoilsurvey.sc.egov.usda.gov/DSD/Download/Cache/SSA/wss_SSA_AK738_soildb_US_2003_[2025-09-02].zip
AK739	https://websoilsurvey.sc.egov.usda.gov/DSD/Download/Cache/SSA/wss_SSA_AK739_soildb_US_2003_[2025-09-02].zip
AK740	https://websoilsurvey.sc.egov.usda.gov/DSD/Download/Cache/SSA/wss_SSA_AK740_soildb_US_2003_[2025-09-02].zip
AK741	https://websoilsurvey.sc.egov.usda.gov/DSD/Download/Cache/SSA/wss_SSA_AK741_soildb_US_2003_[2025-09-02].zip
AK742	https://websoilsurvey.sc.egov.usda.gov/DSD/Download/Cache/SSA/wss_SSA_AK742_soildb_US_2003_[2025-09-02].zip
AK743	https://websoilsurvey.sc.egov.usda.gov/DSD/Download/Cache/SSA/wss_SSA_AK743_soildb_US_2003_[2025-09-02].zip
AK744	https://websoilsurvey.sc.egov.usda.gov/DSD/Download/Cache/SSA/wss_SSA_AK744_soildb_US_2003_[2025-09-02].zip
AK745	https://websoilsurvey.sc.egov.usda.gov/DSD/Download/Cache/SSA/wss_SSA_AK745_soildb_US_2003_[2025-09-02].zip
AK746	https://websoilsurvey.sc.egov.usda.gov/DSD/Download/Cache/SSA/wss_SSA_AK746_soildb_US_2003_[2025-09-02].zip
AK747	https://websoilsurvey.sc.egov.usda.gov/DSD/Download/Cache/SSA/wss_SSA_AK747_soildb_US_2003_[2025-09-02].zip
AK748	https://websoilsurvey.sc.egov.usda.gov/DSD/Download/Cache/SSA/wss_SSA_AK748_soildb_US_2003_[2025-09-02].zip
AK749	https://websoilsurvey.sc.egov.usda.gov/DSD/Download/Cache/SSA/wss_SSA_AK749_soildb_US_2003_[2025-09-02].zip
AK750	https://websoilsurvey.sc.egov.usda.gov/DSD/Download/Cache/SSA/wss_SSA_AK750_soildb_US_2003_[2025-09-02].zip
AK751	https://websoilsurvey.sc.egov.usda.gov/DSD/Download/Cache/SSA/wss_SSA_AK751_soildb_US_2003_[2025-09-02].zip
AK752	https://websoilsurvey.sc.egov.usda.gov/DSD/Download/Cache/SSA/wss_SSA_AK752_soildb_US_2003_[2025-09-02].zip
AK753	https://websoilsurvey.sc.egov.usda.gov/DSD/Download/Cache/SSA/wss_SSA_AK753_soildb_US_2003_[2025-09-02].zip
AK754	https://websoilsurvey.sc.egov.usda.gov/DSD/Download/Cache/SSA/wss_SSA_AK754_soildb_US_2003_[2025-09-02].zip
AK755	https://websoilsurvey.sc.egov.usda.gov/DSD/Download/Cache/SSA/wss_SSA_AK755_soildb_US_2003_[2025-09-02].zip
AK756	https://websoilsurvey.sc.egov.usda.gov/DSD/Download/Cache/SSA/wss_SSA_AK756_soildb_US_2003_[2025-09-02].zip
AK757	https://websoilsurvey.sc.egov.usda.gov/DSD/Download/Cache/SSA/wss_SSA_AK757_soildb_US_2003_[2025-09-02].zip
AK758	https://websoilsurvey.sc.egov.usda.gov/DSD/Download/Cache/SSA/wss_SSA_AK758_soildb_US_2003_[2025-09-02].zip
AK759	https://websoilsurvey.sc.egov.usda.gov/DSD/Download/Cache/SSA/wss_SSA_AK759_soildb_US_2003_[2025-09-02].zip
AK760	https://websoilsurvey.sc.egov.usda.gov/DSD/Download/Cache/SSA/wss_SSA_AK760_soildb_US_2003_[2025-09-02].zip
AK761	https://websoilsurvey.sc.egov.usda.gov/DSD/Download/Cache/SSA/wss_SSA_AK761_soildb_US_2003_[2025-09-02].zip
AK762	https://websoilsurvey.sc.egov.usda.gov/DSD/Download/Cache/SSA/wss_SSA_AK762_soildb_US_2003_[2025-09-02].zip
AK763	https://websoilsurvey.sc.egov.usda.gov/DSD/Download/Cache/SSA/wss_SSA_AK763_soildb_US_2003_[2025-09-02].zip
AK764	https://websoilsurvey.sc.egov.usda.gov/DSD/Download/Cache/SSA/wss_SSA_AK764_soildb_US_2003_[2025-09-02].zip
AK765	https://websoilsurvey.sc.egov.usda.gov/DSD/Download/Cache/SSA/wss_SSA_AK765_soildb_US_2003_[2025-09-02].zip
AK766	https://websoilsurvey.sc.egov.usda.gov/DSD/Download/Cache/SSA/wss_SSA_AK766_soildb_US_2003_[2025-09-02].zip
AK767	https://websoilsurvey.sc.egov.usda.gov/DSD/Download/Cache/SSA/wss_SSA_AK767_soildb_US_2003_[2025-09-02].zip
AK768	https://websoilsurvey.sc.egov.usda.gov/DSD/Download/Cache/SSA/wss_SSA_AK768_soildb_US_2003_[2025-09-02].zip
AK769	https://websoilsurvey.sc.egov.usda.gov/DSD/Download/Cache/SSA/wss_SSA_AK769_soildb_US_2003_[2025-09-02].zip
AK770	https://websoilsurvey.sc.egov.usda.gov/DSD/Download/Cache/SSA/wss_SSA_AK770_soildb_US_2003_[2025-09-02].zip
AK771	https://websoilsurvey.sc.egov.usda.gov/DSD/Download/Cache/SSA/wss_SSA_AK771_soildb_US_2003_[2025-09-02].zip
AK772	https://websoilsurvey.sc.egov.usda.gov/DSD/Download/Cache/SSA/wss_SSA_AK772_soildb_US_2003_[2025-09-02].zip
AK773	https://websoilsurvey.sc.egov.usda.gov/DSD/Download/Cache/SSA/wss_SSA_AK773_soildb_US_2003_[2025-09-02].zip
AK774	https://websoilsurvey.sc.egov.usda.gov/DSD/Download/Cache/SSA/wss_SSA_AK774_soildb_US_2003_[2025-09-02].zip
AK775	https://websoilsurvey.sc.egov.usda.gov/DSD/Download/Cache/SSA/wss_SSA_AK775_soildb_US_2003_[2025-09-02].zip
AK776	https://websoilsurvey.sc.egov.usda.gov/DSD/Download/Cache/SSA/wss_SSA_AK776_soildb_US_2003_[2025-09-02].zip
AK777	https://websoilsurvey.sc.egov.usda.gov/DSD/Download/Cache/SSA/wss_SSA_AK777_soildb_US_2003_[2025-09-02].zip
AK778	https://websoilsurvey.sc.egov.usda.gov/DSD/Download/Cache/SSA/wss_SSA_AK778_soildb_US_2003_[2025-09-02].zip
AK779	https://websoilsurvey.sc.egov.usda.gov/DSD/Download/Cache/SSA/wss_SSA_AK779_soildb_US_2003_[2025-09-02].zip
AK781	https://websoilsurvey.sc.egov.usda.gov/DSD/Download/Cache/SSA/wss_SSA_AK781_soildb_US_2003_[2025-09-02].zip
AK782	https://websoilsurvey.sc.egov.usda.gov/DSD/Download/Cache/SSA/wss_SSA_AK782_soildb_US_2003_[2025-09-02].zip
AK783	https://websoilsurvey.sc.egov.usda.gov/DSD/Download/Cache/SSA/wss_SSA_AK783_soildb_US_2003_[2025-09-02].zip
AK784	https://websoilsurvey.sc.egov.usda.gov/DSD/Download/Cache/SSA/wss_SSA_AK784_soildb_US_2003_[2025-09-02].zip
AK785	https://websoilsurvey.sc.egov.usda.gov/DSD/Download/Cache/SSA/wss_SSA_AK785_soildb_US_2003_[2025-09-02].zip
AK786	https://websoilsurvey.sc.egov.usda.gov/DSD/Download/Cache/SSA/wss_SSA_AK786_soildb_US_2003_[2025-09-02].zip
AK787	https://websoilsurvey.sc.egov.usda.gov/DSD/Download/Cache/SSA/wss_SSA_AK787_soildb_US_2003_[2025-09-02].zip
AK788	https://websoilsurvey.sc.egov.usda.gov/DSD/Download/Cache/SSA/wss_SSA_AK788_soildb_US_2003_[2025-09-02].zip
AK789	https://websoilsurvey.sc.egov.usda.gov/DSD/Download/Cache/SSA/wss_SSA_AK789_soildb_US_2003_[2025-09-02].zip
AK790	https://websoilsurvey.sc.egov.usda.gov/DSD/Download/Cache/SSA/wss_SSA_AK790_soildb_US_2003_[2025-09-02].zip
AK791	https://websoilsurvey.sc.egov.usda.gov/DSD/Download/Cache/SSA/wss_SSA_AK791_soildb_US_2003_[2025-09-02].zip
AK792	https://websoilsurvey.sc.egov.usda.gov/DSD/Download/Cache/SSA/wss_SSA_AK792_soildb_US_2003_[2025-09-02].zip
AK793	https://websoilsurvey.sc.egov.usda.gov/DSD/Download/Cache/SSA/wss_SSA_AK793_soildb_US_2003_[2025-09-02].zip
AK794	https://websoilsurvey.sc.egov.usda.gov/DSD/Download/Cache/SSA/wss_SSA_AK794_soildb_US_2003_[2025-09-02].zip
AK795	https://websoilsurvey.sc.egov.usda.gov/DSD/Download/Cache/SSA/wss_SSA_AK795_soildb_US_2003_[2025-09-02].zip
AK796	https://websoilsurvey.sc.egov.usda.gov/DSD/Download/Cache/SSA/wss_SSA_AK796_soildb_US_2003_[2025-09-02].zip
AK797	https://websoilsurvey.sc.egov.usda.gov/DSD/Download/Cache/SSA/wss_SSA_AK797_soildb_US_2003_[2025-09-02].zip
AL001	https://websoilsurvey.sc.egov.usda.gov/DSD/Download/Cache/SSA/wss_SSA_AL001_soildb_US_2003_[2025-08-26].zip
AL003	https://websoilsurvey.sc.egov.usda.gov/DSD/Download/Cache/SSA/wss_SSA_AL003_soildb_US_2003_[2025-08-31].zip
AL005	https://websoilsurvey.sc.egov.usda.gov/DSD/Download/Cache/SSA/wss_SSA_AL005_soildb_US_2003_[2025-08-31].zip
AL007	https://websoilsurvey.sc.egov.usda.gov/DSD/Download/Cache/SSA/wss_SSA_AL007_soildb_US_2003_[2025-08-31].zip
AL009	https://websoilsurvey.sc.egov.usda.gov/DSD/Download/Cache/SSA/wss_SSA_AL009_soildb_US_2003_[2025-08-31].zip
AL011	https://websoilsurvey.sc.egov.usda.gov/DSD/Download/Cache/SSA/wss_SSA_AL011_soildb_US_2003_[2025-09-04].zip
AL013	https://websoilsurvey.sc.egov.usda.gov/DSD/Download/Cache/SSA/wss_SSA_AL013_soildb_US_2003_[2025-09-04].zip
AL015	https://websoilsurvey.sc.egov.usda.gov/DSD/Download/Cache/SSA/wss_SSA_AL015_soildb_US_2003_[2025-09-09].zip
AL017	https://websoilsurvey.sc.egov.usda.gov/DSD/Download/Cache/SSA/wss_SSA_AL017_soildb_US_2003_[2025-09-09].zip
AL019	https://websoilsurvey.sc.egov.usda.gov/DSD/Download/Cache/SSA/wss_SSA_AL019_soildb_US_2003_[2025-09-09].zip
AL021	https://websoilsurvey.sc.egov.usda.gov/DSD/Download/Cache/SSA/wss_SSA_AL021_soildb_US_2003_[2025-09-09].zip
AL023	https://websoilsurvey.sc.egov.usda.gov/DSD/Download/Cache/SSA/wss_SSA_AL023_soildb_US_2003_[2025-09-09].zip
AL025	https://websoilsurvey.sc.egov.usda.gov/DSD/Download/Cache/SSA/wss_SSA_AL025_soildb_US_2003_[2025-09-09].zip
AL027	https://websoilsurvey.sc.egov.usda.gov/DSD/Download/Cache/SSA/wss_SSA_AL027_soildb_US_2003_[2025-09-09].zip
AL029	https://websoilsurvey.sc.egov.usda.gov/DSD/Download/Cache/SSA/wss_SSA_AL029_soildb_US_2003_[2025-09-09].zip
AL031	https://websoilsurvey.sc.egov.usda.gov/DSD/Download/Cache/SSA/wss_SSA_AL031_soildb_US_2003_[2025-09-09].zip
AL033	https://websoilsurvey.sc.egov.usda.gov/DSD/Download/Cache/SSA/wss_SSA_AL033_soildb_US_2003_[2025-09-09].zip
AL035	https://websoilsurvey.sc.egov.usda.gov/DSD/Download/Cache/SSA/wss_SSA_AL035_soildb_US_2003_[2025-09-09].zip
AL037	https://websoilsurvey.sc.egov.usda.gov/DSD/Download/Cache/SSA/wss_SSA_AL037_soildb_US_2003_[2025-09-09].zip
AL039	https://websoilsurvey.sc.egov.usda.gov/DSD/Download/Cache/SSA/wss_SSA_AL039_soildb_US_2003_[2025-09-09].zip
AL041	https://websoilsurvey.sc.egov.usda.gov/DSD/Download/Cache/SSA/wss_SSA_AL041_soildb_US_2003_[2025-09-09].zip
AL043	https://websoilsurvey.sc.egov.usda.gov/DSD/Download/Cache/SSA/wss_SSA_AL043_soildb_US_2003_[2025-09-09].zip
AL045	https://websoilsurvey.sc.egov.usda.gov/DSD/Download/Cache/SSA/wss_SSA_AL045_soildb_US_2003_[2025-09-09].zip
AL047	https://websoilsurvey.sc.egov.usda.gov/DSD/Download/Cache/SSA/wss_SSA_AL047_soildb_US_2003_[2025-09-09].zip
AL049	https://websoilsurvey.sc.egov.usda.gov/DSD/Download/Cache/SSA/wss_SSA_AL049_soildb_US_2003_[2025-09-09].zip
AL051	https://websoilsurvey.sc.egov.usda.gov/DSD/Download/Cache/SSA/wss_SSA_AL051_soildb_US_2003_[2025-09-09].zip
AL053	https://websoilsurvey.sc.egov.usda.gov/DSD/Download/Cache/SSA/wss_SSA_AL053_soildb_US_2003_[2025-09-09].zip
AL055	https://websoilsurvey.sc.egov.usda.gov/DSD/Download/Cache/SSA/wss_SSA_AL055_soildb_US_2003_[2025-09-09].zip
AL057	https://websoilsurvey.sc.egov.usda.gov/DSD/Download/Cache/SSA/wss_SSA_AL057_soildb_US_2003_[2025-09-09].zip
AL059	https://websoilsurvey.sc.egov.usda.gov/DSD/Download/Cache/SSA/wss_SSA_AL059_soildb_US_2003_[2025-09-09].zip
AL061	https://websoilsurvey.sc.egov.usda.gov/DSD/Download/Cache/SSA/wss_SSA_AL061_soildb_US_2003_[2025-09-09].zip
AL063	https://websoilsurvey.sc.egov.usda.gov/DSD/Download/Cache/SSA/wss_SSA_AL063_soildb_US_2003_[2025-09-09].zip
AL065	https://websoilsurvey.sc.egov.usda.gov/DSD/Download/Cache/SSA/wss_SSA_AL065_soildb_US_2003_[2025-09-09].zip
AL067	https://websoilsurvey.sc.egov.usda.gov/DSD/Download/Cache/SSA/wss_SSA_AL067_soildb_US_2003_[2025-09-09].zip
AL069	https://websoilsurvey.sc.egov.usda.gov/DSD/Download/Cache/SSA/wss_SSA_AL069_soildb_US_2003_[2025-09-09].zip
AL071	https://websoilsurvey.sc.egov.usda.gov/DSD/Download/Cache/SSA/wss_SSA_AL071_soildb_US_2003_[2025-09-09].zip
AL073	https://websoilsurvey.sc.egov.usda.gov/DSD/Download/Cache/SSA/wss_SSA_AL073_soildb_US_2003_[2025-09-10].zip
AL075	https://websoilsurvey.sc.egov.usda.gov/DSD/Download/Cache/SSA/wss_SSA_AL075_soildb_US_2003_[2025-09-09].zip
AL077	https://websoilsurvey.sc.egov.usda.gov/DSD/Download/Cache/SSA/wss_SSA_AL077_soildb_US_2003_[2025-09-09].zip
AL079	https://websoilsurvey.sc.egov.usda.gov/DSD/Download/Cache/SSA/wss_SSA_AL079_soildb_US_2003_[2025-09-09].zip
AL081	https://websoilsurvey.sc.egov.usda.gov/DSD/Download/Cache/SSA/wss_SSA_AL081_soildb_US_2003_[2025-09-10].zip
AL083	https://websoilsurvey.sc.egov.usda.gov/DSD/Download/Cache/SSA/wss_SSA_AL083_soildb_US_2003_[2025-09-09].zip
AL085	https://websoilsurvey.sc.egov.usda.gov/DSD/Download/Cache/SSA/wss_SSA_AL085_soildb_US_2003_[2025-09-10].zip
AL087	https://websoilsurvey.sc.egov.usda.gov/DSD/Download/Cache/SSA/wss_SSA_AL087_soildb_US_2003_[2025-09-09].zip
AL089	https://websoilsurvey.sc.egov.usda.gov/DSD/Download/Cache/SSA/wss_SSA_AL089_soildb_US_2003_[2025-09-09].zip
AL091	https://websoilsurvey.sc.egov.usda.gov/DSD/Download/Cache/SSA/wss_SSA_AL091_soildb_US_2003_[2025-09-10].zip
AL093	https://websoilsurvey.sc.egov.usda.gov/DSD/Download/Cache/SSA/wss_SSA_AL093_soildb_US_2003_[2025-09-10].zip
AL095	https://websoilsurvey.sc.egov.usda.gov/DSD/Download/Cache/SSA/wss_SSA_AL095_soildb_US_2003_[2025-09-10].zip
AL097	https://websoilsurvey.sc.egov.usda.gov/DSD/Download/Cache/SSA/wss_SSA_AL097_soildb_US_2003_[2025-09-10].zip
AL099	https://websoilsurvey.sc.egov.usda.gov/DSD/Download/Cache/SSA/wss_SSA_AL099_soildb_US_2003_[2025-09-10].zip
AL101	https://websoilsurvey.sc.egov.usda.gov/DSD/Download/Cache/SSA/wss_SSA_AL101_soildb_US_2003_[2025-09-10].zip
AL103	https://websoilsurvey.sc.egov.usda.gov/DSD/Download/Cache/SSA/wss_SSA_AL103_soildb_US_2003_[2025-09-10].zip
AL105	https://websoilsurvey.sc.egov.usda.gov/DSD/Download/Cache/SSA/wss_SSA_AL105_soildb_US_2003_[2025-09-10].zip
AL107	https://websoilsurvey.sc.egov.usda.gov/DSD/Download/Cache/SSA/wss_SSA_AL107_soildb_US_2003_[2025-09-10].zip
AL109	https://websoilsurvey.sc.egov.usda.gov/DSD/Download/Cache/SSA/wss_SSA_AL109_soildb_US_2003_[2025-09-10].zip
AL111	https://websoilsurvey.sc.egov.usda.gov/DSD/Download/Cache/SSA/wss_SSA_AL111_soildb_US_2003_[2025-09-10].zip
AL113	https://websoilsurvey.sc.egov.usda.gov/DSD/Download/Cache/SSA/wss_SSA_AL113_soildb_US_2003_[2025-09-10].zip
AL115	https://websoilsurvey.sc.egov.usda.gov/DSD/Download/Cache/SSA/wss_SSA_AL115_soildb_US_2003_[2025-09-10].zip
AL117	https://websoilsurvey.sc.egov.usda.gov/DSD/Download/Cache/SSA/wss_SSA_AL117_soildb_US_2003_[2025-09-10].zip
AL119	https://websoilsurvey.sc.egov.usda.gov/DSD/Download/Cache/SSA/wss_SSA_AL119_soildb_US_2003_[2025-09-10].zip
AL121	https://websoilsurvey.sc.egov.usda.gov/DSD/Download/Cache/SSA/wss_SSA_AL121_soildb_US_2003_[2025-09-10].zip
AL123	https://websoilsurvey.sc.egov.usda.gov/DSD/Download/Cache/SSA/wss_SSA_AL123_soildb_US_2003_[2025-09-10].zip
AL125	https://websoilsurvey.sc.egov.usda.gov/DSD/Download/Cache/SSA/wss_SSA_AL125_soildb_US_2003_[2025-09-10].zip
AL127	https://websoilsurvey.sc.egov.usda.gov/DSD/Download/Cache/SSA/wss_SSA_AL127_soildb_US_2003_[2025-09-10].zip
AL129	https://websoilsurvey.sc.egov.usda.gov/DSD/Download/Cache/SSA/wss_SSA_AL129_soildb_US_2003_[2025-09-10].zip
AL131	https://websoilsurvey.sc.egov.usda.gov/DSD/Download/Cache/SSA/wss_SSA_AL131_soildb_US_2003_[2025-09-10].zip
AL133	https://websoilsurvey.sc.egov.usda.gov/DSD/Download/Cache/SSA/wss_SSA_AL133_soildb_US_2003_[2025-09-10].zip
AR001	https://websoilsurvey.sc.egov.usda.gov/DSD/Download/Cache/SSA/wss_SSA_AR001_soildb_US_2003_[2025-09-09].zip
AR003	https://websoilsurvey.sc.egov.usda.gov/DSD/Download/Cache/SSA/wss_SSA_AR003_soildb_US_2003_[2025-09-09].zip
AR005	https://websoilsurvey.sc.egov.usda.gov/DSD/Download/Cache/SSA/wss_SSA_AR005_soildb_US_2003_[2025-09-09].zip
AR007	https://websoilsurvey.sc.egov.usda.gov/DSD/Download/Cache/SSA/wss_SSA_AR007_soildb_US_2003_[2025-09-09].zip
AR009	https://websoilsurvey.sc.egov.usda.gov/DSD/Download/Cache/SSA/wss_SSA_AR009_soildb_US_2003_[2025-09-09].zip
AR011	https://websoilsurvey.sc.egov.usda.gov/DSD/Download/Cache/SSA/wss_SSA_AR011_soildb_US_2003_[2025-09-09].zip
AR015	https://websoilsurvey.sc.egov.usda.gov/DSD/Download/Cache/SSA/wss_SSA_AR015_soildb_US_2003_[2025-09-09].zip
AR017	https://websoilsurvey.sc.egov.usda.gov/DSD/Download/Cache/SSA/wss_SSA_AR017_soildb_US_2003_[2025-09-10].zip
AR019	https://websoilsurvey.sc.egov.usda.gov/DSD/Download/Cache/SSA/wss_SSA_AR019_soildb_US_2003_[2025-09-10].zip
AR021	https://websoilsurvey.sc.egov.usda.gov/DSD/Download/Cache/SSA/wss_SSA_AR021_soildb_US_2003_[2025-09-10].zip
AR023	https://websoilsurvey.sc.egov.usda.gov/DSD/Download/Cache/SSA/wss_SSA_AR023_soildb_US_2003_[2025-09-10].zip
AR025	https://websoilsurvey.sc.egov.usda.gov/DSD/Download/Cache/SSA/wss_SSA_AR025_soildb_US_2003_[2025-09-10].zip
AR027	https://websoilsurvey.sc.egov.usda.gov/DSD/Download/Cache/SSA/wss_SSA_AR027_soildb_US_2003_[2025-09-10].zip
AR029	https://websoilsurvey.sc.egov.usda.gov/DSD/Download/Cache/SSA/wss_SSA_AR029_soildb_US_2003_[2025-09-10].zip
AR031	https://websoilsurvey.sc.egov.usda.gov/DSD/Download/Cache/SSA/wss_SSA_AR031_soildb_US_2003_[2025-09-10].zip
AR033	https://websoilsurvey.sc.egov.usda.gov/DSD/Download/Cache/SSA/wss_SSA_AR033_soildb_US_2003_[2025-09-10].zip
AR035	https://websoilsurvey.sc.egov.usda.gov/DSD/Download/Cache/SSA/wss_SSA_AR035_soildb_US_2003_[2025-09-10].zip
AR037	https://websoilsurvey.sc.egov.usda.gov/DSD/Download/Cache/SSA/wss_SSA_AR037_soildb_US_2003_[2025-09-10].zip
AR041	https://websoilsurvey.sc.egov.usda.gov/DSD/Download/Cache/SSA/wss_SSA_AR041_soildb_US_2003_[2025-09-10].zip
AR043	https://websoilsurvey.sc.egov.usda.gov/DSD/Download/Cache/SSA/wss_SSA_AR043_soildb_US_2003_[2025-09-10].zip
AR045	https://websoilsurvey.sc.egov.usda.gov/DSD/Download/Cache/SSA/wss_SSA_AR045_soildb_US_2003_[2025-09-10].zip
AR047	https://websoilsurvey.sc.egov.usda.gov/DSD/Download/Cache/SSA/wss_SSA_AR047_soildb_US_2003_[2025-09-10].zip
AR049	https://websoilsurvey.sc.egov.usda.gov/DSD/Download/Cache/SSA/wss_SSA_AR049_soildb_US_2003_[2025-09-10].zip
AR051	https://websoilsurvey.sc.egov.usda.gov/DSD/Download/Cache/SSA/wss_SSA_AR051_soildb_US_2003_[2025-09-10].zip
AR053	https://websoilsurvey.sc.egov.usda.gov/DSD/Download/Cache/SSA/wss_SSA_AR053_soildb_US_2003_[2025-09-10].zip
AR055	https://websoilsurvey.sc.egov.usda.gov/DSD/Download/Cache/SSA/wss_SSA_AR055_soildb_US_2003_[2025-09-10].zip
AR057	https://websoilsurvey.sc.egov.usda.gov/DSD/Download/Cache/SSA/wss_SSA_AR057_soildb_US_2003_[2025-09-10].zip
AR059	https://websoilsurvey.sc.egov.usda.gov/DSD/Download/Cache/SSA/wss_SSA_AR059_soildb_US_2003_[2025-09-10].zip
AR061	https://websoilsurvey.sc.egov.usda.gov/DSD/Download/Cache/SSA/wss_SSA_AR061_soildb_US_2003_[2025-09-10].zip
AR063	https://websoilsurvey.sc.egov.usda.gov/DSD/Download/Cache/SSA/wss_SSA_AR063_soildb_US_2003_[2025-09-10].zip
AR065	https://websoilsurvey.sc.egov.usda.gov/DSD/Download/Cache/SSA/wss_SSA_AR065_soildb_US_2003_[2025-09-10].zip
AR067	https://websoilsurvey.sc.egov.usda.gov/DSD/Download/Cache/SSA/wss_SSA_AR067_soildb_US_2003_[2025-09-10].zip
AR071	https://websoilsurvey.sc.egov.usda.gov/DSD/Download/Cache/SSA/wss_SSA_AR071_soildb_US_2003_[2025-09-10].zip
AR075	https://websoilsurvey.sc.egov.usda.gov/DSD/Download/Cache/SSA/wss_SSA_AR075_soildb_US_2003_[2025-09-10].zip
AR077	https://websoilsurvey.sc.egov.usda.gov/DSD/Download/Cache/SSA/wss_SSA_AR077_soildb_US_2003_[2025-09-10].zip
AR083	https://websoilsurvey.sc.egov.usda.gov/DSD/Download/Cache/SSA/wss_SSA_AR083_soildb_US_2003_[2025-09-10].zip
AR087	https://websoilsurvey.sc.egov.usda.gov/DSD/Download/Cache/SSA/wss_SSA_AR087_soildb_US_2003_[2025-09-10].zip
AR089	https://websoilsurvey.sc.egov.usda.gov/DSD/Download/Cache/SSA/wss_SSA_AR089_soildb_US_2003_[2025-09-10].zip
AR093	https://websoilsurvey.sc.egov.usda.gov/DSD/Download/Cache/SSA/wss_SSA_AR093_soildb_US_2003_[2025-09-10].zip
AR095	https://websoilsurvey.sc.egov.usda.gov/DSD/Download/Cache/SSA/wss_SSA_AR095_soildb_US_2003_[2025-09-10].zip
AR097	https://websoilsurvey.sc.egov.usda.gov/DSD/Download/Cache/SSA/wss_SSA_AR097_soildb_US_2003_[2025-09-10].zip
AR099	https://websoilsurvey.sc.egov.usda.gov/DSD/Download/Cache/SSA/wss_SSA_AR099_soildb_US_2003_[2025-09-10].zip
AR101	https://websoilsurvey.sc.egov.usda.gov/DSD/Download/Cache/SSA/wss_SSA_AR101_soildb_US_2003_[2025-09-10].zip
AR103	https://websoilsurvey.sc.egov.usda.gov/DSD/Download/Cache/SSA/wss_SSA_AR103_soildb_US_2003_[2025-09-10].zip
AR105	https://websoilsurvey.sc.egov.usda.gov/DSD/Download/Cache/SSA/wss_SSA_AR105_soildb_US_2003_[2025-09-10].zip
AR107	https://websoilsurvey.sc.egov.usda.gov/DSD/Download/Cache/SSA/wss_SSA_AR107_soildb_US_2003_[2025-09-10].zip
AR109	https://websoilsurvey.sc.egov.usda.gov/DSD/Download/Cache/SSA/wss_SSA_AR109_soildb_US_2003_[2025-09-10].zip
AR111	https://websoilsurvey.sc.egov.usda.gov/DSD/Download/Cache/SSA/wss_SSA_AR111_soildb_US_2003_[2025-09-10].zip
AR113	https://websoilsurvey.sc.egov.usda.gov/DSD/Download/Cache/SSA/wss_SSA_AR113_soildb_US_2003_[2025-09-10].zip
AR115	https://websoilsurvey.sc.egov.usda.gov/DSD/Download/Cache/SSA/wss_SSA_AR115_soildb_US_2003_[2025-09-10].zip
AR119	https://websoilsurvey.sc.egov.usda.gov/DSD/Download/Cache/SSA/wss_SSA_AR119_soildb_US_2003_[2025-09-10].zip
AR121	https://websoilsurvey.sc.egov.usda.gov/DSD/Download/Cache/SSA/wss_SSA_AR121_soildb_US_2003_[2025-09-10].zip
AR123	https://websoilsurvey.sc.egov.usda.gov/DSD/Download/Cache/SSA/wss_SSA_AR123_soildb_US_2003_[2025-09-10].zip
AR125	https://websoilsurvey.sc.egov.usda.gov/DSD/Download/Cache/SSA/wss_SSA_AR125_soildb_US_2003_[2025-09-10].zip
AR127	https://websoilsurvey.sc.egov.usda.gov/DSD/Download/Cache/SSA/wss_SSA_AR127_soildb_US_2003_[2025-09-10].zip
AR129	https://websoilsurvey.sc.egov.usda.gov/DSD/Download/Cache/SSA/wss_SSA_AR129_soildb_US_2003_[2025-09-10].zip
AR131	https://websoilsurvey.sc.egov.usda.gov/DSD/Download/Cache/SSA/wss_SSA_AR131_soildb_US_2003_[2025-09-10].zip
AR133	https://websoilsurvey.sc.egov.usda.gov/DSD/Download/Cache/SSA/wss_SSA_AR133_soildb_US_2003_[2025-09-10].zip
AR135	https://websoilsurvey.sc.egov.usda.gov/DSD/Download/Cache/SSA/wss_SSA_AR135_soildb_US_2003_[2025-09-10].zip
AR137	https://websoilsurvey.sc.egov.usda.gov/DSD/Download/Cache/SSA/wss_SSA_AR137_soildb_US_2003_[2025-09-10].zip
AR139	https://websoilsurvey.sc.egov.usda.gov/DSD/Download/Cache/SSA/wss_SSA_AR139_soildb_US_2003_[2025-09-10].zip
AR141	https://websoilsurvey.sc.egov.usda.gov/DSD/Download/Cache/SSA/wss_SSA_AR141_soildb_US_2003_[2025-09-10].zip
AR143	https://websoilsurvey.sc.egov.usda.gov/DSD/Download/Cache/SSA/wss_SSA_AR143_soildb_US_2003_[2025-09-10].zip
AR145	https://websoilsurvey.sc.egov.usda.gov/DSD/Download/Cache/SSA/wss_SSA_AR145_soildb_US_2003_[2025-09-10].zip
AR147	https://websoilsurvey.sc.egov.usda.gov/DSD/Download/Cache/SSA/wss_SSA_AR147_soildb_US_2003_[2025-09-10].zip
AR149	https://websoilsurvey.sc.egov.usda.gov/DSD/Download/Cache/SSA/wss_SSA_AR149_soildb_US_2003_[2025-09-10].zip
AR620	https://websoilsurvey.sc.egov.usda.gov/DSD/Download/Cache/SSA/wss_SSA_AR620_soildb_US_2003_[2025-09-10].zip
AR660	https://websoilsurvey.sc.egov.usda.gov/DSD/Download/Cache/SSA/wss_SSA_AR660_soildb_US_2003_[2025-09-10].zip
AR670	https://websoilsurvey.sc.egov.usda.gov/DSD/Download/Cache/SSA/wss_SSA_AR670_soildb_US_2003_[2025-09-10].zip
AR680	https://websoilsurvey.sc.egov.usda.gov/DSD/Download/Cache/SSA/wss_SSA_AR680_soildb_US_2003_[2025-09-10].zip
AS630	https://websoilsurvey.sc.egov.usda.gov/DSD/Download/Cache/SSA/wss_SSA_AS630_soildb_US_2003_[2025-09-09].zip
AZ623	https://websoilsurvey.sc.egov.usda.gov/DSD/Download/Cache/SSA/wss_SSA_AZ623_soildb_US_2003_[2025-08-26].zip
AZ625	https://websoilsurvey.sc.egov.usda.gov/DSD/Download/Cache/SSA/wss_SSA_AZ625_soildb_US_2003_[2025-08-26].zip
AZ627	https://websoilsurvey.sc.egov.usda.gov/DSD/Download/Cache/SSA/wss_SSA_AZ627_soildb_US_2003_[2025-08-26].zip
AZ629	https://websoilsurvey.sc.egov.usda.gov/DSD/Download/Cache/SSA/wss_SSA_AZ629_soildb_US_2003_[2025-08-26].zip
AZ631	https://websoilsurvey.sc.egov.usda.gov/DSD/Download/Cache/SSA/wss_SSA_AZ631_soildb_US_2003_[2025-08-26].zip
AZ633	https://websoilsurvey.sc.egov.usda.gov/DSD/Download/Cache/SSA/wss_SSA_AZ633_soildb_US_2003_[2025-08-26].zip
AZ635	https://websoilsurvey.sc.egov.usda.gov/DSD/Download/Cache/SSA/wss_SSA_AZ635_soildb_US_2003_[2025-08-26].zip
AZ637	https://websoilsurvey.sc.egov.usda.gov/DSD/Download/Cache/SSA/wss_SSA_AZ637_soildb_US_2003_[2025-08-26].zip
AZ639	https://websoilsurvey.sc.egov.usda.gov/DSD/Download/Cache/SSA/wss_SSA_AZ639_soildb_US_2003_[2025-08-25].zip
AZ641	https://websoilsurvey.sc.egov.usda.gov/DSD/Download/Cache/SSA/wss_SSA_AZ641_soildb_US_2003_[2025-08-26].zip
AZ643	https://websoilsurvey.sc.egov.usda.gov/DSD/Download/Cache/SSA/wss_SSA_AZ643_soildb_US_2003_[2025-08-28].zip
AZ645	https://websoilsurvey.sc.egov.usda.gov/DSD/Download/Cache/SSA/wss_SSA_AZ645_soildb_US_2003_[2025-08-28].zip
AZ646	https://websoilsurvey.sc.egov.usda.gov/DSD/Download/Cache/SSA/wss_SSA_AZ646_soildb_US_2003_[2025-08-26].zip
AZ647	https://websoilsurvey.sc.egov.usda.gov/DSD/Download/Cache/SSA/wss_SSA_AZ647_soildb_US_2003_[2025-08-26].zip
AZ648	https://websoilsurvey.sc.egov.usda.gov/DSD/Download/Cache/SSA/wss_SSA_AZ648_soildb_US_2003_[2025-08-28].zip
AZ649	https://websoilsurvey.sc.egov.usda.gov/DSD/Download/Cache/SSA/wss_SSA_AZ649_soildb_US_2003_[2025-08-27].zip
AZ651	https://websoilsurvey.sc.egov.usda.gov/DSD/Download/Cache/SSA/wss_SSA_AZ651_soildb_US_2003_[2025-08-27].zip
AZ653	https://websoilsurvey.sc.egov.usda.gov/DSD/Download/Cache/SSA/wss_SSA_AZ653_soildb_US_2003_[2025-08-27].zip
AZ655	https://websoilsurvey.sc.egov.usda.gov/DSD/Download/Cache/SSA/wss_SSA_AZ655_soildb_US_2003_[2025-08-27].zip
AZ656	https://websoilsurvey.sc.egov.usda.gov/DSD/Download/Cache/SSA/wss_SSA_AZ656_soildb_US_2003_[2025-08-27].zip
AZ657	https://websoilsurvey.sc.egov.usda.gov/DSD/Download/Cache/SSA/wss_SSA_AZ657_soildb_US_2003_[2025-08-27].zip
AZ658	https://websoilsurvey.sc.egov.usda.gov/DSD/Download/Cache/SSA/wss_SSA_AZ658_soildb_US_2003_[2025-08-27].zip
AZ659	https://websoilsurvey.sc.egov.usda.gov/DSD/Download/Cache/SSA/wss_SSA_AZ659_soildb_US_2003_[2025-08-27].zip
AZ661	https://websoilsurvey.sc.egov.usda.gov/DSD/Download/Cache/SSA/wss_SSA_AZ661_soildb_US_2003_[2025-08-27].zip
AZ662	https://websoilsurvey.sc.egov.usda.gov/DSD/Download/Cache/SSA/wss_SSA_AZ662_soildb_US_2003_[2025-08-27].zip
AZ663	https://websoilsurvey.sc.egov.usda.gov/DSD/Download/Cache/SSA/wss_SSA_AZ663_soildb_US_2003_[2025-08-27].zip
AZ664	https://websoilsurvey.sc.egov.usda.gov/DSD/Download/Cache/SSA/wss_SSA_AZ664_soildb_US_2003_[2025-08-27].zip
AZ665	https://websoilsurvey.sc.egov.usda.gov/DSD/Download/Cache/SSA/wss_SSA_AZ665_soildb_US_2003_[2025-08-27].zip
AZ666	https://websoilsurvey.sc.egov.usda.gov/DSD/Download/Cache/SSA/wss_SSA_AZ666_soildb_US_2003_[2025-08-27].zip
AZ667	https://websoilsurvey.sc.egov.usda.gov/DSD/Download/Cache/SSA/wss_SSA_AZ667_soildb_US_2003_[2025-08-27].zip
AZ668	https://websoilsurvey.sc.egov.usda.gov/DSD/Download/Cache/SSA/wss_SSA_AZ668_soildb_US_2003_[2025-08-27].zip
AZ669	https://websoilsurvey.sc.egov.usda.gov/DSD/Download/Cache/SSA/wss_SSA_AZ669_soildb_US_2003_[2025-08-27].zip
AZ671	https://websoilsurvey.sc.egov.usda.gov/DSD/Download/Cache/SSA/wss_SSA_AZ671_soildb_US_2003_[2025-08-27].zip
AZ673	https://websoilsurvey.sc.egov.usda.gov/DSD/Download/Cache/SSA/wss_SSA_AZ673_soildb_US_2003_[2025-08-27].zip
AZ675	https://websoilsurvey.sc.egov.usda.gov/DSD/Download/Cache/SSA/wss_SSA_AZ675_soildb_US_2003_[2025-08-27].zip
AZ683	https://websoilsurvey.sc.egov.usda.gov/DSD/Download/Cache/SSA/wss_SSA_AZ683_soildb_US_2003_[2025-08-27].zip
AZ687	https://websoilsurvey.sc.egov.usda.gov/DSD/Download/Cache/SSA/wss_SSA_AZ687_soildb_US_2003_[2025-08-27].zip
AZ691	https://websoilsurvey.sc.egov.usda.gov/DSD/Download/Cache/SSA/wss_SSA_AZ691_soildb_US_2003_[2025-08-27].zip
AZ693	https://websoilsurvey.sc.egov.usda.gov/DSD/Download/Cache/SSA/wss_SSA_AZ693_soildb_US_2003_[2025-08-27].zip
AZ695	https://websoilsurvey.sc.egov.usda.gov/DSD/Download/Cache/SSA/wss_SSA_AZ695_soildb_US_2003_[2025-08-27].zip
AZ697	https://websoilsurvey.sc.egov.usda.gov/DSD/Download/Cache/SSA/wss_SSA_AZ697_soildb_US_2003_[2025-08-27].zip
AZ699	https://websoilsurvey.sc.egov.usda.gov/DSD/Download/Cache/SSA/wss_SSA_AZ699_soildb_US_2003_[2025-08-27].zip
AZ701	https://websoilsurvey.sc.egov.usda.gov/DSD/Download/Cache/SSA/wss_SSA_AZ701_soildb_US_2003_[2025-08-27].zip
AZ703	https://websoilsurvey.sc.egov.usda.gov/DSD/Download/Cache/SSA/wss_SSA_AZ703_soildb_US_2003_[2025-08-27].zip
AZ707	https://websoilsurvey.sc.egov.usda.gov/DSD/Download/Cache/SSA/wss_SSA_AZ707_soildb_US_2003_[2025-08-27].zip
AZ711	https://websoilsurvey.sc.egov.usda.gov/DSD/Download/Cache/SSA/wss_SSA_AZ711_soildb_US_2003_[2025-08-27].zip
AZ712	https://websoilsurvey.sc.egov.usda.gov/DSD/Download/Cache/SSA/wss_SSA_AZ712_soildb_US_2003_[2025-08-27].zip
AZ713	https://websoilsurvey.sc.egov.usda.gov/DSD/Download/Cache/SSA/wss_SSA_AZ713_soildb_US_2003_[2025-08-27].zip
AZ714	https://websoilsurvey.sc.egov.usda.gov/DSD/Download/Cache/SSA/wss_SSA_AZ714_soildb_US_2003_[2025-08-27].zip
AZ715	https://websoilsurvey.sc.egov.usda.gov/DSD/Download/Cache/SSA/wss_SSA_AZ715_soildb_US_2003_[2025-08-27].zip
AZ723	https://websoilsurvey.sc.egov.usda.gov/DSD/Download/Cache/SSA/wss_SSA_AZ723_soildb_US_2003_[2025-08-27].zip
CA011	https://websoilsurvey.sc.egov.usda.gov/DSD/Download/Cache/SSA/wss_SSA_CA011_soildb_US_2003_[2025-09-03].zip
CA013	https://websoilsurvey.sc.egov.usda.gov/DSD/Download/Cache/SSA/wss_SSA_CA013_soildb_US_2003_[2025-09-02].zip
CA021	https://websoilsurvey.sc.egov.usda.gov/DSD/Download/Cache/SSA/wss_SSA_CA021_soildb_US_2003_[2025-09-03].zip
CA031	https://websoilsurvey.sc.egov.usda.gov/DSD/Download/Cache/SSA/wss_SSA_CA031_soildb_US_2003_[2025-09-02].zip
CA033	https://websoilsurvey.sc.egov.usda.gov/DSD/Download/Cache/SSA/wss_SSA_CA033_soildb_US_2003_[2025-09-03].zip
CA041	https://websoilsurvey.sc.egov.usda.gov/DSD/Download/Cache/SSA/wss_SSA_CA041_soildb_US_2003_[2025-08-29].zip
CA053	https://websoilsurvey.sc.egov.usda.gov/DSD/Download/Cache/SSA/wss_SSA_CA053_soildb_US_2003_[2025-09-08].zip
CA055	https://websoilsurvey.sc.egov.usda.gov/DSD/Download/Cache/SSA/wss_SSA_CA055_soildb_US_2003_[2025-09-02].zip
CA067	https://websoilsurvey.sc.egov.usda.gov/DSD/Download/Cache/SSA/wss_SSA_CA067_soildb_US_2003_[2025-09-02].zip
CA069	https://websoilsurvey.sc.egov.usda.gov/DSD/Download/Cache/SSA/wss_SSA_CA069_soildb_US_2003_[2025-08-29].zip
CA077	https://websoilsurvey.sc.egov.usda.gov/DSD/Download/Cache/SSA/wss_SSA_CA077_soildb_US_2003_[2025-09-09].zip
CA087	https://websoilsurvey.sc.egov.usda.gov/DSD/Download/Cache/SSA/wss_SSA_CA087_soildb_US_2003_[2025-09-02].zip
CA095	https://websoilsurvey.sc.egov.usda.gov/DSD/Download/Cache/SSA/wss_SSA_CA095_soildb_US_2003_[2025-09-03].zip
CA097	https://websoilsurvey.sc.egov.usda.gov/DSD/Download/Cache/SSA/wss_SSA_CA097_soildb_US_2003_[2025-09-08].zip
CA101	https://websoilsurvey.sc.egov.usda.gov/DSD/Download/Cache/SSA/wss_SSA_CA101_soildb_US_2003_[2025-09-03].zip
CA113	https://websoilsurvey.sc.egov.usda.gov/DSD/Download/Cache/SSA/wss_SSA_CA113_soildb_US_2003_[2025-09-03].zip
CA600	https://websoilsurvey.sc.egov.usda.gov/DSD/Download/Cache/SSA/wss_SSA_CA600_soildb_US_2003_[2025-09-05].zip
CA601	https://websoilsurvey.sc.egov.usda.gov/DSD/Download/Cache/SSA/wss_SSA_CA601_soildb_US_2003_[2025-09-03].zip
CA602	https://websoilsurvey.sc.egov.usda.gov/DSD/Download/Cache/SSA/wss_SSA_CA602_soildb_US_2003_[2025-09-03].zip
CA603	https://websoilsurvey.sc.egov.usda.gov/DSD/Download/Cache/SSA/wss_SSA_CA603_soildb_US_2003_[2025-09-03].zip
CA604	https://websoilsurvey.sc.egov.usda.gov/DSD/Download/Cache/SSA/wss_SSA_CA604_soildb_US_2003_[2025-09-03].zip
CA605	https://websoilsurvey.sc.egov.usda.gov/DSD/Download/Cache/SSA/wss_SSA_CA605_soildb_US_2003_[2025-09-03].zip
CA606	https://websoilsurvey.sc.egov.usda.gov/DSD/Download/Cache/SSA/wss_SSA_CA606_soildb_US_2003_[2025-09-03].zip
CA607	https://websoilsurvey.sc.egov.usda.gov/DSD/Download/Cache/SSA/wss_SSA_CA607_soildb_US_2003_[2025-09-03].zip
CA608	https://websoilsurvey.sc.egov.usda.gov/DSD/Download/Cache/SSA/wss_SSA_CA608_soildb_US_2003_[2025-09-03].zip
CA609	https://websoilsurvey.sc.egov.usda.gov/DSD/Download/Cache/SSA/wss_SSA_CA609_soildb_US_2003_[2025-09-02].zip
CA610	https://websoilsurvey.sc.egov.usda.gov/DSD/Download/Cache/SSA/wss_SSA_CA610_soildb_US_2003_[2025-08-29].zip
CA612	https://websoilsurvey.sc.egov.usda.gov/DSD/Download/Cache/SSA/wss_SSA_CA612_soildb_US_2003_[2025-09-05].zip
CA614	https://websoilsurvey.sc.egov.usda.gov/DSD/Download/Cache/SSA/wss_SSA_CA614_soildb_US_2003_[2025-09-03].zip
CA618	https://websoilsurvey.sc.egov.usda.gov/DSD/Download/Cache/SSA/wss_SSA_CA618_soildb_US_2003_[2025-09-03].zip
CA619	https://websoilsurvey.sc.egov.usda.gov/DSD/Download/Cache/SSA/wss_SSA_CA619_soildb_US_2003_[2025-09-02].zip
CA620	https://websoilsurvey.sc.egov.usda.gov/DSD/Download/Cache/SSA/wss_SSA_CA620_soildb_US_2003_[2025-09-02].zip
CA624	https://websoilsurvey.sc.egov.usda.gov/DSD/Download/Cache/SSA/wss_SSA_CA624_soildb_US_2003_[2025-09-02].zip
CA628	https://websoilsurvey.sc.egov.usda.gov/DSD/Download/Cache/SSA/wss_SSA_CA628_soildb_US_2003_[2025-09-02].zip
CA630	https://websoilsurvey.sc.egov.usda.gov/DSD/Download/Cache/SSA/wss_SSA_CA630_soildb_US_2003_[2025-09-02].zip
CA632	https://websoilsurvey.sc.egov.usda.gov/DSD/Download/Cache/SSA/wss_SSA_CA632_soildb_US_2003_[2025-09-08].zip
CA637	https://websoilsurvey.sc.egov.usda.gov/DSD/Download/Cache/SSA/wss_SSA_CA637_soildb_US_2003_[2025-09-02].zip
CA638	https://websoilsurvey.sc.egov.usda.gov/DSD/Download/Cache/SSA/wss_SSA_CA638_soildb_US_2003_[2025-09-08].zip
CA641	https://websoilsurvey.sc.egov.usda.gov/DSD/Download/Cache/SSA/wss_SSA_CA641_soildb_US_2003_[2025-08-29].zip
CA642	https://websoilsurvey.sc.egov.usda.gov/DSD/Download/Cache/SSA/wss_SSA_CA642_soildb_US_2003_[2025-09-08].zip
CA644	https://websoilsurvey.sc.egov.usda.gov/DSD/Download/Cache/SSA/wss_SSA_CA644_soildb_US_2003_[2025-09-02].zip
CA645	https://websoilsurvey.sc.egov.usda.gov/DSD/Download/Cache/SSA/wss_SSA_CA645_soildb_US_2003_[2025-09-05].zip
CA646	https://websoilsurvey.sc.egov.usda.gov/DSD/Download/Cache/SSA/wss_SSA_CA646_soildb_US_2003_[2025-08-29].zip
CA647	https://websoilsurvey.sc.egov.usda.gov/DSD/Download/Cache/SSA/wss_SSA_CA647_soildb_US_2003_[2025-09-02].zip
CA648	https://websoilsurvey.sc.egov.usda.gov/DSD/Download/Cache/SSA/wss_SSA_CA648_soildb_US_2003_[2025-09-02].zip
CA649	https://websoilsurvey.sc.egov.usda.gov/DSD/Download/Cache/SSA/wss_SSA_CA649_soildb_US_2003_[2025-09-02].zip
CA651	https://websoilsurvey.sc.egov.usda.gov/DSD/Download/Cache/SSA/wss_SSA_CA651_soildb_US_2003_[2025-09-02].zip
CA653	https://websoilsurvey.sc.egov.usda.gov/DSD/Download/Cache/SSA/wss_SSA_CA653_soildb_US_2003_[2025-09-02].zip
CA654	https://websoilsurvey.sc.egov.usda.gov/DSD/Download/Cache/SSA/wss_SSA_CA654_soildb_US_2003_[2025-09-02].zip
CA659	https://websoilsurvey.sc.egov.usda.gov/DSD/Download/Cache/SSA/wss_SSA_CA659_soildb_US_2003_[2025-09-02].zip
CA660	https://websoilsurvey.sc.egov.usda.gov/DSD/Download/Cache/SSA/wss_SSA_CA660_soildb_US_2003_[2025-09-02].zip
CA663	https://websoilsurvey.sc.egov.usda.gov/DSD/Download/Cache/SSA/wss_SSA_CA663_soildb_US_2003_[2025-09-05].zip
CA664	https://websoilsurvey.sc.egov.usda.gov/DSD/Download/Cache/SSA/wss_SSA_CA664_soildb_US_2003_[2025-09-08].zip
CA665	https://websoilsurvey.sc.egov.usda.gov/DSD/Download/Cache/SSA/wss_SSA_CA665_soildb_US_2003_[2025-09-02].zip
CA666	https://websoilsurvey.sc.egov.usda.gov/DSD/Download/Cache/SSA/wss_SSA_CA666_soildb_US_2003_[2025-09-02].zip
CA667	https://websoilsurvey.sc.egov.usda.gov/DSD/Download/Cache/SSA/wss_SSA_CA667_soildb_US_2003_[2025-08-29].zip
CA668	https://websoilsurvey.sc.egov.usda.gov/DSD/Download/Cache/SSA/wss_SSA_CA668_soildb_US_2003_[2025-09-02].zip
CA669	https://websoilsurvey.sc.egov.usda.gov/DSD/Download/Cache/SSA/wss_SSA_CA669_soildb_US_2003_[2025-09-08].zip
CA670	https://websoilsurvey.sc.egov.usda.gov/DSD/Download/Cache/SSA/wss_SSA_CA670_soildb_US_2003_[2025-09-08].zip
CA671	https://websoilsurvey.sc.egov.usda.gov/DSD/Download/Cache/SSA/wss_SSA_CA671_soildb_US_2003_[2025-09-08].zip
CA672	https://websoilsurvey.sc.egov.usda.gov/DSD/Download/Cache/SSA/wss_SSA_CA672_soildb_US_2003_[2025-09-08].zip
CA673	https://websoilsurvey.sc.egov.usda.gov/DSD/Download/Cache/SSA/wss_SSA_CA673_soildb_US_2003_[2025-09-02].zip
CA674	https://websoilsurvey.sc.egov.usda.gov/DSD/Download/Cache/SSA/wss_SSA_CA674_soildb_US_2003_[2025-09-08].zip
CA675	https://websoilsurvey.sc.egov.usda.gov/DSD/Download/Cache/SSA/wss_SSA_CA675_soildb_US_2003_[2025-09-08].zip
CA676	https://websoilsurvey.sc.egov.usda.gov/DSD/Download/Cache/SSA/wss_SSA_CA676_soildb_US_2003_[2025-09-08].zip
CA677	https://websoilsurvey.sc.egov.usda.gov/DSD/Download/Cache/SSA/wss_SSA_CA677_soildb_US_2003_[2025-09-08].zip
CA678	https://websoilsurvey.sc.egov.usda.gov/DSD/Download/Cache/SSA/wss_SSA_CA678_soildb_US_2003_[2025-09-08].zip
CA679	https://websoilsurvey.sc.egov.usda.gov/DSD/Download/Cache/SSA/wss_SSA_CA679_soildb_US_2003_[2025-09-08].zip
CA680	https://websoilsurvey.sc.egov.usda.gov/DSD/Download/Cache/SSA/wss_SSA_CA680_soildb_US_2003_[2025-09-08].zip
CA681	https://websoilsurvey.sc.egov.usda.gov/DSD/Download/Cache/SSA/wss_SSA_CA681_soildb_US_2003_[2025-09-08].zip
CA682	https://websoilsurvey.sc.egov.usda.gov/DSD/Download/Cache/SSA/wss_SSA_CA682_soildb_US_2003_[2025-09-08].zip
CA683	https://websoilsurvey.sc.egov.usda.gov/DSD/Download/Cache/SSA/wss_SSA_CA683_soildb_US_2003_[2025-09-08].zip
CA684	https://websoilsurvey.sc.egov.usda.gov/DSD/Download/Cache/SSA/wss_SSA_CA684_soildb_US_2003_[2025-09-05].zip
CA685	https://websoilsurvey.sc.egov.usda.gov/DSD/Download/Cache/SSA/wss_SSA_CA685_soildb_US_2003_[2025-09-05].zip
CA686	https://websoilsurvey.sc.egov.usda.gov/DSD/Download/Cache/SSA/wss_SSA_CA686_soildb_US_2003_[2025-09-08].zip
CA687	https://websoilsurvey.sc.egov.usda.gov/DSD/Download/Cache/SSA/wss_SSA_CA687_soildb_US_2003_[2025-09-05].zip
CA688	https://websoilsurvey.sc.egov.usda.gov/DSD/Download/Cache/SSA/wss_SSA_CA688_soildb_US_2003_[2025-09-08].zip
CA689	https://websoilsurvey.sc.egov.usda.gov/DSD/Download/Cache/SSA/wss_SSA_CA689_soildb_US_2003_[2025-08-29].zip
CA691	https://websoilsurvey.sc.egov.usda.gov/DSD/Download/Cache/SSA/wss_SSA_CA691_soildb_US_2003_[2025-09-02].zip
CA692	https://websoilsurvey.sc.egov.usda.gov/DSD/Download/Cache/SSA/wss_SSA_CA692_soildb_US_2003_[2025-09-08].zip
CA693	https://websoilsurvey.sc.egov.usda.gov/DSD/Download/Cache/SSA/wss_SSA_CA693_soildb_US_2003_[2025-09-02].zip
CA694	https://websoilsurvey.sc.egov.usda.gov/DSD/Download/Cache/SSA/wss_SSA_CA694_soildb_US_2003_[2025-09-03].zip
CA695	https://websoilsurvey.sc.egov.usda.gov/DSD/Download/Cache/SSA/wss_SSA_CA695_soildb_US_2003_[2025-09-08].zip
CA696	https://websoilsurvey.sc.egov.usda.gov/DSD/Download/Cache/SSA/wss_SSA_CA696_soildb_US_2003_[2025-09-08].zip
CA697	https://websoilsurvey.sc.egov.usda.gov/DSD/Download/Cache/SSA/wss_SSA_CA697_soildb_US_2003_[2025-09-08].zip
CA698	https://websoilsurvey.sc.egov.usda.gov/DSD/Download/Cache/SSA/wss_SSA_CA698_soildb_US_2003_[2025-09-08].zip
CA699	https://websoilsurvey.sc.egov.usda.gov/DSD/Download/Cache/SSA/wss_SSA_CA699_soildb_US_2003_[2025-09-08].zip
CA701	https://websoilsurvey.sc.egov.usda.gov/DSD/Download/Cache/SSA/wss_SSA_CA701_soildb_US_2003_[2025-09-03].zip
CA702	https://websoilsurvey.sc.egov.usda.gov/DSD/Download/Cache/SSA/wss_SSA_CA702_soildb_US_2003_[2025-09-03].zip
CA703	https://websoilsurvey.sc.egov.usda.gov/DSD/Download/Cache/SSA/wss_SSA_CA703_soildb_US_2003_[2025-09-03].zip
CA704	https://websoilsurvey.sc.egov.usda.gov/DSD/Download/Cache/SSA/wss_SSA_CA704_soildb_US_2003_[2025-09-03].zip
CA707	https://websoilsurvey.sc.egov.usda.gov/DSD/Download/Cache/SSA/wss_SSA_CA707_soildb_US_2003_[2025-09-03].zip
CA708	https://websoilsurvey.sc.egov.usda.gov/DSD/Download/Cache/SSA/wss_SSA_CA708_soildb_US_2003_[2025-09-03].zip
CA709	https://websoilsurvey.sc.egov.usda.gov/DSD/Download/Cache/SSA/wss_SSA_CA709_soildb_US_2003_[2025-09-03].zip
CA713	https://websoilsurvey.sc.egov.usda.gov/DSD/Download/Cache/SSA/wss_SSA_CA713_soildb_US_2003_[2025-09-03].zip
CA719	https://websoilsurvey.sc.egov.usda.gov/DSD/Download/Cache/SSA/wss_SSA_CA719_soildb_US_2003_[2025-09-02].zip
CA724	https://websoilsurvey.sc.egov.usda.gov/DSD/Download/Cache/SSA/wss_SSA_CA724_soildb_US_2003_[2025-09-02].zip
CA729	https://websoilsurvey.sc.egov.usda.gov/DSD/Download/Cache/SSA/wss_SSA_CA729_soildb_US_2003_[2025-09-08].zip
CA731	https://websoilsurvey.sc.egov.usda.gov/DSD/Download/Cache/SSA/wss_SSA_CA731_soildb_US_2003_[2025-09-02].zip
CA732	https://websoilsurvey.sc.egov.usda.gov/DSD/Download/Cache/SSA/wss_SSA_CA732_soildb_US_2003_[2025-09-08].zip
CA740	https://websoilsurvey.sc.egov.usda.gov/DSD/Download/Cache/SSA/wss_SSA_CA740_soildb_US_2003_[2025-09-02].zip
CA750	https://websoilsurvey.sc.egov.usda.gov/DSD/Download/Cache/SSA/wss_SSA_CA750_soildb_US_2003_[2025-09-02].zip
CA760	https://websoilsurvey.sc.egov.usda.gov/DSD/Download/Cache/SSA/wss_SSA_CA760_soildb_US_2003_[2025-09-02].zip
CA763	https://websoilsurvey.sc.egov.usda.gov/DSD/Download/Cache/SSA/wss_SSA_CA763_soildb_US_2003_[2025-09-08].zip
CA772	https://websoilsurvey.sc.egov.usda.gov/DSD/Download/Cache/SSA/wss_SSA_CA772_soildb_US_2003_[2025-09-08].zip
CA776	https://websoilsurvey.sc.egov.usda.gov/DSD/Download/Cache/SSA/wss_SSA_CA776_soildb_US_2003_[2025-09-08].zip
CA777	https://websoilsurvey.sc.egov.usda.gov/DSD/Download/Cache/SSA/wss_SSA_CA777_soildb_US_2003_[2025-09-08].zip
CA788	https://websoilsurvey.sc.egov.usda.gov/DSD/Download/Cache/SSA/wss_SSA_CA788_soildb_US_2003_[2025-09-02].zip
CA789	https://websoilsurvey.sc.egov.usda.gov/DSD/Download/Cache/SSA/wss_SSA_CA789_soildb_US_2003_[2025-09-03].zip
CA790	https://websoilsurvey.sc.egov.usda.gov/DSD/Download/Cache/SSA/wss_SSA_CA790_soildb_US_2003_[2025-09-02].zip
CA792	https://websoilsurvey.sc.egov.usda.gov/DSD/Download/Cache/SSA/wss_SSA_CA792_soildb_US_2003_[2025-09-02].zip
CA793	https://websoilsurvey.sc.egov.usda.gov/DSD/Download/Cache/SSA/wss_SSA_CA793_soildb_US_2003_[2025-09-08].zip
CA794	https://websoilsurvey.sc.egov.usda.gov/DSD/Download/Cache/SSA/wss_SSA_CA794_soildb_US_2003_[2025-09-08].zip
CA795	https://websoilsurvey.sc.egov.usda.gov/DSD/Download/Cache/SSA/wss_SSA_CA795_soildb_US_2003_[2025-09-08].zip
CA796	https://websoilsurvey.sc.egov.usda.gov/DSD/Download/Cache/SSA/wss_SSA_CA796_soildb_US_2003_[2025-09-03].zip
CA802	https://websoilsurvey.sc.egov.usda.gov/DSD/Download/Cache/SSA/wss_SSA_CA802_soildb_US_2003_[2025-09-08].zip
CA803	https://websoilsurvey.sc.egov.usda.gov/DSD/Download/Cache/SSA/wss_SSA_CA803_soildb_US_2003_[2025-09-09].zip
CA804	https://websoilsurvey.sc.egov.usda.gov/DSD/Download/Cache/SSA/wss_SSA_CA804_soildb_US_2003_[2025-09-09].zip
CA805	https://websoilsurvey.sc.egov.usda.gov/DSD/Download/Cache/SSA/wss_SSA_CA805_soildb_US_2003_[2025-09-08].zip
CA806	https://websoilsurvey.sc.egov.usda.gov/DSD/Download/Cache/SSA/wss_SSA_CA806_soildb_US_2003_[2025-09-08].zip
CO001	https://websoilsurvey.sc.egov.usda.gov/DSD/Download/Cache/SSA/wss_SSA_CO001_soildb_US_2003_[2025-08-29].zip
CO005	https://websoilsurvey.sc.egov.usda.gov/DSD/Download/Cache/SSA/wss_SSA_CO005_soildb_US_2003_[2025-08-29].zip
CO009	https://websoilsurvey.sc.egov.usda.gov/DSD/Download/Cache/SSA/wss_SSA_CO009_soildb_US_2003_[2025-08-29].zip
CO011	https://websoilsurvey.sc.egov.usda.gov/DSD/Download/Cache/SSA/wss_SSA_CO011_soildb_US_2003_[2025-08-29].zip
CO017	https://websoilsurvey.sc.egov.usda.gov/DSD/Download/Cache/SSA/wss_SSA_CO017_soildb_US_2003_[2025-08-29].zip
CO023	https://websoilsurvey.sc.egov.usda.gov/DSD/Download/Cache/SSA/wss_SSA_CO023_soildb_US_2003_[2025-08-29].zip
CO025	https://websoilsurvey.sc.egov.usda.gov/DSD/Download/Cache/SSA/wss_SSA_CO025_soildb_US_2003_[2025-08-29].zip
CO031	https://websoilsurvey.sc.egov.usda.gov/DSD/Download/Cache/SSA/wss_SSA_CO031_soildb_US_2003_[2025-08-29].zip
CO061	https://websoilsurvey.sc.egov.usda.gov/DSD/Download/Cache/SSA/wss_SSA_CO061_soildb_US_2003_[2025-08-29].zip
CO063	https://websoilsurvey.sc.egov.usda.gov/DSD/Download/Cache/SSA/wss_SSA_CO063_soildb_US_2003_[2025-08-29].zip
CO073	https://websoilsurvey.sc.egov.usda.gov/DSD/Download/Cache/SSA/wss_SSA_CO073_soildb_US_2003_[2025-08-29].zip
CO075	https://websoilsurvey.sc.egov.usda.gov/DSD/Download/Cache/SSA/wss_SSA_CO075_soildb_US_2003_[2025-08-29].zip
CO087	https://websoilsurvey.sc.egov.usda.gov/DSD/Download/Cache/SSA/wss_SSA_CO087_soildb_US_2003_[2025-09-02].zip
CO089	https://websoilsurvey.sc.egov.usda.gov/DSD/Download/Cache/SSA/wss_SSA_CO089_soildb_US_2003_[2025-08-29].zip
CO095	https://websoilsurvey.sc.egov.usda.gov/DSD/Download/Cache/SSA/wss_SSA_CO095_soildb_US_2003_[2025-08-29].zip
CO099	https://websoilsurvey.sc.egov.usda.gov/DSD/Download/Cache/SSA/wss_SSA_CO099_soildb_US_2003_[2025-08-29].zip
CO115	https://websoilsurvey.sc.egov.usda.gov/DSD/Download/Cache/SSA/wss_SSA_CO115_soildb_US_2003_[2025-08-29].zip
CO121	https://websoilsurvey.sc.egov.usda.gov/DSD/Download/Cache/SSA/wss_SSA_CO121_soildb_US_2003_[2025-08-29].zip
CO125	https://websoilsurvey.sc.egov.usda.gov/DSD/Download/Cache/SSA/wss_SSA_CO125_soildb_US_2003_[2025-08-29].zip
CO617	https://websoilsurvey.sc.egov.usda.gov/DSD/Download/Cache/SSA/wss_SSA_CO617_soildb_US_2003_[2025-08-29].zip
CO618	https://websoilsurvey.sc.egov.usda.gov/DSD/Download/Cache/SSA/wss_SSA_CO618_soildb_US_2003_[2025-08-29].zip
CO622	https://websoilsurvey.sc.egov.usda.gov/DSD/Download/Cache/SSA/wss_SSA_CO622_soildb_US_2003_[2025-08-29].zip
CO623	https://websoilsurvey.sc.egov.usda.gov/DSD/Download/Cache/SSA/wss_SSA_CO623_soildb_US_2003_[2025-08-29].zip
CO624	https://websoilsurvey.sc.egov.usda.gov/DSD/Download/Cache/SSA/wss_SSA_CO624_soildb_US_2003_[2025-08-29].zip
CO625	https://websoilsurvey.sc.egov.usda.gov/DSD/Download/Cache/SSA/wss_SSA_CO625_soildb_US_2003_[2025-08-29].zip
CO626	https://websoilsurvey.sc.egov.usda.gov/DSD/Download/Cache/SSA/wss_SSA_CO626_soildb_US_2003_[2025-08-29].zip
CO627	https://websoilsurvey.sc.egov.usda.gov/DSD/Download/Cache/SSA/wss_SSA_CO627_soildb_US_2003_[2025-08-29].zip
CO628	https://websoilsurvey.sc.egov.usda.gov/DSD/Download/Cache/SSA/wss_SSA_CO628_soildb_US_2003_[2025-08-29].zip
CO630	https://websoilsurvey.sc.egov.usda.gov/DSD/Download/Cache/SSA/wss_SSA_CO630_soildb_US_2003_[2025-08-29].zip
CO631	https://websoilsurvey.sc.egov.usda.gov/DSD/Download/Cache/SSA/wss_SSA_CO631_soildb_US_2003_[2025-08-29].zip
CO632	https://websoilsurvey.sc.egov.usda.gov/DSD/Download/Cache/SSA/wss_SSA_CO632_soildb_US_2003_[2025-08-29].zip
CO633	https://websoilsurvey.sc.egov.usda.gov/DSD/Download/Cache/SSA/wss_SSA_CO633_soildb_US_2003_[2025-08-29].zip
CO634	https://websoilsurvey.sc.egov.usda.gov/DSD/Download/Cache/SSA/wss_SSA_CO634_soildb_US_2003_[2025-08-29].zip
CO635	https://websoilsurvey.sc.egov.usda.gov/DSD/Download/Cache/SSA/wss_SSA_CO635_soildb_US_2003_[2025-08-29].zip
CO636	https://websoilsurvey.sc.egov.usda.gov/DSD/Download/Cache/SSA/wss_SSA_CO636_soildb_US_2003_[2025-08-29].zip
CO637	https://websoilsurvey.sc.egov.usda.gov/DSD/Download/Cache/SSA/wss_SSA_CO637_soildb_US_2003_[2025-08-29].zip
CO638	https://websoilsurvey.sc.egov.usda.gov/DSD/Download/Cache/SSA/wss_SSA_CO638_soildb_US_2003_[2025-08-29].zip
CO640	https://websoilsurvey.sc.egov.usda.gov/DSD/Download/Cache/SSA/wss_SSA_CO640_soildb_US_2003_[2025-08-29].zip
CO641	https://websoilsurvey.sc.egov.usda.gov/DSD/Download/Cache/SSA/wss_SSA_CO641_soildb_US_2003_[2025-08-29].zip
CO642	https://websoilsurvey.sc.egov.usda.gov/DSD/Download/Cache/SSA/wss_SSA_CO642_soildb_US_2003_[2025-08-29].zip
CO643	https://websoilsurvey.sc.egov.usda.gov/DSD/Download/Cache/SSA/wss_SSA_CO643_soildb_US_2003_[2025-09-02].zip
CO644	https://websoilsurvey.sc.egov.usda.gov/DSD/Download/Cache/SSA/wss_SSA_CO644_soildb_US_2003_[2025-08-29].zip
CO645	https://websoilsurvey.sc.egov.usda.gov/DSD/Download/Cache/SSA/wss_SSA_CO645_soildb_US_2003_[2025-08-29].zip
CO646	https://websoilsurvey.sc.egov.usda.gov/DSD/Download/Cache/SSA/wss_SSA_CO646_soildb_US_2003_[2025-08-29].zip
CO647	https://websoilsurvey.sc.egov.usda.gov/DSD/Download/Cache/SSA/wss_SSA_CO647_soildb_US_2003_[2025-08-29].zip
CO648	https://websoilsurvey.sc.egov.usda.gov/DSD/Download/Cache/SSA/wss_SSA_CO648_soildb_US_2003_[2025-08-29].zip
CO649	https://websoilsurvey.sc.egov.usda.gov/DSD/Download/Cache/SSA/wss_SSA_CO649_soildb_US_2003_[2025-08-29].zip
CO650	https://websoilsurvey.sc.egov.usda.gov/DSD/Download/Cache/SSA/wss_SSA_CO650_soildb_US_2003_[2025-08-29].zip
CO651	https://websoilsurvey.sc.egov.usda.gov/DSD/Download/Cache/SSA/wss_SSA_CO651_soildb_US_2003_[2025-08-29].zip
CO653	https://websoilsurvey.sc.egov.usda.gov/DSD/Download/Cache/SSA/wss_SSA_CO653_soildb_US_2003_[2025-08-29].zip
CO654	https://websoilsurvey.sc.egov.usda.gov/DSD/Download/Cache/SSA/wss_SSA_CO654_soildb_US_2003_[2025-08-29].zip
CO655	https://websoilsurvey.sc.egov.usda.gov/DSD/Download/Cache/SSA/wss_SSA_CO655_soildb_US_2003_[2025-08-29].zip
CO657	https://websoilsurvey.sc.egov.usda.gov/DSD/Download/Cache/SSA/wss_SSA_CO657_soildb_US_2003_[2025-09-17].zip
CO658	https://websoilsurvey.sc.egov.usda.gov/DSD/Download/Cache/SSA/wss_SSA_CO658_soildb_US_2003_[2025-08-29].zip
CO660	https://websoilsurvey.sc.egov.usda.gov/DSD/Download/Cache/SSA/wss_SSA_CO660_soildb_US_2003_[2025-08-29].zip
CO661	https://websoilsurvey.sc.egov.usda.gov/DSD/Download/Cache/SSA/wss_SSA_CO661_soildb_US_2003_[2025-08-29].zip
CO662	https://websoilsurvey.sc.egov.usda.gov/DSD/Download/Cache/SSA/wss_SSA_CO662_soildb_US_2003_[2025-09-02].zip
CO663	https://websoilsurvey.sc.egov.usda.gov/DSD/Download/Cache/SSA/wss_SSA_CO663_soildb_US_2003_[2025-08-29].zip
CO664	https://websoilsurvey.sc.egov.usda.gov/DSD/Download/Cache/SSA/wss_SSA_CO664_soildb_US_2003_[2025-08-29].zip
CO666	https://websoilsurvey.sc.egov.usda.gov/DSD/Download/Cache/SSA/wss_SSA_CO666_soildb_US_2003_[2025-08-29].zip
CO668	https://websoilsurvey.sc.egov.usda.gov/DSD/Download/Cache/SSA/wss_SSA_CO668_soildb_US_2003_[2025-08-29].zip
CO669	https://websoilsurvey.sc.egov.usda.gov/DSD/Download/Cache/SSA/wss_SSA_CO669_soildb_US_2003_[2025-08-29].zip
CO670	https://websoilsurvey.sc.egov.usda.gov/DSD/Download/Cache/SSA/wss_SSA_CO670_soildb_US_2003_[2025-08-29].zip
CO671	https://websoilsurvey.sc.egov.usda.gov/DSD/Download/Cache/SSA/wss_SSA_CO671_soildb_US_2003_[2025-08-29].zip
CO672	https://websoilsurvey.sc.egov.usda.gov/DSD/Download/Cache/SSA/wss_SSA_CO672_soildb_US_2003_[2025-08-29].zip
CO674	https://websoilsurvey.sc.egov.usda.gov/DSD/Download/Cache/SSA/wss_SSA_CO674_soildb_US_2003_[2025-08-29].zip
CO675	https://websoilsurvey.sc.egov.usda.gov/DSD/Download/Cache/SSA/wss_SSA_CO675_soildb_US_2003_[2025-08-29].zip
CO676	https://websoilsurvey.sc.egov.usda.gov/DSD/Download/Cache/SSA/wss_SSA_CO676_soildb_US_2003_[2025-08-29].zip
CO677	https://websoilsurvey.sc.egov.usda.gov/DSD/Download/Cache/SSA/wss_SSA_CO677_soildb_US_2003_[2025-08-29].zip
CO679	https://websoilsurvey.sc.egov.usda.gov/DSD/Download/Cache/SSA/wss_SSA_CO679_soildb_US_2003_[2025-08-29].zip
CO680	https://websoilsurvey.sc.egov.usda.gov/DSD/Download/Cache/SSA/wss_SSA_CO680_soildb_US_2003_[2025-09-08].zip
CO682	https://websoilsurvey.sc.egov.usda.gov/DSD/Download/Cache/SSA/wss_SSA_CO682_soildb_US_2003_[2025-09-08].zip
CO683	https://websoilsurvey.sc.egov.usda.gov/DSD/Download/Cache/SSA/wss_SSA_CO683_soildb_US_2003_[2025-08-29].zip
CO684	https://websoilsurvey.sc.egov.usda.gov/DSD/Download/Cache/SSA/wss_SSA_CO684_soildb_US_2003_[2025-08-29].zip
CO685	https://websoilsurvey.sc.egov.usda.gov/DSD/Download/Cache/SSA/wss_SSA_CO685_soildb_US_2003_[2025-09-02].zip
CO686	https://websoilsurvey.sc.egov.usda.gov/DSD/Download/Cache/SSA/wss_SSA_CO686_soildb_US_2003_[2025-09-19].zip
CO690	https://websoilsurvey.sc.egov.usda.gov/DSD/Download/Cache/SSA/wss_SSA_CO690_soildb_US_2003_[2025-08-29].zip
CO692	https://websoilsurvey.sc.egov.usda.gov/DSD/Download/Cache/SSA/wss_SSA_CO692_soildb_US_2003_[2025-08-29].zip
CT601	https://websoilsurvey.sc.egov.usda.gov/DSD/Download/Cache/SSA/wss_SSA_CT601_soildb_US_2003_[2025-09-16].zip
CT602	https://websoilsurvey.sc.egov.usda.gov/DSD/Download/Cache/SSA/wss_SSA_CT602_soildb_US_2003_[2025-09-16].zip
DC001	https://websoilsurvey.sc.egov.usda.gov/DSD/Download/Cache/SSA/wss_SSA_DC001_soildb_US_2003_[2025-09-09].zip
DE001	https://websoilsurvey.sc.egov.usda.gov/DSD/Download/Cache/SSA/wss_SSA_DE001_soildb_US_2003_[2025-09-09].zip
DE003	https://websoilsurvey.sc.egov.usda.gov/DSD/Download/Cache/SSA/wss_SSA_DE003_soildb_US_2003_[2025-09-09].zip
DE005	https://websoilsurvey.sc.egov.usda.gov/DSD/Download/Cache/SSA/wss_SSA_DE005_soildb_US_2003_[2025-09-09].zip
FL001	https://websoilsurvey.sc.egov.usda.gov/DSD/Download/Cache/SSA/wss_SSA_FL001_soildb_US_2003_[2025-08-28].zip
FL003	https://websoilsurvey.sc.egov.usda.gov/DSD/Download/Cache/SSA/wss_SSA_FL003_soildb_US_2003_[2025-08-28].zip
FL005	https://websoilsurvey.sc.egov.usda.gov/DSD/Download/Cache/SSA/wss_SSA_FL005_soildb_US_2003_[2025-08-27].zip
FL007	https://websoilsurvey.sc.egov.usda.gov/DSD/Download/Cache/SSA/wss_SSA_FL007_soildb_US_2003_[2025-09-02].zip
FL009	https://websoilsurvey.sc.egov.usda.gov/DSD/Download/Cache/SSA/wss_SSA_FL009_soildb_US_2003_[2025-09-02].zip
FL013	https://websoilsurvey.sc.egov.usda.gov/DSD/Download/Cache/SSA/wss_SSA_FL013_soildb_US_2003_[2025-08-27].zip
FL015	https://websoilsurvey.sc.egov.usda.gov/DSD/Download/Cache/SSA/wss_SSA_FL015_soildb_US_2003_[2025-08-28].zip
FL017	https://websoilsurvey.sc.egov.usda.gov/DSD/Download/Cache/SSA/wss_SSA_FL017_soildb_US_2003_[2025-08-28].zip
FL019	https://websoilsurvey.sc.egov.usda.gov/DSD/Download/Cache/SSA/wss_SSA_FL019_soildb_US_2003_[2025-09-02].zip
FL023	https://websoilsurvey.sc.egov.usda.gov/DSD/Download/Cache/SSA/wss_SSA_FL023_soildb_US_2003_[2025-08-27].zip
FL027	https://websoilsurvey.sc.egov.usda.gov/DSD/Download/Cache/SSA/wss_SSA_FL027_soildb_US_2003_[2025-08-28].zip
FL029	https://websoilsurvey.sc.egov.usda.gov/DSD/Download/Cache/SSA/wss_SSA_FL029_soildb_US_2003_[2025-08-27].zip
FL031	https://websoilsurvey.sc.egov.usda.gov/DSD/Download/Cache/SSA/wss_SSA_FL031_soildb_US_2003_[2025-08-28].zip
FL033	https://websoilsurvey.sc.egov.usda.gov/DSD/Download/Cache/SSA/wss_SSA_FL033_soildb_US_2003_[2025-08-27].zip
FL035	https://websoilsurvey.sc.egov.usda.gov/DSD/Download/Cache/SSA/wss_SSA_FL035_soildb_US_2003_[2025-08-28].zip
FL037	https://websoilsurvey.sc.egov.usda.gov/DSD/Download/Cache/SSA/wss_SSA_FL037_soildb_US_2003_[2025-08-27].zip
FL039	https://websoilsurvey.sc.egov.usda.gov/DSD/Download/Cache/SSA/wss_SSA_FL039_soildb_US_2003_[2025-08-27].zip
FL041	https://websoilsurvey.sc.egov.usda.gov/DSD/Download/Cache/SSA/wss_SSA_FL041_soildb_US_2003_[2025-08-28].zip
FL043	https://websoilsurvey.sc.egov.usda.gov/DSD/Download/Cache/SSA/wss_SSA_FL043_soildb_US_2003_[2025-08-28].zip
FL045	https://websoilsurvey.sc.egov.usda.gov/DSD/Download/Cache/SSA/wss_SSA_FL045_soildb_US_2003_[2025-08-27].zip
FL047	https://websoilsurvey.sc.egov.usda.gov/DSD/Download/Cache/SSA/wss_SSA_FL047_soildb_US_2003_[2025-08-27].zip
FL049	https://websoilsurvey.sc.egov.usda.gov/DSD/Download/Cache/SSA/wss_SSA_FL049_soildb_US_2003_[2025-08-28].zip
FL051	https://websoilsurvey.sc.egov.usda.gov/DSD/Download/Cache/SSA/wss_SSA_FL051_soildb_US_2003_[2025-08-29].zip
FL053	https://websoilsurvey.sc.egov.usda.gov/DSD/Download/Cache/SSA/wss_SSA_FL053_soildb_US_2003_[2025-08-28].zip
FL055	https://websoilsurvey.sc.egov.usda.gov/DSD/Download/Cache/SSA/wss_SSA_FL055_soildb_US_2003_[2025-08-28].zip
FL057	https://websoilsurvey.sc.egov.usda.gov/DSD/Download/Cache/SSA/wss_SSA_FL057_soildb_US_2003_[2025-08-28].zip
FL059	https://websoilsurvey.sc.egov.usda.gov/DSD/Download/Cache/SSA/wss_SSA_FL059_soildb_US_2003_[2025-08-27].zip
FL061	https://websoilsurvey.sc.egov.usda.gov/DSD/Download/Cache/SSA/wss_SSA_FL061_soildb_US_2003_[2025-08-28].zip
FL063	https://websoilsurvey.sc.egov.usda.gov/DSD/Download/Cache/SSA/wss_SSA_FL063_soildb_US_2003_[2025-08-27].zip
FL065	https://websoilsurvey.sc.egov.usda.gov/DSD/Download/Cache/SSA/wss_SSA_FL065_soildb_US_2003_[2025-08-27].zip
FL067	https://websoilsurvey.sc.egov.usda.gov/DSD/Download/Cache/SSA/wss_SSA_FL067_soildb_US_2003_[2025-08-27].zip
FL071	https://websoilsurvey.sc.egov.usda.gov/DSD/Download/Cache/SSA/wss_SSA_FL071_soildb_US_2003_[2025-08-29].zip
FL073	https://websoilsurvey.sc.egov.usda.gov/DSD/Download/Cache/SSA/wss_SSA_FL073_soildb_US_2003_[2025-08-27].zip
FL075	https://websoilsurvey.sc.egov.usda.gov/DSD/Download/Cache/SSA/wss_SSA_FL075_soildb_US_2003_[2025-08-28].zip
FL077	https://websoilsurvey.sc.egov.usda.gov/DSD/Download/Cache/SSA/wss_SSA_FL077_soildb_US_2003_[2025-08-27].zip
FL079	https://websoilsurvey.sc.egov.usda.gov/DSD/Download/Cache/SSA/wss_SSA_FL079_soildb_US_2003_[2025-08-27].zip
FL081	https://websoilsurvey.sc.egov.usda.gov/DSD/Download/Cache/SSA/wss_SSA_FL081_soildb_US_2003_[2025-08-28].zip
FL085	https://websoilsurvey.sc.egov.usda.gov/DSD/Download/Cache/SSA/wss_SSA_FL085_soildb_US_2003_[2025-08-29].zip
FL089	https://websoilsurvey.sc.egov.usda.gov/DSD/Download/Cache/SSA/wss_SSA_FL089_soildb_US_2003_[2025-09-02].zip
FL091	https://websoilsurvey.sc.egov.usda.gov/DSD/Download/Cache/SSA/wss_SSA_FL091_soildb_US_2003_[2025-08-27].zip
FL093	https://websoilsurvey.sc.egov.usda.gov/DSD/Download/Cache/SSA/wss_SSA_FL093_soildb_US_2003_[2025-08-28].zip
FL095	https://websoilsurvey.sc.egov.usda.gov/DSD/Download/Cache/SSA/wss_SSA_FL095_soildb_US_2003_[2025-09-02].zip
FL097	https://websoilsurvey.sc.egov.usda.gov/DSD/Download/Cache/SSA/wss_SSA_FL097_soildb_US_2003_[2025-08-28].zip
FL101	https://websoilsurvey.sc.egov.usda.gov/DSD/Download/Cache/SSA/wss_SSA_FL101_soildb_US_2003_[2025-08-29].zip
FL103	https://websoilsurvey.sc.egov.usda.gov/DSD/Download/Cache/SSA/wss_SSA_FL103_soildb_US_2003_[2025-08-29].zip
FL105	https://websoilsurvey.sc.egov.usda.gov/DSD/Download/Cache/SSA/wss_SSA_FL105_soildb_US_2003_[2025-08-29].zip
FL107	https://websoilsurvey.sc.egov.usda.gov/DSD/Download/Cache/SSA/wss_SSA_FL107_soildb_US_2003_[2025-08-28].zip
FL109	https://websoilsurvey.sc.egov.usda.gov/DSD/Download/Cache/SSA/wss_SSA_FL109_soildb_US_2003_[2025-08-28].zip
FL111	https://websoilsurvey.sc.egov.usda.gov/DSD/Download/Cache/SSA/wss_SSA_FL111_soildb_US_2003_[2025-08-29].zip
FL113	https://websoilsurvey.sc.egov.usda.gov/DSD/Download/Cache/SSA/wss_SSA_FL113_soildb_US_2003_[2025-08-27].zip
FL115	https://websoilsurvey.sc.egov.usda.gov/DSD/Download/Cache/SSA/wss_SSA_FL115_soildb_US_2003_[2025-08-29].zip
FL117	https://websoilsurvey.sc.egov.usda.gov/DSD/Download/Cache/SSA/wss_SSA_FL117_soildb_US_2003_[2025-08-28].zip
FL119	https://websoilsurvey.sc.egov.usda.gov/DSD/Download/Cache/SSA/wss_SSA_FL119_soildb_US_2003_[2025-08-28].zip
FL121	https://websoilsurvey.sc.egov.usda.gov/DSD/Download/Cache/SSA/wss_SSA_FL121_soildb_US_2003_[2025-08-27].zip
FL123	https://websoilsurvey.sc.egov.usda.gov/DSD/Download/Cache/SSA/wss_SSA_FL123_soildb_US_2003_[2025-08-27].zip
FL125	https://websoilsurvey.sc.egov.usda.gov/DSD/Download/Cache/SSA/wss_SSA_FL125_soildb_US_2003_[2025-08-28].zip
FL127	https://websoilsurvey.sc.egov.usda.gov/DSD/Download/Cache/SSA/wss_SSA_FL127_soildb_US_2003_[2025-08-28].zip
FL129	https://websoilsurvey.sc.egov.usda.gov/DSD/Download/Cache/SSA/wss_SSA_FL129_soildb_US_2003_[2025-08-27].zip
FL131	https://websoilsurvey.sc.egov.usda.gov/DSD/Download/Cache/SSA/wss_SSA_FL131_soildb_US_2003_[2025-08-27].zip
FL133	https://websoilsurvey.sc.egov.usda.gov/DSD/Download/Cache/SSA/wss_SSA_FL133_soildb_US_2003_[2025-08-27].zip
FL606	https://websoilsurvey.sc.egov.usda.gov/DSD/Download/Cache/SSA/wss_SSA_FL606_soildb_US_2003_[2025-08-29].zip
FL607	https://websoilsurvey.sc.egov.usda.gov/DSD/Download/Cache/SSA/wss_SSA_FL607_soildb_US_2003_[2025-08-28].zip
FL608	https://websoilsurvey.sc.egov.usda.gov/DSD/Download/Cache/SSA/wss_SSA_FL608_soildb_US_2003_[2025-08-28].zip
FL609	https://websoilsurvey.sc.egov.usda.gov/DSD/Download/Cache/SSA/wss_SSA_FL609_soildb_US_2003_[2025-08-28].zip
FL611	https://websoilsurvey.sc.egov.usda.gov/DSD/Download/Cache/SSA/wss_SSA_FL611_soildb_US_2003_[2025-08-29].zip
FL615	https://websoilsurvey.sc.egov.usda.gov/DSD/Download/Cache/SSA/wss_SSA_FL615_soildb_US_2003_[2025-09-02].zip
FL616	https://websoilsurvey.sc.egov.usda.gov/DSD/Download/Cache/SSA/wss_SSA_FL616_soildb_US_2003_[2025-09-02].zip
FL618	https://websoilsurvey.sc.egov.usda.gov/DSD/Download/Cache/SSA/wss_SSA_FL618_soildb_US_2003_[2025-09-02].zip
FL621	https://websoilsurvey.sc.egov.usda.gov/DSD/Download/Cache/SSA/wss_SSA_FL621_soildb_US_2003_[2025-08-29].zip
FL622	https://websoilsurvey.sc.egov.usda.gov/DSD/Download/Cache/SSA/wss_SSA_FL622_soildb_US_2003_[2025-09-02].zip
FL623	https://websoilsurvey.sc.egov.usda.gov/DSD/Download/Cache/SSA/wss_SSA_FL623_soildb_US_2003_[2025-09-02].zip
FL624	https://websoilsurvey.sc.egov.usda.gov/DSD/Download/Cache/SSA/wss_SSA_FL624_soildb_US_2003_[2025-09-02].zip
FL686	https://websoilsurvey.sc.egov.usda.gov/DSD/Download/Cache/SSA/wss_SSA_FL686_soildb_US_2003_[2025-08-29].zip
FL687	https://websoilsurvey.sc.egov.usda.gov/DSD/Download/Cache/SSA/wss_SSA_FL687_soildb_US_2003_[2025-08-29].zip
FM931	https://websoilsurvey.sc.egov.usda.gov/DSD/Download/Cache/SSA/wss_SSA_FM931_soildb_US_2003_[2025-09-09].zip
FM932	https://websoilsurvey.sc.egov.usda.gov/DSD/Download/Cache/SSA/wss_SSA_FM932_soildb_US_2003_[2025-09-09].zip
FM933	https://websoilsurvey.sc.egov.usda.gov/DSD/Download/Cache/SSA/wss_SSA_FM933_soildb_US_2003_[2025-09-09].zip
FM934	https://websoilsurvey.sc.egov.usda.gov/DSD/Download/Cache/SSA/wss_SSA_FM934_soildb_US_2003_[2025-09-09].zip
GA015	https://websoilsurvey.sc.egov.usda.gov/DSD/Download/Cache/SSA/wss_SSA_GA015_soildb_US_2003_[2025-09-02].zip
GA021	https://websoilsurvey.sc.egov.usda.gov/DSD/Download/Cache/SSA/wss_SSA_GA021_soildb_US_2003_[2025-08-29].zip
GA031	https://websoilsurvey.sc.egov.usda.gov/DSD/Download/Cache/SSA/wss_SSA_GA031_soildb_US_2003_[2025-08-27].zip
GA033	https://websoilsurvey.sc.egov.usda.gov/DSD/Download/Cache/SSA/wss_SSA_GA033_soildb_US_2003_[2025-08-27].zip
GA035	https://websoilsurvey.sc.egov.usda.gov/DSD/Download/Cache/SSA/wss_SSA_GA035_soildb_US_2003_[2025-09-02].zip
GA047	https://websoilsurvey.sc.egov.usda.gov/DSD/Download/Cache/SSA/wss_SSA_GA047_soildb_US_2003_[2025-08-27].zip
GA067	https://websoilsurvey.sc.egov.usda.gov/DSD/Download/Cache/SSA/wss_SSA_GA067_soildb_US_2003_[2025-09-02].zip
GA087	https://websoilsurvey.sc.egov.usda.gov/DSD/Download/Cache/SSA/wss_SSA_GA087_soildb_US_2003_[2025-08-27].zip
GA089	https://websoilsurvey.sc.egov.usda.gov/DSD/Download/Cache/SSA/wss_SSA_GA089_soildb_US_2003_[2025-09-02].zip
GA095	https://websoilsurvey.sc.egov.usda.gov/DSD/Download/Cache/SSA/wss_SSA_GA095_soildb_US_2003_[2025-08-27].zip
GA097	https://websoilsurvey.sc.egov.usda.gov/DSD/Download/Cache/SSA/wss_SSA_GA097_soildb_US_2003_[2025-09-02].zip
GA103	https://websoilsurvey.sc.egov.usda.gov/DSD/Download/Cache/SSA/wss_SSA_GA103_soildb_US_2003_[2025-08-29].zip
GA107	https://websoilsurvey.sc.egov.usda.gov/DSD/Download/Cache/SSA/wss_SSA_GA107_soildb_US_2003_[2025-08-27].zip
GA117	https://websoilsurvey.sc.egov.usda.gov/DSD/Download/Cache/SSA/wss_SSA_GA117_soildb_US_2003_[2025-09-02].zip
GA121	https://websoilsurvey.sc.egov.usda.gov/DSD/Download/Cache/SSA/wss_SSA_GA121_soildb_US_2003_[2025-09-02].zip
GA129	https://websoilsurvey.sc.egov.usda.gov/DSD/Download/Cache/SSA/wss_SSA_GA129_soildb_US_2003_[2025-08-27].zip
GA131	https://websoilsurvey.sc.egov.usda.gov/DSD/Download/Cache/SSA/wss_SSA_GA131_soildb_US_2003_[2025-08-27].zip
GA133	https://websoilsurvey.sc.egov.usda.gov/DSD/Download/Cache/SSA/wss_SSA_GA133_soildb_US_2003_[2025-09-02].zip
GA135	https://websoilsurvey.sc.egov.usda.gov/DSD/Download/Cache/SSA/wss_SSA_GA135_soildb_US_2003_[2025-09-02].zip
GA137	https://websoilsurvey.sc.egov.usda.gov/DSD/Download/Cache/SSA/wss_SSA_GA137_soildb_US_2003_[2025-09-02].zip
GA147	https://websoilsurvey.sc.egov.usda.gov/DSD/Download/Cache/SSA/wss_SSA_GA147_soildb_US_2003_[2025-09-02].zip
GA159	https://websoilsurvey.sc.egov.usda.gov/DSD/Download/Cache/SSA/wss_SSA_GA159_soildb_US_2003_[2025-09-02].zip
GA165	https://websoilsurvey.sc.egov.usda.gov/DSD/Download/Cache/SSA/wss_SSA_GA165_soildb_US_2003_[2025-08-27].zip
GA185	https://websoilsurvey.sc.egov.usda.gov/DSD/Download/Cache/SSA/wss_SSA_GA185_soildb_US_2003_[2025-08-27].zip
GA191	https://websoilsurvey.sc.egov.usda.gov/DSD/Download/Cache/SSA/wss_SSA_GA191_soildb_US_2003_[2025-08-29].zip
GA199	https://websoilsurvey.sc.egov.usda.gov/DSD/Download/Cache/SSA/wss_SSA_GA199_soildb_US_2003_[2025-09-02].zip
GA207	https://websoilsurvey.sc.egov.usda.gov/DSD/Download/Cache/SSA/wss_SSA_GA207_soildb_US_2003_[2025-09-02].zip
GA211	https://websoilsurvey.sc.egov.usda.gov/DSD/Download/Cache/SSA/wss_SSA_GA211_soildb_US_2003_[2025-09-02].zip
GA215	https://websoilsurvey.sc.egov.usda.gov/DSD/Download/Cache/SSA/wss_SSA_GA215_soildb_US_2003_[2025-08-29].zip
GA221	https://websoilsurvey.sc.egov.usda.gov/DSD/Download/Cache/SSA/wss_SSA_GA221_soildb_US_2003_[2025-09-02].zip
GA223	https://websoilsurvey.sc.egov.usda.gov/DSD/Download/Cache/SSA/wss_SSA_GA223_soildb_US_2003_[2025-09-02].zip
GA229	https://websoilsurvey.sc.egov.usda.gov/DSD/Download/Cache/SSA/wss_SSA_GA229_soildb_US_2003_[2025-08-29].zip
GA243	https://websoilsurvey.sc.egov.usda.gov/DSD/Download/Cache/SSA/wss_SSA_GA243_soildb_US_2003_[2025-08-27].zip
GA245	https://websoilsurvey.sc.egov.usda.gov/DSD/Download/Cache/SSA/wss_SSA_GA245_soildb_US_2003_[2025-08-29].zip
GA251	https://websoilsurvey.sc.egov.usda.gov/DSD/Download/Cache/SSA/wss_SSA_GA251_soildb_US_2003_[2025-08-28].zip
GA255	https://websoilsurvey.sc.egov.usda.gov/DSD/Download/Cache/SSA/wss_SSA_GA255_soildb_US_2003_[2025-09-02].zip
GA259	https://websoilsurvey.sc.egov.usda.gov/DSD/Download/Cache/SSA/wss_SSA_GA259_soildb_US_2003_[2025-08-28].zip
GA277	https://websoilsurvey.sc.egov.usda.gov/DSD/Download/Cache/SSA/wss_SSA_GA277_soildb_US_2003_[2025-08-28].zip
GA283	https://websoilsurvey.sc.egov.usda.gov/DSD/Download/Cache/SSA/wss_SSA_GA283_soildb_US_2003_[2025-08-28].zip
GA289	https://websoilsurvey.sc.egov.usda.gov/DSD/Download/Cache/SSA/wss_SSA_GA289_soildb_US_2003_[2025-08-28].zip
GA297	https://websoilsurvey.sc.egov.usda.gov/DSD/Download/Cache/SSA/wss_SSA_GA297_soildb_US_2003_[2025-09-05].zip
GA299	https://websoilsurvey.sc.egov.usda.gov/DSD/Download/Cache/SSA/wss_SSA_GA299_soildb_US_2003_[2025-08-29].zip
GA305	https://websoilsurvey.sc.egov.usda.gov/DSD/Download/Cache/SSA/wss_SSA_GA305_soildb_US_2003_[2025-08-29].zip
GA307	https://websoilsurvey.sc.egov.usda.gov/DSD/Download/Cache/SSA/wss_SSA_GA307_soildb_US_2003_[2025-08-28].zip
GA321	https://websoilsurvey.sc.egov.usda.gov/DSD/Download/Cache/SSA/wss_SSA_GA321_soildb_US_2003_[2025-08-28].zip
GA601	https://websoilsurvey.sc.egov.usda.gov/DSD/Download/Cache/SSA/wss_SSA_GA601_soildb_US_2003_[2025-08-29].zip
GA602	https://websoilsurvey.sc.egov.usda.gov/DSD/Download/Cache/SSA/wss_SSA_GA602_soildb_US_2003_[2025-08-28].zip
GA603	https://websoilsurvey.sc.egov.usda.gov/DSD/Download/Cache/SSA/wss_SSA_GA603_soildb_US_2003_[2025-08-28].zip
GA604	https://websoilsurvey.sc.egov.usda.gov/DSD/Download/Cache/SSA/wss_SSA_GA604_soildb_US_2003_[2025-08-29].zip
GA605	https://websoilsurvey.sc.egov.usda.gov/DSD/Download/Cache/SSA/wss_SSA_GA605_soildb_US_2003_[2025-09-05].zip
GA606	https://websoilsurvey.sc.egov.usda.gov/DSD/Download/Cache/SSA/wss_SSA_GA606_soildb_US_2003_[2025-09-05].zip
GA608	https://websoilsurvey.sc.egov.usda.gov/DSD/Download/Cache/SSA/wss_SSA_GA608_soildb_US_2003_[2025-08-28].zip
GA609	https://websoilsurvey.sc.egov.usda.gov/DSD/Download/Cache/SSA/wss_SSA_GA609_soildb_US_2003_[2025-08-29].zip
GA610	https://websoilsurvey.sc.egov.usda.gov/DSD/Download/Cache/SSA/wss_SSA_GA610_soildb_US_2003_[2025-08-28].zip
GA611	https://websoilsurvey.sc.egov.usda.gov/DSD/Download/Cache/SSA/wss_SSA_GA611_soildb_US_2003_[2025-08-29].zip
GA612	https://websoilsurvey.sc.egov.usda.gov/DSD/Download/Cache/SSA/wss_SSA_GA612_soildb_US_2003_[2025-08-28].zip
GA613	https://websoilsurvey.sc.egov.usda.gov/DSD/Download/Cache/SSA/wss_SSA_GA613_soildb_US_2003_[2025-08-29].zip
GA615	https://websoilsurvey.sc.egov.usda.gov/DSD/Download/Cache/SSA/wss_SSA_GA615_soildb_US_2003_[2025-08-28].zip
GA616	https://websoilsurvey.sc.egov.usda.gov/DSD/Download/Cache/SSA/wss_SSA_GA616_soildb_US_2003_[2025-08-29].zip
GA617	https://websoilsurvey.sc.egov.usda.gov/DSD/Download/Cache/SSA/wss_SSA_GA617_soildb_US_2003_[2025-08-28].zip
GA618	https://websoilsurvey.sc.egov.usda.gov/DSD/Download/Cache/SSA/wss_SSA_GA618_soildb_US_2003_[2025-09-05].zip
GA619	https://websoilsurvey.sc.egov.usda.gov/DSD/Download/Cache/SSA/wss_SSA_GA619_soildb_US_2003_[2025-08-27].zip
GA620	https://websoilsurvey.sc.egov.usda.gov/DSD/Download/Cache/SSA/wss_SSA_GA620_soildb_US_2003_[2025-08-29].zip
GA621	https://websoilsurvey.sc.egov.usda.gov/DSD/Download/Cache/SSA/wss_SSA_GA621_soildb_US_2003_[2025-08-27].zip
GA622	https://websoilsurvey.sc.egov.usda.gov/DSD/Download/Cache/SSA/wss_SSA_GA622_soildb_US_2003_[2025-08-27].zip
GA623	https://websoilsurvey.sc.egov.usda.gov/DSD/Download/Cache/SSA/wss_SSA_GA623_soildb_US_2003_[2025-09-05].zip
GA625	https://websoilsurvey.sc.egov.usda.gov/DSD/Download/Cache/SSA/wss_SSA_GA625_soildb_US_2003_[2025-09-05].zip
GA626	https://websoilsurvey.sc.egov.usda.gov/DSD/Download/Cache/SSA/wss_SSA_GA626_soildb_US_2003_[2025-08-29].zip
GA627	https://websoilsurvey.sc.egov.usda.gov/DSD/Download/Cache/SSA/wss_SSA_GA627_soildb_US_2003_[2025-08-28].zip
GA628	https://websoilsurvey.sc.egov.usda.gov/DSD/Download/Cache/SSA/wss_SSA_GA628_soildb_US_2003_[2025-08-29].zip
GA629	https://websoilsurvey.sc.egov.usda.gov/DSD/Download/Cache/SSA/wss_SSA_GA629_soildb_US_2003_[2025-09-05].zip
GA630	https://websoilsurvey.sc.egov.usda.gov/DSD/Download/Cache/SSA/wss_SSA_GA630_soildb_US_2003_[2025-08-29].zip
GA631	https://websoilsurvey.sc.egov.usda.gov/DSD/Download/Cache/SSA/wss_SSA_GA631_soildb_US_2003_[2025-08-28].zip
GA632	https://websoilsurvey.sc.egov.usda.gov/DSD/Download/Cache/SSA/wss_SSA_GA632_soildb_US_2003_[2025-09-05].zip
GA634	https://websoilsurvey.sc.egov.usda.gov/DSD/Download/Cache/SSA/wss_SSA_GA634_soildb_US_2003_[2025-08-28].zip
GA636	https://websoilsurvey.sc.egov.usda.gov/DSD/Download/Cache/SSA/wss_SSA_GA636_soildb_US_2003_[2025-09-05].zip
GA637	https://websoilsurvey.sc.egov.usda.gov/DSD/Download/Cache/SSA/wss_SSA_GA637_soildb_US_2003_[2025-08-27].zip
GA638	https://websoilsurvey.sc.egov.usda.gov/DSD/Download/Cache/SSA/wss_SSA_GA638_soildb_US_2003_[2025-08-28].zip
GA639	https://websoilsurvey.sc.egov.usda.gov/DSD/Download/Cache/SSA/wss_SSA_GA639_soildb_US_2003_[2025-08-29].zip
GA640	https://websoilsurvey.sc.egov.usda.gov/DSD/Download/Cache/SSA/wss_SSA_GA640_soildb_US_2003_[2025-08-28].zip
GA641	https://websoilsurvey.sc.egov.usda.gov/DSD/Download/Cache/SSA/wss_SSA_GA641_soildb_US_2003_[2025-08-28].zip
GA642	https://websoilsurvey.sc.egov.usda.gov/DSD/Download/Cache/SSA/wss_SSA_GA642_soildb_US_2003_[2025-09-05].zip
GA643	https://websoilsurvey.sc.egov.usda.gov/DSD/Download/Cache/SSA/wss_SSA_GA643_soildb_US_2003_[2025-08-28].zip
GA644	https://websoilsurvey.sc.egov.usda.gov/DSD/Download/Cache/SSA/wss_SSA_GA644_soildb_US_2003_[2025-08-29].zip
GA645	https://websoilsurvey.sc.egov.usda.gov/DSD/Download/Cache/SSA/wss_SSA_GA645_soildb_US_2003_[2025-09-05].zip
GA646	https://websoilsurvey.sc.egov.usda.gov/DSD/Download/Cache/SSA/wss_SSA_GA646_soildb_US_2003_[2025-08-28].zip
GA647	https://websoilsurvey.sc.egov.usda.gov/DSD/Download/Cache/SSA/wss_SSA_GA647_soildb_US_2003_[2025-08-28].zip
GA648	https://websoilsurvey.sc.egov.usda.gov/DSD/Download/Cache/SSA/wss_SSA_GA648_soildb_US_2003_[2025-08-27].zip
GA649	https://websoilsurvey.sc.egov.usda.gov/DSD/Download/Cache/SSA/wss_SSA_GA649_soildb_US_2003_[2025-09-05].zip
GA650	https://websoilsurvey.sc.egov.usda.gov/DSD/Download/Cache/SSA/wss_SSA_GA650_soildb_US_2003_[2025-08-28].zip
GA651	https://websoilsurvey.sc.egov.usda.gov/DSD/Download/Cache/SSA/wss_SSA_GA651_soildb_US_2003_[2025-08-27].zip
GA652	https://websoilsurvey.sc.egov.usda.gov/DSD/Download/Cache/SSA/wss_SSA_GA652_soildb_US_2003_[2025-08-28].zip
GA654	https://websoilsurvey.sc.egov.usda.gov/DSD/Download/Cache/SSA/wss_SSA_GA654_soildb_US_2003_[2025-08-28].zip
GA655	https://websoilsurvey.sc.egov.usda.gov/DSD/Download/Cache/SSA/wss_SSA_GA655_soildb_US_2003_[2025-08-29].zip
GA658	https://websoilsurvey.sc.egov.usda.gov/DSD/Download/Cache/SSA/wss_SSA_GA658_soildb_US_2003_[2025-08-28].zip
GU640	https://websoilsurvey.sc.egov.usda.gov/DSD/Download/Cache/SSA/wss_SSA_GU640_soildb_US_2003_[2025-09-09].zip
HI701	https://websoilsurvey.sc.egov.usda.gov/DSD/Download/Cache/SSA/wss_SSA_HI701_soildb_US_2003_[2025-09-09].zip
HI801	https://websoilsurvey.sc.egov.usda.gov/DSD/Download/Cache/SSA/wss_SSA_HI801_soildb_US_2003_[2025-09-09].zip
HI950	https://websoilsurvey.sc.egov.usda.gov/DSD/Download/Cache/SSA/wss_SSA_HI950_soildb_US_2003_[2025-09-09].zip
HI960	https://websoilsurvey.sc.egov.usda.gov/DSD/Download/Cache/SSA/wss_SSA_HI960_soildb_US_2003_[2025-09-09].zip
HI970	https://websoilsurvey.sc.egov.usda.gov/DSD/Download/Cache/SSA/wss_SSA_HI970_soildb_US_2003_[2025-09-09].zip
HI980	https://websoilsurvey.sc.egov.usda.gov/DSD/Download/Cache/SSA/wss_SSA_HI980_soildb_US_2003_[2025-09-09].zip
HI990	https://websoilsurvey.sc.egov.usda.gov/DSD/Download/Cache/SSA/wss_SSA_HI990_soildb_US_2003_[2025-09-09].zip
HI995	https://websoilsurvey.sc.egov.usda.gov/DSD/Download/Cache/SSA/wss_SSA_HI995_soildb_US_2003_[2025-09-09].zip
IA001	https://websoilsurvey.sc.egov.usda.gov/DSD/Download/Cache/SSA/wss_SSA_IA001_soildb_US_2003_[2025-09-05].zip
IA003	https://websoilsurvey.sc.egov.usda.gov/DSD/Download/Cache/SSA/wss_SSA_IA003_soildb_US_2003_[2025-09-05].zip
IA005	https://websoilsurvey.sc.egov.usda.gov/DSD/Download/Cache/SSA/wss_SSA_IA005_soildb_US_2003_[2025-09-05].zip
IA007	https://websoilsurvey.sc.egov.usda.gov/DSD/Download/Cache/SSA/wss_SSA_IA007_soildb_US_2003_[2025-09-05].zip
IA009	https://websoilsurvey.sc.egov.usda.gov/DSD/Download/Cache/SSA/wss_SSA_IA009_soildb_US_2003_[2025-09-05].zip
IA011	https://websoilsurvey.sc.egov.usda.gov/DSD/Download/Cache/SSA/wss_SSA_IA011_soildb_US_2003_[2025-09-08].zip
IA013	https://websoilsurvey.sc.egov.usda.gov/DSD/Download/Cache/SSA/wss_SSA_IA013_soildb_US_2003_[2025-09-08].zip
IA015	https://websoilsurvey.sc.egov.usda.gov/DSD/Download/Cache/SSA/wss_SSA_IA015_soildb_US_2003_[2025-09-08].zip
IA017	https://websoilsurvey.sc.egov.usda.gov/DSD/Download/Cache/SSA/wss_SSA_IA017_soildb_US_2003_[2025-09-08].zip
IA019	https://websoilsurvey.sc.egov.usda.gov/DSD/Download/Cache/SSA/wss_SSA_IA019_soildb_US_2003_[2025-09-08].zip
IA021	https://websoilsurvey.sc.egov.usda.gov/DSD/Download/Cache/SSA/wss_SSA_IA021_soildb_US_2003_[2025-09-08].zip
IA023	https://websoilsurvey.sc.egov.usda.gov/DSD/Download/Cache/SSA/wss_SSA_IA023_soildb_US_2003_[2025-09-08].zip
IA025	https://websoilsurvey.sc.egov.usda.gov/DSD/Download/Cache/SSA/wss_SSA_IA025_soildb_US_2003_[2025-09-08].zip
IA027	https://websoilsurvey.sc.egov.usda.gov/DSD/Download/Cache/SSA/wss_SSA_IA027_soildb_US_2003_[2025-09-08].zip
IA029	https://websoilsurvey.sc.egov.usda.gov/DSD/Download/Cache/SSA/wss_SSA_IA029_soildb_US_2003_[2025-09-08].zip
IA031	https://websoilsurvey.sc.egov.usda.gov/DSD/Download/Cache/SSA/wss_SSA_IA031_soildb_US_2003_[2025-09-09].zip
IA033	https://websoilsurvey.sc.egov.usda.gov/DSD/Download/Cache/SSA/wss_SSA_IA033_soildb_US_2003_[2025-09-09].zip
IA035	https://websoilsurvey.sc.egov.usda.gov/DSD/Download/Cache/SSA/wss_SSA_IA035_soildb_US_2003_[2025-09-08].zip
IA037	https://websoilsurvey.sc.egov.usda.gov/DSD/Download/Cache/SSA/wss_SSA_IA037_soildb_US_2003_[2025-09-08].zip
IA039	https://websoilsurvey.sc.egov.usda.gov/DSD/Download/Cache/SSA/wss_SSA_IA039_soildb_US_2003_[2025-09-08].zip
IA041	https://websoilsurvey.sc.egov.usda.gov/DSD/Download/Cache/SSA/wss_SSA_IA041_soildb_US_2003_[2025-09-08].zip
IA043	https://websoilsurvey.sc.egov.usda.gov/DSD/Download/Cache/SSA/wss_SSA_IA043_soildb_US_2003_[2025-09-08].zip
IA045	https://websoilsurvey.sc.egov.usda.gov/DSD/Download/Cache/SSA/wss_SSA_IA045_soildb_US_2003_[2025-09-09].zip
IA047	https://websoilsurvey.sc.egov.usda.gov/DSD/Download/Cache/SSA/wss_SSA_IA047_soildb_US_2003_[2025-09-08].zip
IA049	https://websoilsurvey.sc.egov.usda.gov/DSD/Download/Cache/SSA/wss_SSA_IA049_soildb_US_2003_[2025-09-08].zip
IA051	https://websoilsurvey.sc.egov.usda.gov/DSD/Download/Cache/SSA/wss_SSA_IA051_soildb_US_2003_[2025-09-08].zip
IA053	https://websoilsurvey.sc.egov.usda.gov/DSD/Download/Cache/SSA/wss_SSA_IA053_soildb_US_2003_[2025-09-08].zip
IA055	https://websoilsurvey.sc.egov.usda.gov/DSD/Download/Cache/SSA/wss_SSA_IA055_soildb_US_2003_[2025-09-08].zip
IA057	https://websoilsurvey.sc.egov.usda.gov/DSD/Download/Cache/SSA/wss_SSA_IA057_soildb_US_2003_[2025-09-08].zip
IA059	https://websoilsurvey.sc.egov.usda.gov/DSD/Download/Cache/SSA/wss_SSA_IA059_soildb_US_2003_[2025-09-08].zip
IA061	https://websoilsurvey.sc.egov.usda.gov/DSD/Download/Cache/SSA/wss_SSA_IA061_soildb_US_2003_[2025-09-08].zip
IA063	https://websoilsurvey.sc.egov.usda.gov/DSD/Download/Cache/SSA/wss_SSA_IA063_soildb_US_2003_[2025-09-08].zip
IA065	https://websoilsurvey.sc.egov.usda.gov/DSD/Download/Cache/SSA/wss_SSA_IA065_soildb_US_2003_[2025-09-08].zip
IA067	https://websoilsurvey.sc.egov.usda.gov/DSD/Download/Cache/SSA/wss_SSA_IA067_soildb_US_2003_[2025-09-08].zip
IA069	https://websoilsurvey.sc.egov.usda.gov/DSD/Download/Cache/SSA/wss_SSA_IA069_soildb_US_2003_[2025-09-08].zip
IA071	https://websoilsurvey.sc.egov.usda.gov/DSD/Download/Cache/SSA/wss_SSA_IA071_soildb_US_2003_[2025-09-08].zip
IA073	https://websoilsurvey.sc.egov.usda.gov/DSD/Download/Cache/SSA/wss_SSA_IA073_soildb_US_2003_[2025-09-08].zip
IA075	https://websoilsurvey.sc.egov.usda.gov/DSD/Download/Cache/SSA/wss_SSA_IA075_soildb_US_2003_[2025-09-08].zip
IA077	https://websoilsurvey.sc.egov.usda.gov/DSD/Download/Cache/SSA/wss_SSA_IA077_soildb_US_2003_[2025-09-08].zip
IA079	https://websoilsurvey.sc.egov.usda.gov/DSD/Download/Cache/SSA/wss_SSA_IA079_soildb_US_2003_[2025-09-08].zip
IA081	https://websoilsurvey.sc.egov.usda.gov/DSD/Download/Cache/SSA/wss_SSA_IA081_soildb_US_2003_[2025-09-08].zip
IA083	https://websoilsurvey.sc.egov.usda.gov/DSD/Download/Cache/SSA/wss_SSA_IA083_soildb_US_2003_[2025-09-08].zip
IA085	https://websoilsurvey.sc.egov.usda.gov/DSD/Download/Cache/SSA/wss_SSA_IA085_soildb_US_2003_[2025-09-08].zip
IA087	https://websoilsurvey.sc.egov.usda.gov/DSD/Download/Cache/SSA/wss_SSA_IA087_soildb_US_2003_[2025-09-08].zip
IA089	https://websoilsurvey.sc.egov.usda.gov/DSD/Download/Cache/SSA/wss_SSA_IA089_soildb_US_2003_[2025-09-08].zip
IA091	https://websoilsurvey.sc.egov.usda.gov/DSD/Download/Cache/SSA/wss_SSA_IA091_soildb_US_2003_[2025-09-08].zip
IA093	https://websoilsurvey.sc.egov.usda.gov/DSD/Download/Cache/SSA/wss_SSA_IA093_soildb_US_2003_[2025-09-08].zip
IA095	https://websoilsurvey.sc.egov.usda.gov/DSD/Download/Cache/SSA/wss_SSA_IA095_soildb_US_2003_[2025-09-09].zip
IA097	https://websoilsurvey.sc.egov.usda.gov/DSD/Download/Cache/SSA/wss_SSA_IA097_soildb_US_2003_[2025-09-09].zip
IA099	https://websoilsurvey.sc.egov.usda.gov/DSD/Download/Cache/SSA/wss_SSA_IA099_soildb_US_2003_[2025-09-08].zip
IA101	https://websoilsurvey.sc.egov.usda.gov/DSD/Download/Cache/SSA/wss_SSA_IA101_soildb_US_2003_[2025-09-08].zip
IA103	https://websoilsurvey.sc.egov.usda.gov/DSD/Download/Cache/SSA/wss_SSA_IA103_soildb_US_2003_[2025-09-08].zip
IA105	https://websoilsurvey.sc.egov.usda.gov/DSD/Download/Cache/SSA/wss_SSA_IA105_soildb_US_2003_[2025-09-09].zip
IA107	https://websoilsurvey.sc.egov.usda.gov/DSD/Download/Cache/SSA/wss_SSA_IA107_soildb_US_2003_[2025-09-09].zip
IA109	https://websoilsurvey.sc.egov.usda.gov/DSD/Download/Cache/SSA/wss_SSA_IA109_soildb_US_2003_[2025-09-08].zip
IA111	https://websoilsurvey.sc.egov.usda.gov/DSD/Download/Cache/SSA/wss_SSA_IA111_soildb_US_2003_[2025-09-08].zip
IA113	https://websoilsurvey.sc.egov.usda.gov/DSD/Download/Cache/SSA/wss_SSA_IA113_soildb_US_2003_[2025-09-08].zip
IA115	https://websoilsurvey.sc.egov.usda.gov/DSD/Download/Cache/SSA/wss_SSA_IA115_soildb_US_2003_[2025-09-08].zip
IA117	https://websoilsurvey.sc.egov.usda.gov/DSD/Download/Cache/SSA/wss_SSA_IA117_soildb_US_2003_[2025-09-08].zip
IA119	https://websoilsurvey.sc.egov.usda.gov/DSD/Download/Cache/SSA/wss_SSA_IA119_soildb_US_2003_[2025-09-08].zip
IA121	https://websoilsurvey.sc.egov.usda.gov/DSD/Download/Cache/SSA/wss_SSA_IA121_soildb_US_2003_[2025-09-08].zip
IA123	https://websoilsurvey.sc.egov.usda.gov/DSD/Download/Cache/SSA/wss_SSA_IA123_soildb_US_2003_[2025-09-08].zip
IA125	https://websoilsurvey.sc.egov.usda.gov/DSD/Download/Cache/SSA/wss_SSA_IA125_soildb_US_2003_[2025-09-08].zip
IA127	https://websoilsurvey.sc.egov.usda.gov/DSD/Download/Cache/SSA/wss_SSA_IA127_soildb_US_2003_[2025-09-08].zip
IA129	https://websoilsurvey.sc.egov.usda.gov/DSD/Download/Cache/SSA/wss_SSA_IA129_soildb_US_2003_[2025-09-08].zip
IA131	https://websoilsurvey.sc.egov.usda.gov/DSD/Download/Cache/SSA/wss_SSA_IA131_soildb_US_2003_[2025-09-08].zip
IA133	https://websoilsurvey.sc.egov.usda.gov/DSD/Download/Cache/SSA/wss_SSA_IA133_soildb_US_2003_[2025-09-09].zip
IA135	https://websoilsurvey.sc.egov.usda.gov/DSD/Download/Cache/SSA/wss_SSA_IA135_soildb_US_2003_[2025-09-09].zip
IA137	https://websoilsurvey.sc.egov.usda.gov/DSD/Download/Cache/SSA/wss_SSA_IA137_soildb_US_2003_[2025-09-09].zip
IA139	https://websoilsurvey.sc.egov.usda.gov/DSD/Download/Cache/SSA/wss_SSA_IA139_soildb_US_2003_[2025-09-09].zip
IA141	https://websoilsurvey.sc.egov.usda.gov/DSD/Download/Cache/SSA/wss_SSA_IA141_soildb_US_2003_[2025-09-09].zip
IA143	https://websoilsurvey.sc.egov.usda.gov/DSD/Download/Cache/SSA/wss_SSA_IA143_soildb_US_2003_[2025-09-09].zip
IA145	https://websoilsurvey.sc.egov.usda.gov/DSD/Download/Cache/SSA/wss_SSA_IA145_soildb_US_2003_[2025-09-09].zip
IA147	https://websoilsurvey.sc.egov.usda.gov/DSD/Download/Cache/SSA/wss_SSA_IA147_soildb_US_2003_[2025-09-09].zip
IA149	https://websoilsurvey.sc.egov.usda.gov/DSD/Download/Cache/SSA/wss_SSA_IA149_soildb_US_2003_[2025-09-09].zip
IA151	https://websoilsurvey.sc.egov.usda.gov/DSD/Download/Cache/SSA/wss_SSA_IA151_soildb_US_2003_[2025-09-09].zip
IA153	https://websoilsurvey.sc.egov.usda.gov/DSD/Download/Cache/SSA/wss_SSA_IA153_soildb_US_2003_[2025-09-09].zip
IA155	https://websoilsurvey.sc.egov.usda.gov/DSD/Download/Cache/SSA/wss_SSA_IA155_soildb_US_2003_[2025-09-09].zip
IA157	https://websoilsurvey.sc.egov.usda.gov/DSD/Download/Cache/SSA/wss_SSA_IA157_soildb_US_2003_[2025-09-09].zip
IA159	https://websoilsurvey.sc.egov.usda.gov/DSD/Download/Cache/SSA/wss_SSA_IA159_soildb_US_2003_[2025-09-09].zip
IA161	https://websoilsurvey.sc.egov.usda.gov/DSD/Download/Cache/SSA/wss_SSA_IA161_soildb_US_2003_[2025-09-09].zip
IA163	https://websoilsurvey.sc.egov.usda.gov/DSD/Download/Cache/SSA/wss_SSA_IA163_soildb_US_2003_[2025-09-09].zip
IA165	https://websoilsurvey.sc.egov.usda.gov/DSD/Download/Cache/SSA/wss_SSA_IA165_soildb_US_2003_[2025-09-09].zip
IA167	https://websoilsurvey.sc.egov.usda.gov/DSD/Download/Cache/SSA/wss_SSA_IA167_soildb_US_2003_[2025-09-09].zip
IA169	https://websoilsurvey.sc.egov.usda.gov/DSD/Download/Cache/SSA/wss_SSA_IA169_soildb_US_2003_[2025-09-09].zip
IA171	https://websoilsurvey.sc.egov.usda.gov/DSD/Download/Cache/SSA/wss_SSA_IA171_soildb_US_2003_[2025-09-09].zip
IA173	https://websoilsurvey.sc.egov.usda.gov/DSD/Download/Cache/SSA/wss_SSA_IA173_soildb_US_2003_[2025-09-09].zip
IA175	https://websoilsurvey.sc.egov.usda.gov/DSD/Download/Cache/SSA/wss_SSA_IA175_soildb_US_2003_[2025-09-09].zip
IA177	https://websoilsurvey.sc.egov.usda.gov/DSD/Download/Cache/SSA/wss_SSA_IA177_soildb_US_2003_[2025-09-09].zip
IA179	https://websoilsurvey.sc.egov.usda.gov/DSD/Download/Cache/SSA/wss_SSA_IA179_soildb_US_2003_[2025-09-09].zip
IA181	https://websoilsurvey.sc.egov.usda.gov/DSD/Download/Cache/SSA/wss_SSA_IA181_soildb_US_2003_[2025-09-09].zip
IA183	https://websoilsurvey.sc.egov.usda.gov/DSD/Download/Cache/SSA/wss_SSA_IA183_soildb_US_2003_[2025-09-09].zip
IA185	https://websoilsurvey.sc.egov.usda.gov/DSD/Download/Cache/SSA/wss_SSA_IA185_soildb_US_2003_[2025-09-09].zip
IA187	https://websoilsurvey.sc.egov.usda.gov/DSD/Download/Cache/SSA/wss_SSA_IA187_soildb_US_2003_[2025-09-09].zip
IA189	https://websoilsurvey.sc.egov.usda.gov/DSD/Download/Cache/SSA/wss_SSA_IA189_soildb_US_2003_[2025-09-09].zip
IA191	https://websoilsurvey.sc.egov.usda.gov/DSD/Download/Cache/SSA/wss_SSA_IA191_soildb_US_2003_[2025-09-09].zip
IA193	https://websoilsurvey.sc.egov.usda.gov/DSD/Download/Cache/SSA/wss_SSA_IA193_soildb_US_2003_[2025-09-09].zip
IA195	https://websoilsurvey.sc.egov.usda.gov/DSD/Download/Cache/SSA/wss_SSA_IA195_soildb_US_2003_[2025-09-09].zip
IA197	https://websoilsurvey.sc.egov.usda.gov/DSD/Download/Cache/SSA/wss_SSA_IA197_soildb_US_2003_[2025-09-09].zip
ID001	https://websoilsurvey.sc.egov.usda.gov/DSD/Download/Cache/SSA/wss_SSA_ID001_soildb_US_2003_[2025-08-27].zip
ID057	https://websoilsurvey.sc.egov.usda.gov/DSD/Download/Cache/SSA/wss_SSA_ID057_soildb_US_2003_[2025-08-27].zip
ID600	https://websoilsurvey.sc.egov.usda.gov/DSD/Download/Cache/SSA/wss_SSA_ID600_soildb_US_2003_[2025-08-27].zip
ID601	https://websoilsurvey.sc.egov.usda.gov/DSD/Download/Cache/SSA/wss_SSA_ID601_soildb_US_2003_[2025-08-27].zip
ID604	https://websoilsurvey.sc.egov.usda.gov/DSD/Download/Cache/SSA/wss_SSA_ID604_soildb_US_2003_[2025-08-27].zip
ID606	https://websoilsurvey.sc.egov.usda.gov/DSD/Download/Cache/SSA/wss_SSA_ID606_soildb_US_2003_[2025-08-27].zip
ID608	https://websoilsurvey.sc.egov.usda.gov/DSD/Download/Cache/SSA/wss_SSA_ID608_soildb_US_2003_[2025-08-27].zip
ID609	https://websoilsurvey.sc.egov.usda.gov/DSD/Download/Cache/SSA/wss_SSA_ID609_soildb_US_2003_[2025-08-27].zip
ID611	https://websoilsurvey.sc.egov.usda.gov/DSD/Download/Cache/SSA/wss_SSA_ID611_soildb_US_2003_[2025-08-27].zip
ID612	https://websoilsurvey.sc.egov.usda.gov/DSD/Download/Cache/SSA/wss_SSA_ID612_soildb_US_2003_[2025-08-27].zip
ID617	https://websoilsurvey.sc.egov.usda.gov/DSD/Download/Cache/SSA/wss_SSA_ID617_soildb_US_2003_[2025-08-27].zip
ID618	https://websoilsurvey.sc.egov.usda.gov/DSD/Download/Cache/SSA/wss_SSA_ID618_soildb_US_2003_[2025-08-27].zip
ID620	https://websoilsurvey.sc.egov.usda.gov/DSD/Download/Cache/SSA/wss_SSA_ID620_soildb_US_2003_[2025-08-27].zip
ID650	https://websoilsurvey.sc.egov.usda.gov/DSD/Download/Cache/SSA/wss_SSA_ID650_soildb_US_2003_[2025-08-27].zip
ID652	https://websoilsurvey.sc.egov.usda.gov/DSD/Download/Cache/SSA/wss_SSA_ID652_soildb_US_2003_[2025-08-27].zip
ID656	https://websoilsurvey.sc.egov.usda.gov/DSD/Download/Cache/SSA/wss_SSA_ID656_soildb_US_2003_[2025-08-27].zip
ID659	https://websoilsurvey.sc.egov.usda.gov/DSD/Download/Cache/SSA/wss_SSA_ID659_soildb_US_2003_[2025-08-27].zip
ID660	https://websoilsurvey.sc.egov.usda.gov/DSD/Download/Cache/SSA/wss_SSA_ID660_soildb_US_2003_[2025-08-27].zip
ID662	https://websoilsurvey.sc.egov.usda.gov/DSD/Download/Cache/SSA/wss_SSA_ID662_soildb_US_2003_[2025-08-27].zip
ID665	https://websoilsurvey.sc.egov.usda.gov/DSD/Download/Cache/SSA/wss_SSA_ID665_soildb_US_2003_[2025-08-27].zip
ID670	https://websoilsurvey.sc.egov.usda.gov/DSD/Download/Cache/SSA/wss_SSA_ID670_soildb_US_2003_[2025-08-27].zip
ID671	https://websoilsurvey.sc.egov.usda.gov/DSD/Download/Cache/SSA/wss_SSA_ID671_soildb_US_2003_[2025-08-27].zip
ID673	https://websoilsurvey.sc.egov.usda.gov/DSD/Download/Cache/SSA/wss_SSA_ID673_soildb_US_2003_[2025-08-27].zip
ID675	https://websoilsurvey.sc.egov.usda.gov/DSD/Download/Cache/SSA/wss_SSA_ID675_soildb_US_2003_[2025-08-27].zip
ID677	https://websoilsurvey.sc.egov.usda.gov/DSD/Download/Cache/SSA/wss_SSA_ID677_soildb_US_2003_[2025-08-28].zip
ID680	https://websoilsurvey.sc.egov.usda.gov/DSD/Download/Cache/SSA/wss_SSA_ID680_soildb_US_2003_[2025-08-27].zip
ID681	https://websoilsurvey.sc.egov.usda.gov/DSD/Download/Cache/SSA/wss_SSA_ID681_soildb_US_2003_[2025-08-27].zip
ID683	https://websoilsurvey.sc.egov.usda.gov/DSD/Download/Cache/SSA/wss_SSA_ID683_soildb_US_2003_[2025-08-27].zip
ID685	https://websoilsurvey.sc.egov.usda.gov/DSD/Download/Cache/SSA/wss_SSA_ID685_soildb_US_2003_[2025-08-27].zip
ID700	https://websoilsurvey.sc.egov.usda.gov/DSD/Download/Cache/SSA/wss_SSA_ID700_soildb_US_2003_[2025-08-27].zip
ID701	https://websoilsurvey.sc.egov.usda.gov/DSD/Download/Cache/SSA/wss_SSA_ID701_soildb_US_2003_[2025-08-27].zip
ID702	https://websoilsurvey.sc.egov.usda.gov/DSD/Download/Cache/SSA/wss_SSA_ID702_soildb_US_2003_[2025-08-27].zip
ID703	https://websoilsurvey.sc.egov.usda.gov/DSD/Download/Cache/SSA/wss_SSA_ID703_soildb_US_2003_[2025-08-27].zip
ID704	https://websoilsurvey.sc.egov.usda.gov/DSD/Download/Cache/SSA/wss_SSA_ID704_soildb_US_2003_[2025-08-27].zip
ID707	https://websoilsurvey.sc.egov.usda.gov/DSD/Download/Cache/SSA/wss_SSA_ID707_soildb_US_2003_[2025-08-27].zip
ID708	https://websoilsurvey.sc.egov.usda.gov/DSD/Download/Cache/SSA/wss_SSA_ID708_soildb_US_2003_[2025-08-27].zip
ID709	https://websoilsurvey.sc.egov.usda.gov/DSD/Download/Cache/SSA/wss_SSA_ID709_soildb_US_2003_[2025-08-27].zip
ID710	https://websoilsurvey.sc.egov.usda.gov/DSD/Download/Cache/SSA/wss_SSA_ID710_soildb_US_2003_[2025-08-27].zip
ID711	https://websoilsurvey.sc.egov.usda.gov/DSD/Download/Cache/SSA/wss_SSA_ID711_soildb_US_2003_[2025-08-27].zip
ID712	https://websoilsurvey.sc.egov.usda.gov/DSD/Download/Cache/SSA/wss_SSA_ID712_soildb_US_2003_[2025-08-27].zip
ID713	https://websoilsurvey.sc.egov.usda.gov/DSD/Download/Cache/SSA/wss_SSA_ID713_soildb_US_2003_[2025-08-27].zip
ID714	https://websoilsurvey.sc.egov.usda.gov/DSD/Download/Cache/SSA/wss_SSA_ID714_soildb_US_2003_[2025-08-27].zip
ID715	https://websoilsurvey.sc.egov.usda.gov/DSD/Download/Cache/SSA/wss_SSA_ID715_soildb_US_2003_[2025-08-27].zip
ID716	https://websoilsurvey.sc.egov.usda.gov/DSD/Download/Cache/SSA/wss_SSA_ID716_soildb_US_2003_[2025-08-27].zip
ID720	https://websoilsurvey.sc.egov.usda.gov/DSD/Download/Cache/SSA/wss_SSA_ID720_soildb_US_2003_[2025-08-27].zip
ID721	https://websoilsurvey.sc.egov.usda.gov/DSD/Download/Cache/SSA/wss_SSA_ID721_soildb_US_2003_[2025-08-27].zip
ID752	https://websoilsurvey.sc.egov.usda.gov/DSD/Download/Cache/SSA/wss_SSA_ID752_soildb_US_2003_[2025-08-27].zip
ID758	https://websoilsurvey.sc.egov.usda.gov/DSD/Download/Cache/SSA/wss_SSA_ID758_soildb_US_2003_[2025-08-27].zip
ID761	https://websoilsurvey.sc.egov.usda.gov/DSD/Download/Cache/SSA/wss_SSA_ID761_soildb_US_2003_[2025-08-27].zip
ID762	https://websoilsurvey.sc.egov.usda.gov/DSD/Download/Cache/SSA/wss_SSA_ID762_soildb_US_2003_[2025-08-27].zip
ID763	https://websoilsurvey.sc.egov.usda.gov/DSD/Download/Cache/SSA/wss_SSA_ID763_soildb_US_2003_[2025-08-27].zip
ID765	https://websoilsurvey.sc.egov.usda.gov/DSD/Download/Cache/SSA/wss_SSA_ID765_soildb_US_2003_[2025-08-27].zip
ID766	https://websoilsurvey.sc.egov.usda.gov/DSD/Download/Cache/SSA/wss_SSA_ID766_soildb_US_2003_[2025-08-27].zip
ID769	https://websoilsurvey.sc.egov.usda.gov/DSD/Download/Cache/SSA/wss_SSA_ID769_soildb_US_2003_[2025-08-27].zip
ID770	https://websoilsurvey.sc.egov.usda.gov/DSD/Download/Cache/SSA/wss_SSA_ID770_soildb_US_2003_[2025-08-27].zip
ID772	https://websoilsurvey.sc.egov.usda.gov/DSD/Download/Cache/SSA/wss_SSA_ID772_soildb_US_2003_[2025-08-27].zip
ID780	https://websoilsurvey.sc.egov.usda.gov/DSD/Download/Cache/SSA/wss_SSA_ID780_soildb_US_2003_[2025-08-27].zip
IL001	https://websoilsurvey.sc.egov.usda.gov/DSD/Download/Cache/SSA/wss_SSA_IL001_soildb_US_2003_[2025-08-31].zip
IL003	https://websoilsurvey.sc.egov.usda.gov/DSD/Download/Cache/SSA/wss_SSA_IL003_soildb_US_2003_[2025-08-31].zip
IL005	https://websoilsurvey.sc.egov.usda.gov/DSD/Download/Cache/SSA/wss_SSA_IL005_soildb_US_2003_[2025-08-31].zip
IL007	https://websoilsurvey.sc.egov.usda.gov/DSD/Download/Cache/SSA/wss_SSA_IL007_soildb_US_2003_[2025-08-31].zip
IL009	https://websoilsurvey.sc.egov.usda.gov/DSD/Download/Cache/SSA/wss_SSA_IL009_soildb_US_2003_[2025-08-31].zip
IL011	https://websoilsurvey.sc.egov.usda.gov/DSD/Download/Cache/SSA/wss_SSA_IL011_soildb_US_2003_[2025-09-01].zip
IL013	https://websoilsurvey.sc.egov.usda.gov/DSD/Download/Cache/SSA/wss_SSA_IL013_soildb_US_2003_[2025-09-01].zip
IL015	https://websoilsurvey.sc.egov.usda.gov/DSD/Download/Cache/SSA/wss_SSA_IL015_soildb_US_2003_[2025-09-01].zip
IL017	https://websoilsurvey.sc.egov.usda.gov/DSD/Download/Cache/SSA/wss_SSA_IL017_soildb_US_2003_[2025-09-01].zip
IL019	https://websoilsurvey.sc.egov.usda.gov/DSD/Download/Cache/SSA/wss_SSA_IL019_soildb_US_2003_[2025-09-01].zip
IL021	https://websoilsurvey.sc.egov.usda.gov/DSD/Download/Cache/SSA/wss_SSA_IL021_soildb_US_2003_[2025-08-31].zip
IL023	https://websoilsurvey.sc.egov.usda.gov/DSD/Download/Cache/SSA/wss_SSA_IL023_soildb_US_2003_[2025-08-31].zip
IL025	https://websoilsurvey.sc.egov.usda.gov/DSD/Download/Cache/SSA/wss_SSA_IL025_soildb_US_2003_[2025-08-31].zip
IL027	https://websoilsurvey.sc.egov.usda.gov/DSD/Download/Cache/SSA/wss_SSA_IL027_soildb_US_2003_[2025-08-31].zip
IL029	https://websoilsurvey.sc.egov.usda.gov/DSD/Download/Cache/SSA/wss_SSA_IL029_soildb_US_2003_[2025-08-31].zip
IL031	https://websoilsurvey.sc.egov.usda.gov/DSD/Download/Cache/SSA/wss_SSA_IL031_soildb_US_2003_[2025-08-31].zip
IL033	https://websoilsurvey.sc.egov.usda.gov/DSD/Download/Cache/SSA/wss_SSA_IL033_soildb_US_2003_[2025-08-31].zip
IL035	https://websoilsurvey.sc.egov.usda.gov/DSD/Download/Cache/SSA/wss_SSA_IL035_soildb_US_2003_[2025-08-31].zip
IL037	https://websoilsurvey.sc.egov.usda.gov/DSD/Download/Cache/SSA/wss_SSA_IL037_soildb_US_2003_[2025-08-31].zip
IL039	https://websoilsurvey.sc.egov.usda.gov/DSD/Download/Cache/SSA/wss_SSA_IL039_soildb_US_2003_[2025-08-31].zip
IL041	https://websoilsurvey.sc.egov.usda.gov/DSD/Download/Cache/SSA/wss_SSA_IL041_soildb_US_2003_[2025-08-31].zip
IL043	https://websoilsurvey.sc.egov.usda.gov/DSD/Download/Cache/SSA/wss_SSA_IL043_soildb_US_2003_[2025-08-31].zip
IL045	https://websoilsurvey.sc.egov.usda.gov/DSD/Download/Cache/SSA/wss_SSA_IL045_soildb_US_2003_[2025-08-31].zip
IL047	https://websoilsurvey.sc.egov.usda.gov/DSD/Download/Cache/SSA/wss_SSA_IL047_soildb_US_2003_[2025-08-31].zip
IL049	https://websoilsurvey.sc.egov.usda.gov/DSD/Download/Cache/SSA/wss_SSA_IL049_soildb_US_2003_[2025-08-31].zip
IL051	https://websoilsurvey.sc.egov.usda.gov/DSD/Download/Cache/SSA/wss_SSA_IL051_soildb_US_2003_[2025-08-31].zip
IL053	https://websoilsurvey.sc.egov.usda.gov/DSD/Download/Cache/SSA/wss_SSA_IL053_soildb_US_2003_[2025-08-31].zip
IL055	https://websoilsurvey.sc.egov.usda.gov/DSD/Download/Cache/SSA/wss_SSA_IL055_soildb_US_2003_[2025-08-31].zip
IL057	https://websoilsurvey.sc.egov.usda.gov/DSD/Download/Cache/SSA/wss_SSA_IL057_soildb_US_2003_[2025-08-31].zip
IL059	https://websoilsurvey.sc.egov.usda.gov/DSD/Download/Cache/SSA/wss_SSA_IL059_soildb_US_2003_[2025-08-31].zip
IL061	https://websoilsurvey.sc.egov.usda.gov/DSD/Download/Cache/SSA/wss_SSA_IL061_soildb_US_2003_[2025-08-31].zip
IL063	https://websoilsurvey.sc.egov.usda.gov/DSD/Download/Cache/SSA/wss_SSA_IL063_soildb_US_2003_[2025-08-31].zip
IL065	https://websoilsurvey.sc.egov.usda.gov/DSD/Download/Cache/SSA/wss_SSA_IL065_soildb_US_2003_[2025-08-31].zip
IL067	https://websoilsurvey.sc.egov.usda.gov/DSD/Download/Cache/SSA/wss_SSA_IL067_soildb_US_2003_[2025-08-31].zip
IL069	https://websoilsurvey.sc.egov.usda.gov/DSD/Download/Cache/SSA/wss_SSA_IL069_soildb_US_2003_[2025-08-31].zip
IL071	https://websoilsurvey.sc.egov.usda.gov/DSD/Download/Cache/SSA/wss_SSA_IL071_soildb_US_2003_[2025-08-31].zip
IL073	https://websoilsurvey.sc.egov.usda.gov/DSD/Download/Cache/SSA/wss_SSA_IL073_soildb_US_2003_[2025-08-31].zip
IL075	https://websoilsurvey.sc.egov.usda.gov/DSD/Download/Cache/SSA/wss_SSA_IL075_soildb_US_2003_[2025-08-31].zip
IL077	https://websoilsurvey.sc.egov.usda.gov/DSD/Download/Cache/SSA/wss_SSA_IL077_soildb_US_2003_[2025-08-31].zip
IL079	https://websoilsurvey.sc.egov.usda.gov/DSD/Download/Cache/SSA/wss_SSA_IL079_soildb_US_2003_[2025-08-31].zip
IL081	https://websoilsurvey.sc.egov.usda.gov/DSD/Download/Cache/SSA/wss_SSA_IL081_soildb_US_2003_[2025-08-31].zip
IL083	https://websoilsurvey.sc.egov.usda.gov/DSD/Download/Cache/SSA/wss_SSA_IL083_soildb_US_2003_[2025-08-31].zip
IL085	https://websoilsurvey.sc.egov.usda.gov/DSD/Download/Cache/SSA/wss_SSA_IL085_soildb_US_2003_[2025-08-31].zip
IL087	https://websoilsurvey.sc.egov.usda.gov/DSD/Download/Cache/SSA/wss_SSA_IL087_soildb_US_2003_[2025-08-31].zip
IL089	https://websoilsurvey.sc.egov.usda.gov/DSD/Download/Cache/SSA/wss_SSA_IL089_soildb_US_2003_[2025-08-31].zip
IL091	https://websoilsurvey.sc.egov.usda.gov/DSD/Download/Cache/SSA/wss_SSA_IL091_soildb_US_2003_[2025-08-31].zip
IL093	https://websoilsurvey.sc.egov.usda.gov/DSD/Download/Cache/SSA/wss_SSA_IL093_soildb_US_2003_[2025-08-31].zip
IL095	https://websoilsurvey.sc.egov.usda.gov/DSD/Download/Cache/SSA/wss_SSA_IL095_soildb_US_2003_[2025-08-31].zip
IL097	https://websoilsurvey.sc.egov.usda.gov/DSD/Download/Cache/SSA/wss_SSA_IL097_soildb_US_2003_[2025-08-31].zip
IL099	https://websoilsurvey.sc.egov.usda.gov/DSD/Download/Cache/SSA/wss_SSA_IL099_soildb_US_2003_[2025-08-31].zip
IL101	https://websoilsurvey.sc.egov.usda.gov/DSD/Download/Cache/SSA/wss_SSA_IL101_soildb_US_2003_[2025-08-31].zip
IL103	https://websoilsurvey.sc.egov.usda.gov/DSD/Download/Cache/SSA/wss_SSA_IL103_soildb_US_2003_[2025-08-31].zip
IL105	https://websoilsurvey.sc.egov.usda.gov/DSD/Download/Cache/SSA/wss_SSA_IL105_soildb_US_2003_[2025-08-31].zip
IL107	https://websoilsurvey.sc.egov.usda.gov/DSD/Download/Cache/SSA/wss_SSA_IL107_soildb_US_2003_[2025-08-31].zip
IL109	https://websoilsurvey.sc.egov.usda.gov/DSD/Download/Cache/SSA/wss_SSA_IL109_soildb_US_2003_[2025-08-31].zip
IL111	https://websoilsurvey.sc.egov.usda.gov/DSD/Download/Cache/SSA/wss_SSA_IL111_soildb_US_2003_[2025-08-31].zip
IL113	https://websoilsurvey.sc.egov.usda.gov/DSD/Download/Cache/SSA/wss_SSA_IL113_soildb_US_2003_[2025-08-31].zip
IL115	https://websoilsurvey.sc.egov.usda.gov/DSD/Download/Cache/SSA/wss_SSA_IL115_soildb_US_2003_[2025-08-31].zip
IL117	https://websoilsurvey.sc.egov.usda.gov/DSD/Download/Cache/SSA/wss_SSA_IL117_soildb_US_2003_[2025-08-31].zip
IL119	https://websoilsurvey.sc.egov.usda.gov/DSD/Download/Cache/SSA/wss_SSA_IL119_soildb_US_2003_[2025-08-31].zip
IL121	https://websoilsurvey.sc.egov.usda.gov/DSD/Download/Cache/SSA/wss_SSA_IL121_soildb_US_2003_[2025-08-31].zip
IL123	https://websoilsurvey.sc.egov.usda.gov/DSD/Download/Cache/SSA/wss_SSA_IL123_soildb_US_2003_[2025-08-31].zip
IL125	https://websoilsurvey.sc.egov.usda.gov/DSD/Download/Cache/SSA/wss_SSA_IL125_soildb_US_2003_[2025-08-31].zip
IL127	https://websoilsurvey.sc.egov.usda.gov/DSD/Download/Cache/SSA/wss_SSA_IL127_soildb_US_2003_[2025-08-31].zip
IL129	https://websoilsurvey.sc.egov.usda.gov/DSD/Download/Cache/SSA/wss_SSA_IL129_soildb_US_2003_[2025-08-31].zip
IL131	https://websoilsurvey.sc.egov.usda.gov/DSD/Download/Cache/SSA/wss_SSA_IL131_soildb_US_2003_[2025-08-31].zip
IL133	https://websoilsurvey.sc.egov.usda.gov/DSD/Download/Cache/SSA/wss_SSA_IL133_soildb_US_2003_[2025-08-31].zip
IL135	https://websoilsurvey.sc.egov.usda.gov/DSD/Download/Cache/SSA/wss_SSA_IL135_soildb_US_2003_[2025-08-31].zip
IL137	https://websoilsurvey.sc.egov.usda.gov/DSD/Download/Cache/SSA/wss_SSA_IL137_soildb_US_2003_[2025-08-31].zip
IL139	https://websoilsurvey.sc.egov.usda.gov/DSD/Download/Cache/SSA/wss_SSA_IL139_soildb_US_2003_[2025-08-31].zip
IL141	https://websoilsurvey.sc.egov.usda.gov/DSD/Download/Cache/SSA/wss_SSA_IL141_soildb_US_2003_[2025-08-31].zip
IL143	https://websoilsurvey.sc.egov.usda.gov/DSD/Download/Cache/SSA/wss_SSA_IL143_soildb_US_2003_[2025-08-31].zip
IL145	https://websoilsurvey.sc.egov.usda.gov/DSD/Download/Cache/SSA/wss_SSA_IL145_soildb_US_2003_[2025-08-31].zip
IL147	https://websoilsurvey.sc.egov.usda.gov/DSD/Download/Cache/SSA/wss_SSA_IL147_soildb_US_2003_[2025-08-31].zip
IL149	https://websoilsurvey.sc.egov.usda.gov/DSD/Download/Cache/SSA/wss_SSA_IL149_soildb_US_2003_[2025-08-31].zip
IL151	https://websoilsurvey.sc.egov.usda.gov/DSD/Download/Cache/SSA/wss_SSA_IL151_soildb_US_2003_[2025-09-01].zip
IL153	https://websoilsurvey.sc.egov.usda.gov/DSD/Download/Cache/SSA/wss_SSA_IL153_soildb_US_2003_[2025-09-01].zip
IL155	https://websoilsurvey.sc.egov.usda.gov/DSD/Download/Cache/SSA/wss_SSA_IL155_soildb_US_2003_[2025-09-01].zip
IL157	https://websoilsurvey.sc.egov.usda.gov/DSD/Download/Cache/SSA/wss_SSA_IL157_soildb_US_2003_[2025-09-01].zip
IL159	https://websoilsurvey.sc.egov.usda.gov/DSD/Download/Cache/SSA/wss_SSA_IL159_soildb_US_2003_[2025-09-01].zip
IL161	https://websoilsurvey.sc.egov.usda.gov/DSD/Download/Cache/SSA/wss_SSA_IL161_soildb_US_2003_[2025-08-31].zip
IL163	https://websoilsurvey.sc.egov.usda.gov/DSD/Download/Cache/SSA/wss_SSA_IL163_soildb_US_2003_[2025-08-31].zip
IL165	https://websoilsurvey.sc.egov.usda.gov/DSD/Download/Cache/SSA/wss_SSA_IL165_soildb_US_2003_[2025-08-31].zip
IL167	https://websoilsurvey.sc.egov.usda.gov/DSD/Download/Cache/SSA/wss_SSA_IL167_soildb_US_2003_[2025-08-31].zip
IL169	https://websoilsurvey.sc.egov.usda.gov/DSD/Download/Cache/SSA/wss_SSA_IL169_soildb_US_2003_[2025-08-31].zip
IL171	https://websoilsurvey.sc.egov.usda.gov/DSD/Download/Cache/SSA/wss_SSA_IL171_soildb_US_2003_[2025-08-31].zip
IL173	https://websoilsurvey.sc.egov.usda.gov/DSD/Download/Cache/SSA/wss_SSA_IL173_soildb_US_2003_[2025-08-31].zip
IL175	https://websoilsurvey.sc.egov.usda.gov/DSD/Download/Cache/SSA/wss_SSA_IL175_soildb_US_2003_[2025-08-31].zip
IL177	https://websoilsurvey.sc.egov.usda.gov/DSD/Download/Cache/SSA/wss_SSA_IL177_soildb_US_2003_[2025-08-31].zip
IL179	https://websoilsurvey.sc.egov.usda.gov/DSD/Download/Cache/SSA/wss_SSA_IL179_soildb_US_2003_[2025-08-31].zip
IL181	https://websoilsurvey.sc.egov.usda.gov/DSD/Download/Cache/SSA/wss_SSA_IL181_soildb_US_2003_[2025-08-31].zip
IL183	https://websoilsurvey.sc.egov.usda.gov/DSD/Download/Cache/SSA/wss_SSA_IL183_soildb_US_2003_[2025-08-31].zip
IL185	https://websoilsurvey.sc.egov.usda.gov/DSD/Download/Cache/SSA/wss_SSA_IL185_soildb_US_2003_[2025-08-31].zip
IL187	https://websoilsurvey.sc.egov.usda.gov/DSD/Download/Cache/SSA/wss_SSA_IL187_soildb_US_2003_[2025-08-31].zip
IL189	https://websoilsurvey.sc.egov.usda.gov/DSD/Download/Cache/SSA/wss_SSA_IL189_soildb_US_2003_[2025-08-31].zip
IL191	https://websoilsurvey.sc.egov.usda.gov/DSD/Download/Cache/SSA/wss_SSA_IL191_soildb_US_2003_[2025-08-31].zip
IL193	https://websoilsurvey.sc.egov.usda.gov/DSD/Download/Cache/SSA/wss_SSA_IL193_soildb_US_2003_[2025-08-31].zip
IL195	https://websoilsurvey.sc.egov.usda.gov/DSD/Download/Cache/SSA/wss_SSA_IL195_soildb_US_2003_[2025-08-31].zip
IL197	https://websoilsurvey.sc.egov.usda.gov/DSD/Download/Cache/SSA/wss_SSA_IL197_soildb_US_2003_[2025-08-31].zip
IL199	https://websoilsurvey.sc.egov.usda.gov/DSD/Download/Cache/SSA/wss_SSA_IL199_soildb_US_2003_[2025-08-31].zip
IL201	https://websoilsurvey.sc.egov.usda.gov/DSD/Download/Cache/SSA/wss_SSA_IL201_soildb_US_2003_[2025-09-01].zip
IL203	https://websoilsurvey.sc.egov.usda.gov/DSD/Download/Cache/SSA/wss_SSA_IL203_soildb_US_2003_[2025-09-01].zip
IN001	https://websoilsurvey.sc.egov.usda.gov/DSD/Download/Cache/SSA/wss_SSA_IN001_soildb_US_2003_[2025-09-02].zip
IN003	https://websoilsurvey.sc.egov.usda.gov/DSD/Download/Cache/SSA/wss_SSA_IN003_soildb_US_2003_[2025-09-17].zip
IN005	https://websoilsurvey.sc.egov.usda.gov/DSD/Download/Cache/SSA/wss_SSA_IN005_soildb_US_2003_[2025-09-04].zip
IN007	https://websoilsurvey.sc.egov.usda.gov/DSD/Download/Cache/SSA/wss_SSA_IN007_soildb_US_2003_[2025-09-04].zip
IN009	https://websoilsurvey.sc.egov.usda.gov/DSD/Download/Cache/SSA/wss_SSA_IN009_soildb_US_2003_[2025-09-04].zip
IN011	https://websoilsurvey.sc.egov.usda.gov/DSD/Download/Cache/SSA/wss_SSA_IN011_soildb_US_2003_[2025-09-04].zip
IN013	https://websoilsurvey.sc.egov.usda.gov/DSD/Download/Cache/SSA/wss_SSA_IN013_soildb_US_2003_[2025-09-04].zip
IN015	https://websoilsurvey.sc.egov.usda.gov/DSD/Download/Cache/SSA/wss_SSA_IN015_soildb_US_2003_[2025-09-04].zip
IN017	https://websoilsurvey.sc.egov.usda.gov/DSD/Download/Cache/SSA/wss_SSA_IN017_soildb_US_2003_[2025-09-04].zip
IN019	https://websoilsurvey.sc.egov.usda.gov/DSD/Download/Cache/SSA/wss_SSA_IN019_soildb_US_2003_[2025-09-04].zip
IN021	https://websoilsurvey.sc.egov.usda.gov/DSD/Download/Cache/SSA/wss_SSA_IN021_soildb_US_2003_[2025-09-04].zip
IN023	https://websoilsurvey.sc.egov.usda.gov/DSD/Download/Cache/SSA/wss_SSA_IN023_soildb_US_2003_[2025-09-04].zip
IN025	https://websoilsurvey.sc.egov.usda.gov/DSD/Download/Cache/SSA/wss_SSA_IN025_soildb_US_2003_[2025-09-04].zip
IN027	https://websoilsurvey.sc.egov.usda.gov/DSD/Download/Cache/SSA/wss_SSA_IN027_soildb_US_2003_[2025-09-04].zip
IN029	https://websoilsurvey.sc.egov.usda.gov/DSD/Download/Cache/SSA/wss_SSA_IN029_soildb_US_2003_[2025-09-04].zip
IN031	https://websoilsurvey.sc.egov.usda.gov/DSD/Download/Cache/SSA/wss_SSA_IN031_soildb_US_2003_[2025-09-04].zip
IN033	https://websoilsurvey.sc.egov.usda.gov/DSD/Download/Cache/SSA/wss_SSA_IN033_soildb_US_2003_[2025-09-04].zip
IN035	https://websoilsurvey.sc.egov.usda.gov/DSD/Download/Cache/SSA/wss_SSA_IN035_soildb_US_2003_[2025-09-04].zip
IN037	https://websoilsurvey.sc.egov.usda.gov/DSD/Download/Cache/SSA/wss_SSA_IN037_soildb_US_2003_[2025-09-04].zip
IN039	https://websoilsurvey.sc.egov.usda.gov/DSD/Download/Cache/SSA/wss_SSA_IN039_soildb_US_2003_[2025-09-04].zip
IN041	https://websoilsurvey.sc.egov.usda.gov/DSD/Download/Cache/SSA/wss_SSA_IN041_soildb_US_2003_[2025-09-04].zip
IN043	https://websoilsurvey.sc.egov.usda.gov/DSD/Download/Cache/SSA/wss_SSA_IN043_soildb_US_2003_[2025-09-04].zip
IN045	https://websoilsurvey.sc.egov.usda.gov/DSD/Download/Cache/SSA/wss_SSA_IN045_soildb_US_2003_[2025-09-04].zip
IN047	https://websoilsurvey.sc.egov.usda.gov/DSD/Download/Cache/SSA/wss_SSA_IN047_soildb_US_2003_[2025-09-04].zip
IN049	https://websoilsurvey.sc.egov.usda.gov/DSD/Download/Cache/SSA/wss_SSA_IN049_soildb_US_2003_[2025-09-04].zip
IN051	https://websoilsurvey.sc.egov.usda.gov/DSD/Download/Cache/SSA/wss_SSA_IN051_soildb_US_2003_[2025-09-04].zip
IN053	https://websoilsurvey.sc.egov.usda.gov/DSD/Download/Cache/SSA/wss_SSA_IN053_soildb_US_2003_[2025-09-04].zip
IN055	https://websoilsurvey.sc.egov.usda.gov/DSD/Download/Cache/SSA/wss_SSA_IN055_soildb_US_2003_[2025-09-04].zip
IN057	https://websoilsurvey.sc.egov.usda.gov/DSD/Download/Cache/SSA/wss_SSA_IN057_soildb_US_2003_[2025-09-04].zip
IN059	https://websoilsurvey.sc.egov.usda.gov/DSD/Download/Cache/SSA/wss_SSA_IN059_soildb_US_2003_[2025-09-04].zip
IN061	https://websoilsurvey.sc.egov.usda.gov/DSD/Download/Cache/SSA/wss_SSA_IN061_soildb_US_2003_[2025-09-04].zip
IN063	https://websoilsurvey.sc.egov.usda.gov/DSD/Download/Cache/SSA/wss_SSA_IN063_soildb_US_2003_[2025-09-03].zip
IN065	https://websoilsurvey.sc.egov.usda.gov/DSD/Download/Cache/SSA/wss_SSA_IN065_soildb_US_2003_[2025-09-03].zip
IN067	https://websoilsurvey.sc.egov.usda.gov/DSD/Download/Cache/SSA/wss_SSA_IN067_soildb_US_2003_[2025-09-17].zip
IN069	https://websoilsurvey.sc.egov.usda.gov/DSD/Download/Cache/SSA/wss_SSA_IN069_soildb_US_2003_[2025-09-03].zip
IN071	https://websoilsurvey.sc.egov.usda.gov/DSD/Download/Cache/SSA/wss_SSA_IN071_soildb_US_2003_[2025-09-03].zip
IN073	https://websoilsurvey.sc.egov.usda.gov/DSD/Download/Cache/SSA/wss_SSA_IN073_soildb_US_2003_[2025-09-03].zip
IN075	https://websoilsurvey.sc.egov.usda.gov/DSD/Download/Cache/SSA/wss_SSA_IN075_soildb_US_2003_[2025-09-03].zip
IN077	https://websoilsurvey.sc.egov.usda.gov/DSD/Download/Cache/SSA/wss_SSA_IN077_soildb_US_2003_[2025-09-03].zip
IN079	https://websoilsurvey.sc.egov.usda.gov/DSD/Download/Cache/SSA/wss_SSA_IN079_soildb_US_2003_[2025-09-03].zip
IN081	https://websoilsurvey.sc.egov.usda.gov/DSD/Download/Cache/SSA/wss_SSA_IN081_soildb_US_2003_[2025-09-03].zip
IN083	https://websoilsurvey.sc.egov.usda.gov/DSD/Download/Cache/SSA/wss_SSA_IN083_soildb_US_2003_[2025-09-03].zip
IN085	https://websoilsurvey.sc.egov.usda.gov/DSD/Download/Cache/SSA/wss_SSA_IN085_soildb_US_2003_[2025-09-03].zip
IN087	https://websoilsurvey.sc.egov.usda.gov/DSD/Download/Cache/SSA/wss_SSA_IN087_soildb_US_2003_[2025-09-03].zip
IN089	https://websoilsurvey.sc.egov.usda.gov/DSD/Download/Cache/SSA/wss_SSA_IN089_soildb_US_2003_[2025-09-03].zip
IN091	https://websoilsurvey.sc.egov.usda.gov/DSD/Download/Cache/SSA/wss_SSA_IN091_soildb_US_2003_[2025-09-03].zip
IN093	https://websoilsurvey.sc.egov.usda.gov/DSD/Download/Cache/SSA/wss_SSA_IN093_soildb_US_2003_[2025-09-03].zip
IN095	https://websoilsurvey.sc.egov.usda.gov/DSD/Download/Cache/SSA/wss_SSA_IN095_soildb_US_2003_[2025-09-03].zip
IN097	https://websoilsurvey.sc.egov.usda.gov/DSD/Download/Cache/SSA/wss_SSA_IN097_soildb_US_2003_[2025-09-03].zip
IN099	https://websoilsurvey.sc.egov.usda.gov/DSD/Download/Cache/SSA/wss_SSA_IN099_soildb_US_2003_[2025-09-03].zip
IN101	https://websoilsurvey.sc.egov.usda.gov/DSD/Download/Cache/SSA/wss_SSA_IN101_soildb_US_2003_[2025-09-03].zip
IN103	https://websoilsurvey.sc.egov.usda.gov/DSD/Download/Cache/SSA/wss_SSA_IN103_soildb_US_2003_[2025-09-03].zip
IN105	https://websoilsurvey.sc.egov.usda.gov/DSD/Download/Cache/SSA/wss_SSA_IN105_soildb_US_2003_[2025-09-03].zip
IN107	https://websoilsurvey.sc.egov.usda.gov/DSD/Download/Cache/SSA/wss_SSA_IN107_soildb_US_2003_[2025-09-03].zip
IN109	https://websoilsurvey.sc.egov.usda.gov/DSD/Download/Cache/SSA/wss_SSA_IN109_soildb_US_2003_[2025-09-03].zip
IN111	https://websoilsurvey.sc.egov.usda.gov/DSD/Download/Cache/SSA/wss_SSA_IN111_soildb_US_2003_[2025-09-03].zip
IN113	https://websoilsurvey.sc.egov.usda.gov/DSD/Download/Cache/SSA/wss_SSA_IN113_soildb_US_2003_[2025-09-03].zip
IN115	https://websoilsurvey.sc.egov.usda.gov/DSD/Download/Cache/SSA/wss_SSA_IN115_soildb_US_2003_[2025-09-03].zip
IN117	https://websoilsurvey.sc.egov.usda.gov/DSD/Download/Cache/SSA/wss_SSA_IN117_soildb_US_2003_[2025-09-03].zip
IN119	https://websoilsurvey.sc.egov.usda.gov/DSD/Download/Cache/SSA/wss_SSA_IN119_soildb_US_2003_[2025-09-03].zip
IN121	https://websoilsurvey.sc.egov.usda.gov/DSD/Download/Cache/SSA/wss_SSA_IN121_soildb_US_2003_[2025-09-03].zip
IN123	https://websoilsurvey.sc.egov.usda.gov/DSD/Download/Cache/SSA/wss_SSA_IN123_soildb_US_2003_[2025-09-03].zip
IN125	https://websoilsurvey.sc.egov.usda.gov/DSD/Download/Cache/SSA/wss_SSA_IN125_soildb_US_2003_[2025-09-03].zip
IN127	https://websoilsurvey.sc.egov.usda.gov/DSD/Download/Cache/SSA/wss_SSA_IN127_soildb_US_2003_[2025-09-03].zip
IN129	https://websoilsurvey.sc.egov.usda.gov/DSD/Download/Cache/SSA/wss_SSA_IN129_soildb_US_2003_[2025-09-03].zip
IN131	https://websoilsurvey.sc.egov.usda.gov/DSD/Download/Cache/SSA/wss_SSA_IN131_soildb_US_2003_[2025-09-03].zip
IN133	https://websoilsurvey.sc.egov.usda.gov/DSD/Download/Cache/SSA/wss_SSA_IN133_soildb_US_2003_[2025-09-03].zip
IN135	https://websoilsurvey.sc.egov.usda.gov/DSD/Download/Cache/SSA/wss_SSA_IN135_soildb_US_2003_[2025-09-03].zip
IN137	https://websoilsurvey.sc.egov.usda.gov/DSD/Download/Cache/SSA/wss_SSA_IN137_soildb_US_2003_[2025-09-03].zip
IN139	https://websoilsurvey.sc.egov.usda.gov/DSD/Download/Cache/SSA/wss_SSA_IN139_soildb_US_2003_[2025-09-03].zip
IN141	https://websoilsurvey.sc.egov.usda.gov/DSD/Download/Cache/SSA/wss_SSA_IN141_soildb_US_2003_[2025-09-03].zip
IN143	https://websoilsurvey.sc.egov.usda.gov/DSD/Download/Cache/SSA/wss_SSA_IN143_soildb_US_2003_[2025-09-03].zip
IN145	https://websoilsurvey.sc.egov.usda.gov/DSD/Download/Cache/SSA/wss_SSA_IN145_soildb_US_2003_[2025-09-03].zip
IN147	https://websoilsurvey.sc.egov.usda.gov/DSD/Download/Cache/SSA/wss_SSA_IN147_soildb_US_2003_[2025-09-03].zip
IN149	https://websoilsurvey.sc.egov.usda.gov/DSD/Download/Cache/SSA/wss_SSA_IN149_soildb_US_2003_[2025-09-03].zip
IN151	https://websoilsurvey.sc.egov.usda.gov/DSD/Download/Cache/SSA/wss_SSA_IN151_soildb_US_2003_[2025-09-03].zip
IN153	https://websoilsurvey.sc.egov.usda.gov/DSD/Download/Cache/SSA/wss_SSA_IN153_soildb_US_2003_[2025-09-03].zip
IN155	https://websoilsurvey.sc.egov.usda.gov/DSD/Download/Cache/SSA/wss_SSA_IN155_soildb_US_2003_[2025-09-03].zip
IN157	https://websoilsurvey.sc.egov.usda.gov/DSD/Download/Cache/SSA/wss_SSA_IN157_soildb_US_2003_[2025-09-03].zip
IN159	https://websoilsurvey.sc.egov.usda.gov/DSD/Download/Cache/SSA/wss_SSA_IN159_soildb_US_2003_[2025-09-02].zip
IN161	https://websoilsurvey.sc.egov.usda.gov/DSD/Download/Cache/SSA/wss_SSA_IN161_soildb_US_2003_[2025-09-02].zip
IN163	https://websoilsurvey.sc.egov.usda.gov/DSD/Download/Cache/SSA/wss_SSA_IN163_soildb_US_2003_[2025-09-02].zip
IN165	https://websoilsurvey.sc.egov.usda.gov/DSD/Download/Cache/SSA/wss_SSA_IN165_soildb_US_2003_[2025-09-02].zip
IN167	https://websoilsurvey.sc.egov.usda.gov/DSD/Download/Cache/SSA/wss_SSA_IN167_soildb_US_2003_[2025-09-02].zip
IN169	https://websoilsurvey.sc.egov.usda.gov/DSD/Download/Cache/SSA/wss_SSA_IN169_soildb_US_2003_[2025-09-02].zip
IN171	https://websoilsurvey.sc.egov.usda.gov/DSD/Download/Cache/SSA/wss_SSA_IN171_soildb_US_2003_[2025-09-02].zip
IN173	https://websoilsurvey.sc.egov.usda.gov/DSD/Download/Cache/SSA/wss_SSA_IN173_soildb_US_2003_[2025-09-02].zip
IN175	https://websoilsurvey.sc.egov.usda.gov/DSD/Download/Cache/SSA/wss_SSA_IN175_soildb_US_2003_[2025-09-02].zip
IN177	https://websoilsurvey.sc.egov.usda.gov/DSD/Download/Cache/SSA/wss_SSA_IN177_soildb_US_2003_[2025-09-02].zip
IN179	https://websoilsurvey.sc.egov.usda.gov/DSD/Download/Cache/SSA/wss_SSA_IN179_soildb_US_2003_[2025-09-17].zip
IN181	https://websoilsurvey.sc.egov.usda.gov/DSD/Download/Cache/SSA/wss_SSA_IN181_soildb_US_2003_[2025-09-02].zip
IN183	https://websoilsurvey.sc.egov.usda.gov/DSD/Download/Cache/SSA/wss_SSA_IN183_soildb_US_2003_[2025-09-02].zip
KS001	https://websoilsurvey.sc.egov.usda.gov/DSD/Download/Cache/SSA/wss_SSA_KS001_soildb_US_2003_[2025-08-26].zip
KS003	https://websoilsurvey.sc.egov.usda.gov/DSD/Download/Cache/SSA/wss_SSA_KS003_soildb_US_2003_[2025-08-26].zip
KS005	https://websoilsurvey.sc.egov.usda.gov/DSD/Download/Cache/SSA/wss_SSA_KS005_soildb_US_2003_[2025-08-27].zip
KS007	https://websoilsurvey.sc.egov.usda.gov/DSD/Download/Cache/SSA/wss_SSA_KS007_soildb_US_2003_[2025-08-27].zip
KS009	https://websoilsurvey.sc.egov.usda.gov/DSD/Download/Cache/SSA/wss_SSA_KS009_soildb_US_2003_[2025-08-27].zip
KS011	https://websoilsurvey.sc.egov.usda.gov/DSD/Download/Cache/SSA/wss_SSA_KS011_soildb_US_2003_[2025-08-26].zip
KS013	https://websoilsurvey.sc.egov.usda.gov/DSD/Download/Cache/SSA/wss_SSA_KS013_soildb_US_2003_[2025-08-26].zip
KS015	https://websoilsurvey.sc.egov.usda.gov/DSD/Download/Cache/SSA/wss_SSA_KS015_soildb_US_2003_[2025-08-27].zip
KS017	https://websoilsurvey.sc.egov.usda.gov/DSD/Download/Cache/SSA/wss_SSA_KS017_soildb_US_2003_[2025-08-27].zip
KS019	https://websoilsurvey.sc.egov.usda.gov/DSD/Download/Cache/SSA/wss_SSA_KS019_soildb_US_2003_[2025-08-27].zip
KS021	https://websoilsurvey.sc.egov.usda.gov/DSD/Download/Cache/SSA/wss_SSA_KS021_soildb_US_2003_[2025-08-26].zip
KS023	https://websoilsurvey.sc.egov.usda.gov/DSD/Download/Cache/SSA/wss_SSA_KS023_soildb_US_2003_[2025-08-27].zip
KS025	https://websoilsurvey.sc.egov.usda.gov/DSD/Download/Cache/SSA/wss_SSA_KS025_soildb_US_2003_[2025-08-27].zip
KS027	https://websoilsurvey.sc.egov.usda.gov/DSD/Download/Cache/SSA/wss_SSA_KS027_soildb_US_2003_[2025-08-26].zip
KS029	https://websoilsurvey.sc.egov.usda.gov/DSD/Download/Cache/SSA/wss_SSA_KS029_soildb_US_2003_[2025-08-27].zip
KS031	https://websoilsurvey.sc.egov.usda.gov/DSD/Download/Cache/SSA/wss_SSA_KS031_soildb_US_2003_[2025-08-26].zip
KS033	https://websoilsurvey.sc.egov.usda.gov/DSD/Download/Cache/SSA/wss_SSA_KS033_soildb_US_2003_[2025-08-27].zip
KS035	https://websoilsurvey.sc.egov.usda.gov/DSD/Download/Cache/SSA/wss_SSA_KS035_soildb_US_2003_[2025-08-26].zip
KS037	https://websoilsurvey.sc.egov.usda.gov/DSD/Download/Cache/SSA/wss_SSA_KS037_soildb_US_2003_[2025-08-26].zip
KS039	https://websoilsurvey.sc.egov.usda.gov/DSD/Download/Cache/SSA/wss_SSA_KS039_soildb_US_2003_[2025-08-27].zip
KS041	https://websoilsurvey.sc.egov.usda.gov/DSD/Download/Cache/SSA/wss_SSA_KS041_soildb_US_2003_[2025-08-26].zip
KS043	https://websoilsurvey.sc.egov.usda.gov/DSD/Download/Cache/SSA/wss_SSA_KS043_soildb_US_2003_[2025-08-27].zip
KS045	https://websoilsurvey.sc.egov.usda.gov/DSD/Download/Cache/SSA/wss_SSA_KS045_soildb_US_2003_[2025-08-26].zip
KS047	https://websoilsurvey.sc.egov.usda.gov/DSD/Download/Cache/SSA/wss_SSA_KS047_soildb_US_2003_[2025-08-27].zip
KS049	https://websoilsurvey.sc.egov.usda.gov/DSD/Download/Cache/SSA/wss_SSA_KS049_soildb_US_2003_[2025-08-26].zip
KS051	https://websoilsurvey.sc.egov.usda.gov/DSD/Download/Cache/SSA/wss_SSA_KS051_soildb_US_2003_[2025-08-27].zip
KS053	https://websoilsurvey.sc.egov.usda.gov/DSD/Download/Cache/SSA/wss_SSA_KS053_soildb_US_2003_[2025-08-27].zip
KS055	https://websoilsurvey.sc.egov.usda.gov/DSD/Download/Cache/SSA/wss_SSA_KS055_soildb_US_2003_[2025-08-27].zip
KS057	https://websoilsurvey.sc.egov.usda.gov/DSD/Download/Cache/SSA/wss_SSA_KS057_soildb_US_2003_[2025-08-27].zip
KS059	https://websoilsurvey.sc.egov.usda.gov/DSD/Download/Cache/SSA/wss_SSA_KS059_soildb_US_2003_[2025-08-26].zip
KS061	https://websoilsurvey.sc.egov.usda.gov/DSD/Download/Cache/SSA/wss_SSA_KS061_soildb_US_2003_[2025-08-26].zip
KS063	https://websoilsurvey.sc.egov.usda.gov/DSD/Download/Cache/SSA/wss_SSA_KS063_soildb_US_2003_[2025-08-27].zip
KS065	https://websoilsurvey.sc.egov.usda.gov/DSD/Download/Cache/SSA/wss_SSA_KS065_soildb_US_2003_[2025-08-27].zip
KS067	https://websoilsurvey.sc.egov.usda.gov/DSD/Download/Cache/SSA/wss_SSA_KS067_soildb_US_2003_[2025-08-27].zip
KS069	https://websoilsurvey.sc.egov.usda.gov/DSD/Download/Cache/SSA/wss_SSA_KS069_soildb_US_2003_[2025-08-27].zip
KS071	https://websoilsurvey.sc.egov.usda.gov/DSD/Download/Cache/SSA/wss_SSA_KS071_soildb_US_2003_[2025-08-27].zip
KS073	https://websoilsurvey.sc.egov.usda.gov/DSD/Download/Cache/SSA/wss_SSA_KS073_soildb_US_2003_[2025-08-26].zip
KS075	https://websoilsurvey.sc.egov.usda.gov/DSD/Download/Cache/SSA/wss_SSA_KS075_soildb_US_2003_[2025-08-27].zip
KS077	https://websoilsurvey.sc.egov.usda.gov/DSD/Download/Cache/SSA/wss_SSA_KS077_soildb_US_2003_[2025-08-27].zip
KS079	https://websoilsurvey.sc.egov.usda.gov/DSD/Download/Cache/SSA/wss_SSA_KS079_soildb_US_2003_[2025-08-26].zip
KS081	https://websoilsurvey.sc.egov.usda.gov/DSD/Download/Cache/SSA/wss_SSA_KS081_soildb_US_2003_[2025-08-27].zip
KS083	https://websoilsurvey.sc.egov.usda.gov/DSD/Download/Cache/SSA/wss_SSA_KS083_soildb_US_2003_[2025-08-27].zip
KS085	https://websoilsurvey.sc.egov.usda.gov/DSD/Download/Cache/SSA/wss_SSA_KS085_soildb_US_2003_[2025-08-26].zip
KS087	https://websoilsurvey.sc.egov.usda.gov/DSD/Download/Cache/SSA/wss_SSA_KS087_soildb_US_2003_[2025-08-26].zip
KS089	https://websoilsurvey.sc.egov.usda.gov/DSD/Download/Cache/SSA/wss_SSA_KS089_soildb_US_2003_[2025-08-27].zip
KS091	https://websoilsurvey.sc.egov.usda.gov/DSD/Download/Cache/SSA/wss_SSA_KS091_soildb_US_2003_[2025-08-26].zip
KS093	https://websoilsurvey.sc.egov.usda.gov/DSD/Download/Cache/SSA/wss_SSA_KS093_soildb_US_2003_[2025-08-27].zip
KS095	https://websoilsurvey.sc.egov.usda.gov/DSD/Download/Cache/SSA/wss_SSA_KS095_soildb_US_2003_[2025-08-27].zip
KS097	https://websoilsurvey.sc.egov.usda.gov/DSD/Download/Cache/SSA/wss_SSA_KS097_soildb_US_2003_[2025-08-27].zip
KS099	https://websoilsurvey.sc.egov.usda.gov/DSD/Download/Cache/SSA/wss_SSA_KS099_soildb_US_2003_[2025-08-26].zip
KS101	https://websoilsurvey.sc.egov.usda.gov/DSD/Download/Cache/SSA/wss_SSA_KS101_soildb_US_2003_[2025-08-27].zip
KS103	https://websoilsurvey.sc.egov.usda.gov/DSD/Download/Cache/SSA/wss_SSA_KS103_soildb_US_2003_[2025-08-27].zip
KS105	https://websoilsurvey.sc.egov.usda.gov/DSD/Download/Cache/SSA/wss_SSA_KS105_soildb_US_2003_[2025-08-27].zip
KS107	https://websoilsurvey.sc.egov.usda.gov/DSD/Download/Cache/SSA/wss_SSA_KS107_soildb_US_2003_[2025-08-26].zip
KS109	https://websoilsurvey.sc.egov.usda.gov/DSD/Download/Cache/SSA/wss_SSA_KS109_soildb_US_2003_[2025-08-27].zip
KS111	https://websoilsurvey.sc.egov.usda.gov/DSD/Download/Cache/SSA/wss_SSA_KS111_soildb_US_2003_[2025-08-26].zip
KS113	https://websoilsurvey.sc.egov.usda.gov/DSD/Download/Cache/SSA/wss_SSA_KS113_soildb_US_2003_[2025-08-26].zip
KS115	https://websoilsurvey.sc.egov.usda.gov/DSD/Download/Cache/SSA/wss_SSA_KS115_soildb_US_2003_[2025-08-26].zip
KS117	https://websoilsurvey.sc.egov.usda.gov/DSD/Download/Cache/SSA/wss_SSA_KS117_soildb_US_2003_[2025-08-26].zip
KS119	https://websoilsurvey.sc.egov.usda.gov/DSD/Download/Cache/SSA/wss_SSA_KS119_soildb_US_2003_[2025-08-27].zip
KS121	https://websoilsurvey.sc.egov.usda.gov/DSD/Download/Cache/SSA/wss_SSA_KS121_soildb_US_2003_[2025-08-26].zip
KS123	https://websoilsurvey.sc.egov.usda.gov/DSD/Download/Cache/SSA/wss_SSA_KS123_soildb_US_2003_[2025-08-27].zip
KS125	https://websoilsurvey.sc.egov.usda.gov/DSD/Download/Cache/SSA/wss_SSA_KS125_soildb_US_2003_[2025-08-26].zip
KS127	https://websoilsurvey.sc.egov.usda.gov/DSD/Download/Cache/SSA/wss_SSA_KS127_soildb_US_2003_[2025-08-26].zip
KS129	https://websoilsurvey.sc.egov.usda.gov/DSD/Download/Cache/SSA/wss_SSA_KS129_soildb_US_2003_[2025-08-27].zip
KS131	https://websoilsurvey.sc.egov.usda.gov/DSD/Download/Cache/SSA/wss_SSA_KS131_soildb_US_2003_[2025-08-26].zip
KS133	https://websoilsurvey.sc.egov.usda.gov/DSD/Download/Cache/SSA/wss_SSA_KS133_soildb_US_2003_[2025-08-26].zip
KS135	https://websoilsurvey.sc.egov.usda.gov/DSD/Download/Cache/SSA/wss_SSA_KS135_soildb_US_2003_[2025-08-27].zip
KS137	https://websoilsurvey.sc.egov.usda.gov/DSD/Download/Cache/SSA/wss_SSA_KS137_soildb_US_2003_[2025-08-27].zip
KS139	https://websoilsurvey.sc.egov.usda.gov/DSD/Download/Cache/SSA/wss_SSA_KS139_soildb_US_2003_[2025-08-26].zip
KS141	https://websoilsurvey.sc.egov.usda.gov/DSD/Download/Cache/SSA/wss_SSA_KS141_soildb_US_2003_[2025-08-27].zip
KS143	https://websoilsurvey.sc.egov.usda.gov/DSD/Download/Cache/SSA/wss_SSA_KS143_soildb_US_2003_[2025-08-27].zip
KS145	https://websoilsurvey.sc.egov.usda.gov/DSD/Download/Cache/SSA/wss_SSA_KS145_soildb_US_2003_[2025-08-27].zip
KS147	https://websoilsurvey.sc.egov.usda.gov/DSD/Download/Cache/SSA/wss_SSA_KS147_soildb_US_2003_[2025-08-27].zip
KS149	https://websoilsurvey.sc.egov.usda.gov/DSD/Download/Cache/SSA/wss_SSA_KS149_soildb_US_2003_[2025-08-26].zip
KS151	https://websoilsurvey.sc.egov.usda.gov/DSD/Download/Cache/SSA/wss_SSA_KS151_soildb_US_2003_[2025-08-27].zip
KS153	https://websoilsurvey.sc.egov.usda.gov/DSD/Download/Cache/SSA/wss_SSA_KS153_soildb_US_2003_[2025-08-27].zip
KS155	https://websoilsurvey.sc.egov.usda.gov/DSD/Download/Cache/SSA/wss_SSA_KS155_soildb_US_2003_[2025-08-27].zip
KS157	https://websoilsurvey.sc.egov.usda.gov/DSD/Download/Cache/SSA/wss_SSA_KS157_soildb_US_2003_[2025-08-27].zip
KS159	https://websoilsurvey.sc.egov.usda.gov/DSD/Download/Cache/SSA/wss_SSA_KS159_soildb_US_2003_[2025-08-27].zip
KS161	https://websoilsurvey.sc.egov.usda.gov/DSD/Download/Cache/SSA/wss_SSA_KS161_soildb_US_2003_[2025-08-26].zip
KS163	https://websoilsurvey.sc.egov.usda.gov/DSD/Download/Cache/SSA/wss_SSA_KS163_soildb_US_2003_[2025-08-27].zip
KS165	https://websoilsurvey.sc.egov.usda.gov/DSD/Download/Cache/SSA/wss_SSA_KS165_soildb_US_2003_[2025-08-27].zip
KS167	https://websoilsurvey.sc.egov.usda.gov/DSD/Download/Cache/SSA/wss_SSA_KS167_soildb_US_2003_[2025-08-27].zip
KS169	https://websoilsurvey.sc.egov.usda.gov/DSD/Download/Cache/SSA/wss_SSA_KS169_soildb_US_2003_[2025-08-27].zip
KS171	https://websoilsurvey.sc.egov.usda.gov/DSD/Download/Cache/SSA/wss_SSA_KS171_soildb_US_2003_[2025-08-27].zip
KS173	https://websoilsurvey.sc.egov.usda.gov/DSD/Download/Cache/SSA/wss_SSA_KS173_soildb_US_2003_[2025-08-26].zip
KS175	https://websoilsurvey.sc.egov.usda.gov/DSD/Download/Cache/SSA/wss_SSA_KS175_soildb_US_2003_[2025-08-27].zip
KS177	https://websoilsurvey.sc.egov.usda.gov/DSD/Download/Cache/SSA/wss_SSA_KS177_soildb_US_2003_[2025-08-26].zip
KS179	https://websoilsurvey.sc.egov.usda.gov/DSD/Download/Cache/SSA/wss_SSA_KS179_soildb_US_2003_[2025-08-27].zip
KS181	https://websoilsurvey.sc.egov.usda.gov/DSD/Download/Cache/SSA/wss_SSA_KS181_soildb_US_2003_[2025-08-27].zip
KS183	https://websoilsurvey.sc.egov.usda.gov/DSD/Download/Cache/SSA/wss_SSA_KS183_soildb_US_2003_[2025-08-27].zip
KS185	https://websoilsurvey.sc.egov.usda.gov/DSD/Download/Cache/SSA/wss_SSA_KS185_soildb_US_2003_[2025-08-27].zip
KS187	https://websoilsurvey.sc.egov.usda.gov/DSD/Download/Cache/SSA/wss_SSA_KS187_soildb_US_2003_[2025-08-27].zip
KS189	https://websoilsurvey.sc.egov.usda.gov/DSD/Download/Cache/SSA/wss_SSA_KS189_soildb_US_2003_[2025-08-27].zip
KS191	https://websoilsurvey.sc.egov.usda.gov/DSD/Download/Cache/SSA/wss_SSA_KS191_soildb_US_2003_[2025-08-27].zip
KS193	https://websoilsurvey.sc.egov.usda.gov/DSD/Download/Cache/SSA/wss_SSA_KS193_soildb_US_2003_[2025-08-27].zip
KS195	https://websoilsurvey.sc.egov.usda.gov/DSD/Download/Cache/SSA/wss_SSA_KS195_soildb_US_2003_[2025-08-27].zip
KS197	https://websoilsurvey.sc.egov.usda.gov/DSD/Download/Cache/SSA/wss_SSA_KS197_soildb_US_2003_[2025-08-26].zip
KS199	https://websoilsurvey.sc.egov.usda.gov/DSD/Download/Cache/SSA/wss_SSA_KS199_soildb_US_2003_[2025-08-27].zip
KS201	https://websoilsurvey.sc.egov.usda.gov/DSD/Download/Cache/SSA/wss_SSA_KS201_soildb_US_2003_[2025-08-26].zip
KS203	https://websoilsurvey.sc.egov.usda.gov/DSD/Download/Cache/SSA/wss_SSA_KS203_soildb_US_2003_[2025-08-27].zip
KS205	https://websoilsurvey.sc.egov.usda.gov/DSD/Download/Cache/SSA/wss_SSA_KS205_soildb_US_2003_[2025-08-26].zip
KS207	https://websoilsurvey.sc.egov.usda.gov/DSD/Download/Cache/SSA/wss_SSA_KS207_soildb_US_2003_[2025-08-26].zip
KS209	https://websoilsurvey.sc.egov.usda.gov/DSD/Download/Cache/SSA/wss_SSA_KS209_soildb_US_2003_[2025-08-27].zip
KY001	https://websoilsurvey.sc.egov.usda.gov/DSD/Download/Cache/SSA/wss_SSA_KY001_soildb_US_2003_[2025-09-08].zip
KY003	https://websoilsurvey.sc.egov.usda.gov/DSD/Download/Cache/SSA/wss_SSA_KY003_soildb_US_2003_[2025-09-08].zip
KY011	https://websoilsurvey.sc.egov.usda.gov/DSD/Download/Cache/SSA/wss_SSA_KY011_soildb_US_2003_[2025-09-08].zip
KY025	https://websoilsurvey.sc.egov.usda.gov/DSD/Download/Cache/SSA/wss_SSA_KY025_soildb_US_2003_[2025-09-08].zip
KY033	https://websoilsurvey.sc.egov.usda.gov/DSD/Download/Cache/SSA/wss_SSA_KY033_soildb_US_2003_[2025-09-08].zip
KY043	https://websoilsurvey.sc.egov.usda.gov/DSD/Download/Cache/SSA/wss_SSA_KY043_soildb_US_2003_[2025-09-08].zip
KY045	https://websoilsurvey.sc.egov.usda.gov/DSD/Download/Cache/SSA/wss_SSA_KY045_soildb_US_2003_[2025-09-08].zip
KY047	https://websoilsurvey.sc.egov.usda.gov/DSD/Download/Cache/SSA/wss_SSA_KY047_soildb_US_2003_[2025-09-08].zip
KY049	https://websoilsurvey.sc.egov.usda.gov/DSD/Download/Cache/SSA/wss_SSA_KY049_soildb_US_2003_[2025-09-08].zip
KY051	https://websoilsurvey.sc.egov.usda.gov/DSD/Download/Cache/SSA/wss_SSA_KY051_soildb_US_2003_[2025-09-08].zip
KY053	https://websoilsurvey.sc.egov.usda.gov/DSD/Download/Cache/SSA/wss_SSA_KY053_soildb_US_2003_[2025-09-08].zip
KY055	https://websoilsurvey.sc.egov.usda.gov/DSD/Download/Cache/SSA/wss_SSA_KY055_soildb_US_2003_[2025-09-08].zip
KY057	https://websoilsurvey.sc.egov.usda.gov/DSD/Download/Cache/SSA/wss_SSA_KY057_soildb_US_2003_[2025-09-08].zip
KY063	https://websoilsurvey.sc.egov.usda.gov/DSD/Download/Cache/SSA/wss_SSA_KY063_soildb_US_2003_[2025-09-08].zip
KY069	https://websoilsurvey.sc.egov.usda.gov/DSD/Download/Cache/SSA/wss_SSA_KY069_soildb_US_2003_[2025-09-08].zip
KY075	https://websoilsurvey.sc.egov.usda.gov/DSD/Download/Cache/SSA/wss_SSA_KY075_soildb_US_2003_[2025-09-08].zip
KY083	https://websoilsurvey.sc.egov.usda.gov/DSD/Download/Cache/SSA/wss_SSA_KY083_soildb_US_2003_[2025-09-08].zip
KY085	https://websoilsurvey.sc.egov.usda.gov/DSD/Download/Cache/SSA/wss_SSA_KY085_soildb_US_2003_[2025-09-08].zip
KY097	https://websoilsurvey.sc.egov.usda.gov/DSD/Download/Cache/SSA/wss_SSA_KY097_soildb_US_2003_[2025-09-08].zip
KY101	https://websoilsurvey.sc.egov.usda.gov/DSD/Download/Cache/SSA/wss_SSA_KY101_soildb_US_2003_[2025-09-08].zip
KY107	https://websoilsurvey.sc.egov.usda.gov/DSD/Download/Cache/SSA/wss_SSA_KY107_soildb_US_2003_[2025-09-08].zip
KY111	https://websoilsurvey.sc.egov.usda.gov/DSD/Download/Cache/SSA/wss_SSA_KY111_soildb_US_2003_[2025-09-08].zip
KY135	https://websoilsurvey.sc.egov.usda.gov/DSD/Download/Cache/SSA/wss_SSA_KY135_soildb_US_2003_[2025-09-08].zip
KY139	https://websoilsurvey.sc.egov.usda.gov/DSD/Download/Cache/SSA/wss_SSA_KY139_soildb_US_2003_[2025-09-08].zip
KY141	https://websoilsurvey.sc.egov.usda.gov/DSD/Download/Cache/SSA/wss_SSA_KY141_soildb_US_2003_[2025-09-08].zip
KY151	https://websoilsurvey.sc.egov.usda.gov/DSD/Download/Cache/SSA/wss_SSA_KY151_soildb_US_2003_[2025-09-08].zip
KY155	https://websoilsurvey.sc.egov.usda.gov/DSD/Download/Cache/SSA/wss_SSA_KY155_soildb_US_2003_[2025-09-08].zip
KY161	https://websoilsurvey.sc.egov.usda.gov/DSD/Download/Cache/SSA/wss_SSA_KY161_soildb_US_2003_[2025-09-08].zip
KY169	https://websoilsurvey.sc.egov.usda.gov/DSD/Download/Cache/SSA/wss_SSA_KY169_soildb_US_2003_[2025-09-08].zip
KY171	https://websoilsurvey.sc.egov.usda.gov/DSD/Download/Cache/SSA/wss_SSA_KY171_soildb_US_2003_[2025-09-08].zip
KY173	https://websoilsurvey.sc.egov.usda.gov/DSD/Download/Cache/SSA/wss_SSA_KY173_soildb_US_2003_[2025-09-08].zip
KY179	https://websoilsurvey.sc.egov.usda.gov/DSD/Download/Cache/SSA/wss_SSA_KY179_soildb_US_2003_[2025-09-08].zip
KY183	https://websoilsurvey.sc.egov.usda.gov/DSD/Download/Cache/SSA/wss_SSA_KY183_soildb_US_2003_[2025-09-08].zip
KY185	https://websoilsurvey.sc.egov.usda.gov/DSD/Download/Cache/SSA/wss_SSA_KY185_soildb_US_2003_[2025-09-08].zip
KY195	https://websoilsurvey.sc.egov.usda.gov/DSD/Download/Cache/SSA/wss_SSA_KY195_soildb_US_2003_[2025-09-08].zip
KY199	https://websoilsurvey.sc.egov.usda.gov/DSD/Download/Cache/SSA/wss_SSA_KY199_soildb_US_2003_[2025-09-08].zip
KY207	https://websoilsurvey.sc.egov.usda.gov/DSD/Download/Cache/SSA/wss_SSA_KY207_soildb_US_2003_[2025-09-08].zip
KY209	https://websoilsurvey.sc.egov.usda.gov/DSD/Download/Cache/SSA/wss_SSA_KY209_soildb_US_2003_[2025-09-08].zip
KY211	https://websoilsurvey.sc.egov.usda.gov/DSD/Download/Cache/SSA/wss_SSA_KY211_soildb_US_2003_[2025-09-08].zip
KY213	https://websoilsurvey.sc.egov.usda.gov/DSD/Download/Cache/SSA/wss_SSA_KY213_soildb_US_2003_[2025-09-08].zip
KY219	https://websoilsurvey.sc.egov.usda.gov/DSD/Download/Cache/SSA/wss_SSA_KY219_soildb_US_2003_[2025-09-08].zip
KY227	https://websoilsurvey.sc.egov.usda.gov/DSD/Download/Cache/SSA/wss_SSA_KY227_soildb_US_2003_[2025-09-08].zip
KY229	https://websoilsurvey.sc.egov.usda.gov/DSD/Download/Cache/SSA/wss_SSA_KY229_soildb_US_2003_[2025-09-08].zip
KY231	https://websoilsurvey.sc.egov.usda.gov/DSD/Download/Cache/SSA/wss_SSA_KY231_soildb_US_2003_[2025-09-08].zip
KY601	https://websoilsurvey.sc.egov.usda.gov/DSD/Download/Cache/SSA/wss_SSA_KY601_soildb_US_2003_[2025-09-08].zip
KY602	https://websoilsurvey.sc.egov.usda.gov/DSD/Download/Cache/SSA/wss_SSA_KY602_soildb_US_2003_[2025-09-08].zip
KY603	https://websoilsurvey.sc.egov.usda.gov/DSD/Download/Cache/SSA/wss_SSA_KY603_soildb_US_2003_[2025-09-08].zip
KY604	https://websoilsurvey.sc.egov.usda.gov/DSD/Download/Cache/SSA/wss_SSA_KY604_soildb_US_2003_[2025-09-08].zip
KY605	https://websoilsurvey.sc.egov.usda.gov/DSD/Download/Cache/SSA/wss_SSA_KY605_soildb_US_2003_[2025-09-08].zip
KY606	https://websoilsurvey.sc.egov.usda.gov/DSD/Download/Cache/SSA/wss_SSA_KY606_soildb_US_2003_[2025-09-08].zip
KY607	https://websoilsurvey.sc.egov.usda.gov/DSD/Download/Cache/SSA/wss_SSA_KY607_soildb_US_2003_[2025-09-08].zip
KY608	https://websoilsurvey.sc.egov.usda.gov/DSD/Download/Cache/SSA/wss_SSA_KY608_soildb_US_2003_[2025-09-08].zip
KY610	https://websoilsurvey.sc.egov.usda.gov/DSD/Download/Cache/SSA/wss_SSA_KY610_soildb_US_2003_[2025-09-08].zip
KY611	https://websoilsurvey.sc.egov.usda.gov/DSD/Download/Cache/SSA/wss_SSA_KY611_soildb_US_2003_[2025-09-08].zip
KY612	https://websoilsurvey.sc.egov.usda.gov/DSD/Download/Cache/SSA/wss_SSA_KY612_soildb_US_2003_[2025-09-08].zip
KY615	https://websoilsurvey.sc.egov.usda.gov/DSD/Download/Cache/SSA/wss_SSA_KY615_soildb_US_2003_[2025-09-08].zip
KY616	https://websoilsurvey.sc.egov.usda.gov/DSD/Download/Cache/SSA/wss_SSA_KY616_soildb_US_2003_[2025-09-08].zip
KY618	https://websoilsurvey.sc.egov.usda.gov/DSD/Download/Cache/SSA/wss_SSA_KY618_soildb_US_2003_[2025-09-08].zip
KY619	https://websoilsurvey.sc.egov.usda.gov/DSD/Download/Cache/SSA/wss_SSA_KY619_soildb_US_2003_[2025-09-08].zip
KY620	https://websoilsurvey.sc.egov.usda.gov/DSD/Download/Cache/SSA/wss_SSA_KY620_soildb_US_2003_[2025-09-08].zip
KY621	https://websoilsurvey.sc.egov.usda.gov/DSD/Download/Cache/SSA/wss_SSA_KY621_soildb_US_2003_[2025-09-08].zip
KY622	https://websoilsurvey.sc.egov.usda.gov/DSD/Download/Cache/SSA/wss_SSA_KY622_soildb_US_2003_[2025-09-08].zip
KY623	https://websoilsurvey.sc.egov.usda.gov/DSD/Download/Cache/SSA/wss_SSA_KY623_soildb_US_2003_[2025-09-08].zip
KY624	https://websoilsurvey.sc.egov.usda.gov/DSD/Download/Cache/SSA/wss_SSA_KY624_soildb_US_2003_[2025-09-08].zip
KY626	https://websoilsurvey.sc.egov.usda.gov/DSD/Download/Cache/SSA/wss_SSA_KY626_soildb_US_2003_[2025-09-08].zip
KY627	https://websoilsurvey.sc.egov.usda.gov/DSD/Download/Cache/SSA/wss_SSA_KY627_soildb_US_2003_[2025-09-08].zip
KY628	https://websoilsurvey.sc.egov.usda.gov/DSD/Download/Cache/SSA/wss_SSA_KY628_soildb_US_2003_[2025-09-08].zip
KY629	https://websoilsurvey.sc.egov.usda.gov/DSD/Download/Cache/SSA/wss_SSA_KY629_soildb_US_2003_[2025-09-08].zip
KY630	https://websoilsurvey.sc.egov.usda.gov/DSD/Download/Cache/SSA/wss_SSA_KY630_soildb_US_2003_[2025-09-08].zip
KY631	https://websoilsurvey.sc.egov.usda.gov/DSD/Download/Cache/SSA/wss_SSA_KY631_soildb_US_2003_[2025-09-08].zip
KY633	https://websoilsurvey.sc.egov.usda.gov/DSD/Download/Cache/SSA/wss_SSA_KY633_soildb_US_2003_[2025-09-08].zip
KY634	https://websoilsurvey.sc.egov.usda.gov/DSD/Download/Cache/SSA/wss_SSA_KY634_soildb_US_2003_[2025-09-08].zip
KY635	https://websoilsurvey.sc.egov.usda.gov/DSD/Download/Cache/SSA/wss_SSA_KY635_soildb_US_2003_[2025-09-08].zip
KY637	https://websoilsurvey.sc.egov.usda.gov/DSD/Download/Cache/SSA/wss_SSA_KY637_soildb_US_2003_[2025-09-08].zip
KY638	https://websoilsurvey.sc.egov.usda.gov/DSD/Download/Cache/SSA/wss_SSA_KY638_soildb_US_2003_[2025-09-08].zip
KY639	https://websoilsurvey.sc.egov.usda.gov/DSD/Download/Cache/SSA/wss_SSA_KY639_soildb_US_2003_[2025-09-08].zip
KY640	https://websoilsurvey.sc.egov.usda.gov/DSD/Download/Cache/SSA/wss_SSA_KY640_soildb_US_2003_[2025-09-08].zip
KY641	https://websoilsurvey.sc.egov.usda.gov/DSD/Download/Cache/SSA/wss_SSA_KY641_soildb_US_2003_[2025-09-08].zip
KY643	https://websoilsurvey.sc.egov.usda.gov/DSD/Download/Cache/SSA/wss_SSA_KY643_soildb_US_2003_[2025-09-08].zip
KY645	https://websoilsurvey.sc.egov.usda.gov/DSD/Download/Cache/SSA/wss_SSA_KY645_soildb_US_2003_[2025-09-08].zip
KY646	https://websoilsurvey.sc.egov.usda.gov/DSD/Download/Cache/SSA/wss_SSA_KY646_soildb_US_2003_[2025-09-08].zip
KY647	https://websoilsurvey.sc.egov.usda.gov/DSD/Download/Cache/SSA/wss_SSA_KY647_soildb_US_2003_[2025-09-08].zip
KY648	https://websoilsurvey.sc.egov.usda.gov/DSD/Download/Cache/SSA/wss_SSA_KY648_soildb_US_2003_[2025-09-08].zip
KY709	https://websoilsurvey.sc.egov.usda.gov/DSD/Download/Cache/SSA/wss_SSA_KY709_soildb_US_2003_[2025-09-08].zip
LA001	https://websoilsurvey.sc.egov.usda.gov/DSD/Download/Cache/SSA/wss_SSA_LA001_soildb_US_2003_[2025-09-05].zip
LA003	https://websoilsurvey.sc.egov.usda.gov/DSD/Download/Cache/SSA/wss_SSA_LA003_soildb_US_2003_[2025-09-03].zip
LA005	https://websoilsurvey.sc.egov.usda.gov/DSD/Download/Cache/SSA/wss_SSA_LA005_soildb_US_2003_[2025-09-05].zip
LA007	https://websoilsurvey.sc.egov.usda.gov/DSD/Download/Cache/SSA/wss_SSA_LA007_soildb_US_2003_[2025-08-28].zip
LA009	https://websoilsurvey.sc.egov.usda.gov/DSD/Download/Cache/SSA/wss_SSA_LA009_soildb_US_2003_[2025-09-05].zip
LA011	https://websoilsurvey.sc.egov.usda.gov/DSD/Download/Cache/SSA/wss_SSA_LA011_soildb_US_2003_[2025-08-29].zip
LA013	https://websoilsurvey.sc.egov.usda.gov/DSD/Download/Cache/SSA/wss_SSA_LA013_soildb_US_2003_[2025-08-29].zip
LA015	https://websoilsurvey.sc.egov.usda.gov/DSD/Download/Cache/SSA/wss_SSA_LA015_soildb_US_2003_[2025-09-03].zip
LA017	https://websoilsurvey.sc.egov.usda.gov/DSD/Download/Cache/SSA/wss_SSA_LA017_soildb_US_2003_[2025-09-03].zip
LA019	https://websoilsurvey.sc.egov.usda.gov/DSD/Download/Cache/SSA/wss_SSA_LA019_soildb_US_2003_[2025-08-29].zip
LA021	https://websoilsurvey.sc.egov.usda.gov/DSD/Download/Cache/SSA/wss_SSA_LA021_soildb_US_2003_[2025-08-29].zip
LA023	https://websoilsurvey.sc.egov.usda.gov/DSD/Download/Cache/SSA/wss_SSA_LA023_soildb_US_2003_[2025-08-28].zip
LA025	https://websoilsurvey.sc.egov.usda.gov/DSD/Download/Cache/SSA/wss_SSA_LA025_soildb_US_2003_[2025-08-29].zip
LA027	https://websoilsurvey.sc.egov.usda.gov/DSD/Download/Cache/SSA/wss_SSA_LA027_soildb_US_2003_[2025-09-03].zip
LA029	https://websoilsurvey.sc.egov.usda.gov/DSD/Download/Cache/SSA/wss_SSA_LA029_soildb_US_2003_[2025-09-05].zip
LA031	https://websoilsurvey.sc.egov.usda.gov/DSD/Download/Cache/SSA/wss_SSA_LA031_soildb_US_2003_[2025-09-03].zip
LA033	https://websoilsurvey.sc.egov.usda.gov/DSD/Download/Cache/SSA/wss_SSA_LA033_soildb_US_2003_[2025-09-05].zip
LA035	https://websoilsurvey.sc.egov.usda.gov/DSD/Download/Cache/SSA/wss_SSA_LA035_soildb_US_2003_[2025-09-05].zip
LA037	https://websoilsurvey.sc.egov.usda.gov/DSD/Download/Cache/SSA/wss_SSA_LA037_soildb_US_2003_[2025-09-05].zip
LA039	https://websoilsurvey.sc.egov.usda.gov/DSD/Download/Cache/SSA/wss_SSA_LA039_soildb_US_2003_[2025-08-29].zip
LA041	https://websoilsurvey.sc.egov.usda.gov/DSD/Download/Cache/SSA/wss_SSA_LA041_soildb_US_2003_[2025-09-05].zip
LA043	https://websoilsurvey.sc.egov.usda.gov/DSD/Download/Cache/SSA/wss_SSA_LA043_soildb_US_2003_[2025-08-29].zip
LA045	https://websoilsurvey.sc.egov.usda.gov/DSD/Download/Cache/SSA/wss_SSA_LA045_soildb_US_2003_[2025-09-05].zip
LA047	https://websoilsurvey.sc.egov.usda.gov/DSD/Download/Cache/SSA/wss_SSA_LA047_soildb_US_2003_[2025-09-05].zip
LA049	https://websoilsurvey.sc.egov.usda.gov/DSD/Download/Cache/SSA/wss_SSA_LA049_soildb_US_2003_[2025-09-04].zip
LA051	https://websoilsurvey.sc.egov.usda.gov/DSD/Download/Cache/SSA/wss_SSA_LA051_soildb_US_2003_[2025-09-05].zip
LA053	https://websoilsurvey.sc.egov.usda.gov/DSD/Download/Cache/SSA/wss_SSA_LA053_soildb_US_2003_[2025-09-02].zip
LA055	https://websoilsurvey.sc.egov.usda.gov/DSD/Download/Cache/SSA/wss_SSA_LA055_soildb_US_2003_[2025-08-28].zip
LA057	https://websoilsurvey.sc.egov.usda.gov/DSD/Download/Cache/SSA/wss_SSA_LA057_soildb_US_2003_[2025-09-05].zip
LA059	https://websoilsurvey.sc.egov.usda.gov/DSD/Download/Cache/SSA/wss_SSA_LA059_soildb_US_2003_[2025-09-02].zip
LA061	https://websoilsurvey.sc.egov.usda.gov/DSD/Download/Cache/SSA/wss_SSA_LA061_soildb_US_2003_[2025-09-02].zip
LA063	https://websoilsurvey.sc.egov.usda.gov/DSD/Download/Cache/SSA/wss_SSA_LA063_soildb_US_2003_[2025-09-05].zip
LA065	https://websoilsurvey.sc.egov.usda.gov/DSD/Download/Cache/SSA/wss_SSA_LA065_soildb_US_2003_[2025-08-28].zip
LA067	https://websoilsurvey.sc.egov.usda.gov/DSD/Download/Cache/SSA/wss_SSA_LA067_soildb_US_2003_[2025-09-04].zip
LA069	https://websoilsurvey.sc.egov.usda.gov/DSD/Download/Cache/SSA/wss_SSA_LA069_soildb_US_2003_[2025-09-02].zip
LA071	https://websoilsurvey.sc.egov.usda.gov/DSD/Download/Cache/SSA/wss_SSA_LA071_soildb_US_2003_[2025-09-05].zip
LA073	https://websoilsurvey.sc.egov.usda.gov/DSD/Download/Cache/SSA/wss_SSA_LA073_soildb_US_2003_[2025-09-02].zip
LA075	https://websoilsurvey.sc.egov.usda.gov/DSD/Download/Cache/SSA/wss_SSA_LA075_soildb_US_2003_[2025-08-28].zip
LA077	https://websoilsurvey.sc.egov.usda.gov/DSD/Download/Cache/SSA/wss_SSA_LA077_soildb_US_2003_[2025-08-28].zip
LA079	https://websoilsurvey.sc.egov.usda.gov/DSD/Download/Cache/SSA/wss_SSA_LA079_soildb_US_2003_[2025-09-04].zip
LA081	https://websoilsurvey.sc.egov.usda.gov/DSD/Download/Cache/SSA/wss_SSA_LA081_soildb_US_2003_[2025-09-04].zip
LA083	https://websoilsurvey.sc.egov.usda.gov/DSD/Download/Cache/SSA/wss_SSA_LA083_soildb_US_2003_[2025-08-29].zip
LA085	https://websoilsurvey.sc.egov.usda.gov/DSD/Download/Cache/SSA/wss_SSA_LA085_soildb_US_2003_[2025-09-02].zip
LA087	https://websoilsurvey.sc.egov.usda.gov/DSD/Download/Cache/SSA/wss_SSA_LA087_soildb_US_2003_[2025-08-28].zip
LA089	https://websoilsurvey.sc.egov.usda.gov/DSD/Download/Cache/SSA/wss_SSA_LA089_soildb_US_2003_[2025-08-28].zip
LA091	https://websoilsurvey.sc.egov.usda.gov/DSD/Download/Cache/SSA/wss_SSA_LA091_soildb_US_2003_[2025-08-29].zip
LA093	https://websoilsurvey.sc.egov.usda.gov/DSD/Download/Cache/SSA/wss_SSA_LA093_soildb_US_2003_[2025-08-28].zip
LA095	https://websoilsurvey.sc.egov.usda.gov/DSD/Download/Cache/SSA/wss_SSA_LA095_soildb_US_2003_[2025-08-28].zip
LA097	https://websoilsurvey.sc.egov.usda.gov/DSD/Download/Cache/SSA/wss_SSA_LA097_soildb_US_2003_[2025-09-02].zip
LA099	https://websoilsurvey.sc.egov.usda.gov/DSD/Download/Cache/SSA/wss_SSA_LA099_soildb_US_2003_[2025-08-28].zip
LA101	https://websoilsurvey.sc.egov.usda.gov/DSD/Download/Cache/SSA/wss_SSA_LA101_soildb_US_2003_[2025-08-28].zip
LA103	https://websoilsurvey.sc.egov.usda.gov/DSD/Download/Cache/SSA/wss_SSA_LA103_soildb_US_2003_[2025-08-29].zip
LA105	https://websoilsurvey.sc.egov.usda.gov/DSD/Download/Cache/SSA/wss_SSA_LA105_soildb_US_2003_[2025-08-29].zip
LA107	https://websoilsurvey.sc.egov.usda.gov/DSD/Download/Cache/SSA/wss_SSA_LA107_soildb_US_2003_[2025-08-29].zip
LA109	https://websoilsurvey.sc.egov.usda.gov/DSD/Download/Cache/SSA/wss_SSA_LA109_soildb_US_2003_[2025-08-29].zip
LA111	https://websoilsurvey.sc.egov.usda.gov/DSD/Download/Cache/SSA/wss_SSA_LA111_soildb_US_2003_[2025-09-04].zip
LA113	https://websoilsurvey.sc.egov.usda.gov/DSD/Download/Cache/SSA/wss_SSA_LA113_soildb_US_2003_[2025-08-29].zip
LA115	https://websoilsurvey.sc.egov.usda.gov/DSD/Download/Cache/SSA/wss_SSA_LA115_soildb_US_2003_[2025-09-02].zip
LA117	https://websoilsurvey.sc.egov.usda.gov/DSD/Download/Cache/SSA/wss_SSA_LA117_soildb_US_2003_[2025-08-29].zip
LA119	https://websoilsurvey.sc.egov.usda.gov/DSD/Download/Cache/SSA/wss_SSA_LA119_soildb_US_2003_[2025-09-04].zip
LA121	https://websoilsurvey.sc.egov.usda.gov/DSD/Download/Cache/SSA/wss_SSA_LA121_soildb_US_2003_[2025-08-29].zip
LA123	https://websoilsurvey.sc.egov.usda.gov/DSD/Download/Cache/SSA/wss_SSA_LA123_soildb_US_2003_[2025-08-29].zip
LA125	https://websoilsurvey.sc.egov.usda.gov/DSD/Download/Cache/SSA/wss_SSA_LA125_soildb_US_2003_[2025-08-29].zip
LA127	https://websoilsurvey.sc.egov.usda.gov/DSD/Download/Cache/SSA/wss_SSA_LA127_soildb_US_2003_[2025-09-02].zip
MA001	https://websoilsurvey.sc.egov.usda.gov/DSD/Download/Cache/SSA/wss_SSA_MA001_soildb_US_2003_[2025-09-05].zip
MA003	https://websoilsurvey.sc.egov.usda.gov/DSD/Download/Cache/SSA/wss_SSA_MA003_soildb_US_2003_[2025-09-05].zip
MA007	https://websoilsurvey.sc.egov.usda.gov/DSD/Download/Cache/SSA/wss_SSA_MA007_soildb_US_2003_[2025-09-05].zip
MA011	https://websoilsurvey.sc.egov.usda.gov/DSD/Download/Cache/SSA/wss_SSA_MA011_soildb_US_2003_[2025-09-05].zip
MA017	https://websoilsurvey.sc.egov.usda.gov/DSD/Download/Cache/SSA/wss_SSA_MA017_soildb_US_2003_[2025-09-05].zip
MA019	https://websoilsurvey.sc.egov.usda.gov/DSD/Download/Cache/SSA/wss_SSA_MA019_soildb_US_2003_[2025-09-05].zip
MA023	https://websoilsurvey.sc.egov.usda.gov/DSD/Download/Cache/SSA/wss_SSA_MA023_soildb_US_2003_[2025-09-05].zip
MA602	https://websoilsurvey.sc.egov.usda.gov/DSD/Download/Cache/SSA/wss_SSA_MA602_soildb_US_2003_[2025-09-05].zip
MA603	https://websoilsurvey.sc.egov.usda.gov/DSD/Download/Cache/SSA/wss_SSA_MA603_soildb_US_2003_[2025-09-05].zip
MA605	https://websoilsurvey.sc.egov.usda.gov/DSD/Download/Cache/SSA/wss_SSA_MA605_soildb_US_2003_[2025-09-05].zip
MA606	https://websoilsurvey.sc.egov.usda.gov/DSD/Download/Cache/SSA/wss_SSA_MA606_soildb_US_2003_[2025-09-08].zip
MA607	https://websoilsurvey.sc.egov.usda.gov/DSD/Download/Cache/SSA/wss_SSA_MA607_soildb_US_2003_[2025-09-05].zip
MA608	https://websoilsurvey.sc.egov.usda.gov/DSD/Download/Cache/SSA/wss_SSA_MA608_soildb_US_2003_[2025-09-05].zip
MA609	https://websoilsurvey.sc.egov.usda.gov/DSD/Download/Cache/SSA/wss_SSA_MA609_soildb_US_2003_[2025-09-05].zip
MA610	https://websoilsurvey.sc.egov.usda.gov/DSD/Download/Cache/SSA/wss_SSA_MA610_soildb_US_2003_[2025-09-05].zip
MA613	https://websoilsurvey.sc.egov.usda.gov/DSD/Download/Cache/SSA/wss_SSA_MA613_soildb_US_2003_[2025-09-05].zip
MA614	https://websoilsurvey.sc.egov.usda.gov/DSD/Download/Cache/SSA/wss_SSA_MA614_soildb_US_2003_[2025-09-05].zip
MA615	https://websoilsurvey.sc.egov.usda.gov/DSD/Download/Cache/SSA/wss_SSA_MA615_soildb_US_2003_[2025-09-05].zip
MA616	https://websoilsurvey.sc.egov.usda.gov/DSD/Download/Cache/SSA/wss_SSA_MA616_soildb_US_2003_[2025-09-05].zip
MD001	https://websoilsurvey.sc.egov.usda.gov/DSD/Download/Cache/SSA/wss_SSA_MD001_soildb_US_2003_[2025-09-09].zip
MD003	https://websoilsurvey.sc.egov.usda.gov/DSD/Download/Cache/SSA/wss_SSA_MD003_soildb_US_2003_[2025-09-09].zip
MD005	https://websoilsurvey.sc.egov.usda.gov/DSD/Download/Cache/SSA/wss_SSA_MD005_soildb_US_2003_[2025-09-09].zip
MD009	https://websoilsurvey.sc.egov.usda.gov/DSD/Download/Cache/SSA/wss_SSA_MD009_soildb_US_2003_[2025-09-09].zip
MD011	https://websoilsurvey.sc.egov.usda.gov/DSD/Download/Cache/SSA/wss_SSA_MD011_soildb_US_2003_[2025-09-09].zip
MD013	https://websoilsurvey.sc.egov.usda.gov/DSD/Download/Cache/SSA/wss_SSA_MD013_soildb_US_2003_[2025-09-09].zip
MD015	https://websoilsurvey.sc.egov.usda.gov/DSD/Download/Cache/SSA/wss_SSA_MD015_soildb_US_2003_[2025-09-09].zip
MD017	https://websoilsurvey.sc.egov.usda.gov/DSD/Download/Cache/SSA/wss_SSA_MD017_soildb_US_2003_[2025-09-09].zip
MD019	https://websoilsurvey.sc.egov.usda.gov/DSD/Download/Cache/SSA/wss_SSA_MD019_soildb_US_2003_[2025-09-09].zip
MD021	https://websoilsurvey.sc.egov.usda.gov/DSD/Download/Cache/SSA/wss_SSA_MD021_soildb_US_2003_[2025-09-09].zip
MD023	https://websoilsurvey.sc.egov.usda.gov/DSD/Download/Cache/SSA/wss_SSA_MD023_soildb_US_2003_[2025-09-09].zip
MD027	https://websoilsurvey.sc.egov.usda.gov/DSD/Download/Cache/SSA/wss_SSA_MD027_soildb_US_2003_[2025-09-09].zip
MD029	https://websoilsurvey.sc.egov.usda.gov/DSD/Download/Cache/SSA/wss_SSA_MD029_soildb_US_2003_[2025-09-09].zip
MD031	https://websoilsurvey.sc.egov.usda.gov/DSD/Download/Cache/SSA/wss_SSA_MD031_soildb_US_2003_[2025-09-09].zip
MD033	https://websoilsurvey.sc.egov.usda.gov/DSD/Download/Cache/SSA/wss_SSA_MD033_soildb_US_2003_[2025-09-09].zip
MD035	https://websoilsurvey.sc.egov.usda.gov/DSD/Download/Cache/SSA/wss_SSA_MD035_soildb_US_2003_[2025-09-09].zip
MD037	https://websoilsurvey.sc.egov.usda.gov/DSD/Download/Cache/SSA/wss_SSA_MD037_soildb_US_2003_[2025-09-09].zip
MD039	https://websoilsurvey.sc.egov.usda.gov/DSD/Download/Cache/SSA/wss_SSA_MD039_soildb_US_2003_[2025-09-09].zip
MD041	https://websoilsurvey.sc.egov.usda.gov/DSD/Download/Cache/SSA/wss_SSA_MD041_soildb_US_2003_[2025-09-09].zip
MD043	https://websoilsurvey.sc.egov.usda.gov/DSD/Download/Cache/SSA/wss_SSA_MD043_soildb_US_2003_[2025-09-09].zip
MD045	https://websoilsurvey.sc.egov.usda.gov/DSD/Download/Cache/SSA/wss_SSA_MD045_soildb_US_2003_[2025-09-09].zip
MD047	https://websoilsurvey.sc.egov.usda.gov/DSD/Download/Cache/SSA/wss_SSA_MD047_soildb_US_2003_[2025-09-09].zip
MD510	https://websoilsurvey.sc.egov.usda.gov/DSD/Download/Cache/SSA/wss_SSA_MD510_soildb_US_2003_[2025-09-09].zip
MD600	https://websoilsurvey.sc.egov.usda.gov/DSD/Download/Cache/SSA/wss_SSA_MD600_soildb_US_2003_[2025-09-09].zip
MD601	https://websoilsurvey.sc.egov.usda.gov/DSD/Download/Cache/SSA/wss_SSA_MD601_soildb_US_2003_[2025-09-09].zip
ME005	https://websoilsurvey.sc.egov.usda.gov/DSD/Download/Cache/SSA/wss_SSA_ME005_soildb_US_2003_[2025-08-29].zip
ME011	https://websoilsurvey.sc.egov.usda.gov/DSD/Download/Cache/SSA/wss_SSA_ME011_soildb_US_2003_[2025-08-29].zip
ME027	https://websoilsurvey.sc.egov.usda.gov/DSD/Download/Cache/SSA/wss_SSA_ME027_soildb_US_2003_[2025-08-29].zip
ME031	https://websoilsurvey.sc.egov.usda.gov/DSD/Download/Cache/SSA/wss_SSA_ME031_soildb_US_2003_[2025-08-29].zip
ME601	https://websoilsurvey.sc.egov.usda.gov/DSD/Download/Cache/SSA/wss_SSA_ME601_soildb_US_2003_[2025-08-29].zip
ME602	https://websoilsurvey.sc.egov.usda.gov/DSD/Download/Cache/SSA/wss_SSA_ME602_soildb_US_2003_[2025-08-29].zip
ME606	https://websoilsurvey.sc.egov.usda.gov/DSD/Download/Cache/SSA/wss_SSA_ME606_soildb_US_2003_[2025-08-29].zip
ME607	https://websoilsurvey.sc.egov.usda.gov/DSD/Download/Cache/SSA/wss_SSA_ME607_soildb_US_2003_[2025-08-29].zip
ME608	https://websoilsurvey.sc.egov.usda.gov/DSD/Download/Cache/SSA/wss_SSA_ME608_soildb_US_2003_[2025-08-29].zip
ME610	https://websoilsurvey.sc.egov.usda.gov/DSD/Download/Cache/SSA/wss_SSA_ME610_soildb_US_2003_[2025-08-29].zip
ME611	https://websoilsurvey.sc.egov.usda.gov/DSD/Download/Cache/SSA/wss_SSA_ME611_soildb_US_2003_[2025-08-29].zip
ME612	https://websoilsurvey.sc.egov.usda.gov/DSD/Download/Cache/SSA/wss_SSA_ME612_soildb_US_2003_[2025-08-29].zip
ME613	https://websoilsurvey.sc.egov.usda.gov/DSD/Download/Cache/SSA/wss_SSA_ME613_soildb_US_2003_[2025-08-29].zip
ME614	https://websoilsurvey.sc.egov.usda.gov/DSD/Download/Cache/SSA/wss_SSA_ME614_soildb_US_2003_[2025-08-29].zip
ME615	https://websoilsurvey.sc.egov.usda.gov/DSD/Download/Cache/SSA/wss_SSA_ME615_soildb_US_2003_[2025-08-29].zip
ME617	https://websoilsurvey.sc.egov.usda.gov/DSD/Download/Cache/SSA/wss_SSA_ME617_soildb_US_2003_[2025-08-29].zip
ME619	https://websoilsurvey.sc.egov.usda.gov/DSD/Download/Cache/SSA/wss_SSA_ME619_soildb_US_2003_[2025-08-29].zip
ME620	https://websoilsurvey.sc.egov.usda.gov/DSD/Download/Cache/SSA/wss_SSA_ME620_soildb_US_2003_[2025-08-29].zip
ME621	https://websoilsurvey.sc.egov.usda.gov/DSD/Download/Cache/SSA/wss_SSA_ME621_soildb_US_2003_[2025-08-29].zip
ME622	https://websoilsurvey.sc.egov.usda.gov/DSD/Download/Cache/SSA/wss_SSA_ME622_soildb_US_2003_[2025-08-29].zip
MH936	https://websoilsurvey.sc.egov.usda.gov/DSD/Download/Cache/SSA/wss_SSA_MH936_soildb_US_2003_[2025-09-09].zip
MI001	https://websoilsurvey.sc.egov.usda.gov/DSD/Download/Cache/SSA/wss_SSA_MI001_soildb_US_2003_[2025-09-02].zip
MI003	https://websoilsurvey.sc.egov.usda.gov/DSD/Download/Cache/SSA/wss_SSA_MI003_soildb_US_2003_[2025-09-02].zip
MI005	https://websoilsurvey.sc.egov.usda.gov/DSD/Download/Cache/SSA/wss_SSA_MI005_soildb_US_2003_[2025-09-02].zip
MI007	https://websoilsurvey.sc.egov.usda.gov/DSD/Download/Cache/SSA/wss_SSA_MI007_soildb_US_2003_[2025-09-02].zip
MI009	https://websoilsurvey.sc.egov.usda.gov/DSD/Download/Cache/SSA/wss_SSA_MI009_soildb_US_2003_[2025-09-02].zip
MI011	https://websoilsurvey.sc.egov.usda.gov/DSD/Download/Cache/SSA/wss_SSA_MI011_soildb_US_2003_[2025-09-02].zip
MI013	https://websoilsurvey.sc.egov.usda.gov/DSD/Download/Cache/SSA/wss_SSA_MI013_soildb_US_2003_[2025-09-02].zip
MI015	https://websoilsurvey.sc.egov.usda.gov/DSD/Download/Cache/SSA/wss_SSA_MI015_soildb_US_2003_[2025-09-02].zip
MI017	https://websoilsurvey.sc.egov.usda.gov/DSD/Download/Cache/SSA/wss_SSA_MI017_soildb_US_2003_[2025-09-02].zip
MI021	https://websoilsurvey.sc.egov.usda.gov/DSD/Download/Cache/SSA/wss_SSA_MI021_soildb_US_2003_[2025-09-03].zip
MI023	https://websoilsurvey.sc.egov.usda.gov/DSD/Download/Cache/SSA/wss_SSA_MI023_soildb_US_2003_[2025-09-03].zip
MI025	https://websoilsurvey.sc.egov.usda.gov/DSD/Download/Cache/SSA/wss_SSA_MI025_soildb_US_2003_[2025-09-03].zip
MI027	https://websoilsurvey.sc.egov.usda.gov/DSD/Download/Cache/SSA/wss_SSA_MI027_soildb_US_2003_[2025-09-03].zip
MI029	https://websoilsurvey.sc.egov.usda.gov/DSD/Download/Cache/SSA/wss_SSA_MI029_soildb_US_2003_[2025-09-03].zip
MI031	https://websoilsurvey.sc.egov.usda.gov/DSD/Download/Cache/SSA/wss_SSA_MI031_soildb_US_2003_[2025-09-03].zip
MI033	https://websoilsurvey.sc.egov.usda.gov/DSD/Download/Cache/SSA/wss_SSA_MI033_soildb_US_2003_[2025-09-03].zip
MI035	https://websoilsurvey.sc.egov.usda.gov/DSD/Download/Cache/SSA/wss_SSA_MI035_soildb_US_2003_[2025-09-03].zip
MI037	https://websoilsurvey.sc.egov.usda.gov/DSD/Download/Cache/SSA/wss_SSA_MI037_soildb_US_2003_[2025-09-03].zip
MI039	https://websoilsurvey.sc.egov.usda.gov/DSD/Download/Cache/SSA/wss_SSA_MI039_soildb_US_2003_[2025-09-03].zip
MI041	https://websoilsurvey.sc.egov.usda.gov/DSD/Download/Cache/SSA/wss_SSA_MI041_soildb_US_2003_[2025-09-03].zip
MI043	https://websoilsurvey.sc.egov.usda.gov/DSD/Download/Cache/SSA/wss_SSA_MI043_soildb_US_2003_[2025-09-03].zip
MI045	https://websoilsurvey.sc.egov.usda.gov/DSD/Download/Cache/SSA/wss_SSA_MI045_soildb_US_2003_[2025-09-03].zip
MI047	https://websoilsurvey.sc.egov.usda.gov/DSD/Download/Cache/SSA/wss_SSA_MI047_soildb_US_2003_[2025-09-03].zip
MI049	https://websoilsurvey.sc.egov.usda.gov/DSD/Download/Cache/SSA/wss_SSA_MI049_soildb_US_2003_[2025-09-03].zip
MI051	https://websoilsurvey.sc.egov.usda.gov/DSD/Download/Cache/SSA/wss_SSA_MI051_soildb_US_2003_[2025-09-03].zip
MI053	https://websoilsurvey.sc.egov.usda.gov/DSD/Download/Cache/SSA/wss_SSA_MI053_soildb_US_2003_[2025-09-03].zip
MI055	https://websoilsurvey.sc.egov.usda.gov/DSD/Download/Cache/SSA/wss_SSA_MI055_soildb_US_2003_[2025-09-03].zip
MI057	https://websoilsurvey.sc.egov.usda.gov/DSD/Download/Cache/SSA/wss_SSA_MI057_soildb_US_2003_[2025-09-03].zip
MI059	https://websoilsurvey.sc.egov.usda.gov/DSD/Download/Cache/SSA/wss_SSA_MI059_soildb_US_2003_[2025-09-03].zip
MI061	https://websoilsurvey.sc.egov.usda.gov/DSD/Download/Cache/SSA/wss_SSA_MI061_soildb_US_2003_[2025-09-03].zip
MI063	https://websoilsurvey.sc.egov.usda.gov/DSD/Download/Cache/SSA/wss_SSA_MI063_soildb_US_2003_[2025-09-03].zip
MI065	https://websoilsurvey.sc.egov.usda.gov/DSD/Download/Cache/SSA/wss_SSA_MI065_soildb_US_2003_[2025-09-03].zip
MI067	https://websoilsurvey.sc.egov.usda.gov/DSD/Download/Cache/SSA/wss_SSA_MI067_soildb_US_2003_[2025-09-03].zip
MI069	https://websoilsurvey.sc.egov.usda.gov/DSD/Download/Cache/SSA/wss_SSA_MI069_soildb_US_2003_[2025-09-03].zip
MI071	https://websoilsurvey.sc.egov.usda.gov/DSD/Download/Cache/SSA/wss_SSA_MI071_soildb_US_2003_[2025-09-03].zip
MI073	https://websoilsurvey.sc.egov.usda.gov/DSD/Download/Cache/SSA/wss_SSA_MI073_soildb_US_2003_[2025-09-03].zip
MI075	https://websoilsurvey.sc.egov.usda.gov/DSD/Download/Cache/SSA/wss_SSA_MI075_soildb_US_2003_[2025-09-04].zip
MI077	https://websoilsurvey.sc.egov.usda.gov/DSD/Download/Cache/SSA/wss_SSA_MI077_soildb_US_2003_[2025-09-04].zip
MI079	https://websoilsurvey.sc.egov.usda.gov/DSD/Download/Cache/SSA/wss_SSA_MI079_soildb_US_2003_[2025-09-04].zip
MI081	https://websoilsurvey.sc.egov.usda.gov/DSD/Download/Cache/SSA/wss_SSA_MI081_soildb_US_2003_[2025-09-04].zip
MI087	https://websoilsurvey.sc.egov.usda.gov/DSD/Download/Cache/SSA/wss_SSA_MI087_soildb_US_2003_[2025-09-04].zip
MI089	https://websoilsurvey.sc.egov.usda.gov/DSD/Download/Cache/SSA/wss_SSA_MI089_soildb_US_2003_[2025-09-04].zip
MI091	https://websoilsurvey.sc.egov.usda.gov/DSD/Download/Cache/SSA/wss_SSA_MI091_soildb_US_2003_[2025-09-04].zip
MI093	https://websoilsurvey.sc.egov.usda.gov/DSD/Download/Cache/SSA/wss_SSA_MI093_soildb_US_2003_[2025-09-04].zip
MI095	https://websoilsurvey.sc.egov.usda.gov/DSD/Download/Cache/SSA/wss_SSA_MI095_soildb_US_2003_[2025-09-04].zip
MI097	https://websoilsurvey.sc.egov.usda.gov/DSD/Download/Cache/SSA/wss_SSA_MI097_soildb_US_2003_[2025-09-04].zip
MI099	https://websoilsurvey.sc.egov.usda.gov/DSD/Download/Cache/SSA/wss_SSA_MI099_soildb_US_2003_[2025-09-04].zip
MI103	https://websoilsurvey.sc.egov.usda.gov/DSD/Download/Cache/SSA/wss_SSA_MI103_soildb_US_2003_[2025-09-04].zip
MI105	https://websoilsurvey.sc.egov.usda.gov/DSD/Download/Cache/SSA/wss_SSA_MI105_soildb_US_2003_[2025-09-04].zip
MI107	https://websoilsurvey.sc.egov.usda.gov/DSD/Download/Cache/SSA/wss_SSA_MI107_soildb_US_2003_[2025-09-04].zip
MI109	https://websoilsurvey.sc.egov.usda.gov/DSD/Download/Cache/SSA/wss_SSA_MI109_soildb_US_2003_[2025-09-04].zip
MI111	https://websoilsurvey.sc.egov.usda.gov/DSD/Download/Cache/SSA/wss_SSA_MI111_soildb_US_2003_[2025-09-04].zip
MI113	https://websoilsurvey.sc.egov.usda.gov/DSD/Download/Cache/SSA/wss_SSA_MI113_soildb_US_2003_[2025-09-04].zip
MI115	https://websoilsurvey.sc.egov.usda.gov/DSD/Download/Cache/SSA/wss_SSA_MI115_soildb_US_2003_[2025-09-04].zip
MI117	https://websoilsurvey.sc.egov.usda.gov/DSD/Download/Cache/SSA/wss_SSA_MI117_soildb_US_2003_[2025-09-04].zip
MI119	https://websoilsurvey.sc.egov.usda.gov/DSD/Download/Cache/SSA/wss_SSA_MI119_soildb_US_2003_[2025-09-04].zip
MI121	https://websoilsurvey.sc.egov.usda.gov/DSD/Download/Cache/SSA/wss_SSA_MI121_soildb_US_2003_[2025-09-04].zip
MI123	https://websoilsurvey.sc.egov.usda.gov/DSD/Download/Cache/SSA/wss_SSA_MI123_soildb_US_2003_[2025-09-04].zip
MI125	https://websoilsurvey.sc.egov.usda.gov/DSD/Download/Cache/SSA/wss_SSA_MI125_soildb_US_2003_[2025-09-04].zip
MI127	https://websoilsurvey.sc.egov.usda.gov/DSD/Download/Cache/SSA/wss_SSA_MI127_soildb_US_2003_[2025-09-05].zip
MI129	https://websoilsurvey.sc.egov.usda.gov/DSD/Download/Cache/SSA/wss_SSA_MI129_soildb_US_2003_[2025-09-04].zip
MI131	https://websoilsurvey.sc.egov.usda.gov/DSD/Download/Cache/SSA/wss_SSA_MI131_soildb_US_2003_[2025-09-04].zip
MI133	https://websoilsurvey.sc.egov.usda.gov/DSD/Download/Cache/SSA/wss_SSA_MI133_soildb_US_2003_[2025-09-04].zip
MI135	https://websoilsurvey.sc.egov.usda.gov/DSD/Download/Cache/SSA/wss_SSA_MI135_soildb_US_2003_[2025-09-04].zip
MI137	https://websoilsurvey.sc.egov.usda.gov/DSD/Download/Cache/SSA/wss_SSA_MI137_soildb_US_2003_[2025-09-04].zip
MI139	https://websoilsurvey.sc.egov.usda.gov/DSD/Download/Cache/SSA/wss_SSA_MI139_soildb_US_2003_[2025-09-04].zip
MI141	https://websoilsurvey.sc.egov.usda.gov/DSD/Download/Cache/SSA/wss_SSA_MI141_soildb_US_2003_[2025-09-04].zip
MI143	https://websoilsurvey.sc.egov.usda.gov/DSD/Download/Cache/SSA/wss_SSA_MI143_soildb_US_2003_[2025-09-04].zip
MI145	https://websoilsurvey.sc.egov.usda.gov/DSD/Download/Cache/SSA/wss_SSA_MI145_soildb_US_2003_[2025-09-04].zip
MI147	https://websoilsurvey.sc.egov.usda.gov/DSD/Download/Cache/SSA/wss_SSA_MI147_soildb_US_2003_[2025-09-04].zip
MI149	https://websoilsurvey.sc.egov.usda.gov/DSD/Download/Cache/SSA/wss_SSA_MI149_soildb_US_2003_[2025-09-04].zip
MI151	https://websoilsurvey.sc.egov.usda.gov/DSD/Download/Cache/SSA/wss_SSA_MI151_soildb_US_2003_[2025-09-04].zip
MI153	https://websoilsurvey.sc.egov.usda.gov/DSD/Download/Cache/SSA/wss_SSA_MI153_soildb_US_2003_[2025-09-04].zip
MI155	https://websoilsurvey.sc.egov.usda.gov/DSD/Download/Cache/SSA/wss_SSA_MI155_soildb_US_2003_[2025-09-04].zip
MI157	https://websoilsurvey.sc.egov.usda.gov/DSD/Download/Cache/SSA/wss_SSA_MI157_soildb_US_2003_[2025-09-04].zip
MI159	https://websoilsurvey.sc.egov.usda.gov/DSD/Download/Cache/SSA/wss_SSA_MI159_soildb_US_2003_[2025-09-04].zip
MI161	https://websoilsurvey.sc.egov.usda.gov/DSD/Download/Cache/SSA/wss_SSA_MI161_soildb_US_2003_[2025-09-04].zip
MI163	https://websoilsurvey.sc.egov.usda.gov/DSD/Download/Cache/SSA/wss_SSA_MI163_soildb_US_2003_[2025-09-04].zip
MI600	https://websoilsurvey.sc.egov.usda.gov/DSD/Download/Cache/SSA/wss_SSA_MI600_soildb_US_2003_[2025-09-04].zip
MI605	https://websoilsurvey.sc.egov.usda.gov/DSD/Download/Cache/SSA/wss_SSA_MI605_soildb_US_2003_[2025-09-04].zip
MI606	https://websoilsurvey.sc.egov.usda.gov/DSD/Download/Cache/SSA/wss_SSA_MI606_soildb_US_2003_[2025-09-04].zip
MI614	https://websoilsurvey.sc.egov.usda.gov/DSD/Download/Cache/SSA/wss_SSA_MI614_soildb_US_2003_[2025-09-04].zip
MN001	https://websoilsurvey.sc.egov.usda.gov/DSD/Download/Cache/SSA/wss_SSA_MN001_soildb_US_2003_[2025-09-10].zip
MN003	https://websoilsurvey.sc.egov.usda.gov/DSD/Download/Cache/SSA/wss_SSA_MN003_soildb_US_2003_[2025-09-10].zip
MN005	https://websoilsurvey.sc.egov.usda.gov/DSD/Download/Cache/SSA/wss_SSA_MN005_soildb_US_2003_[2025-09-10].zip
MN007	https://websoilsurvey.sc.egov.usda.gov/DSD/Download/Cache/SSA/wss_SSA_MN007_soildb_US_2003_[2025-09-10].zip
MN009	https://websoilsurvey.sc.egov.usda.gov/DSD/Download/Cache/SSA/wss_SSA_MN009_soildb_US_2003_[2025-09-10].zip
MN011	https://websoilsurvey.sc.egov.usda.gov/DSD/Download/Cache/SSA/wss_SSA_MN011_soildb_US_2003_[2025-09-09].zip
MN013	https://websoilsurvey.sc.egov.usda.gov/DSD/Download/Cache/SSA/wss_SSA_MN013_soildb_US_2003_[2025-09-09].zip
MN015	https://websoilsurvey.sc.egov.usda.gov/DSD/Download/Cache/SSA/wss_SSA_MN015_soildb_US_2003_[2025-09-09].zip
MN017	https://websoilsurvey.sc.egov.usda.gov/DSD/Download/Cache/SSA/wss_SSA_MN017_soildb_US_2003_[2025-09-09].zip
MN019	https://websoilsurvey.sc.egov.usda.gov/DSD/Download/Cache/SSA/wss_SSA_MN019_soildb_US_2003_[2025-09-09].zip
MN021	https://websoilsurvey.sc.egov.usda.gov/DSD/Download/Cache/SSA/wss_SSA_MN021_soildb_US_2003_[2025-09-10].zip
MN023	https://websoilsurvey.sc.egov.usda.gov/DSD/Download/Cache/SSA/wss_SSA_MN023_soildb_US_2003_[2025-09-10].zip
MN025	https://websoilsurvey.sc.egov.usda.gov/DSD/Download/Cache/SSA/wss_SSA_MN025_soildb_US_2003_[2025-09-10].zip
MN027	https://websoilsurvey.sc.egov.usda.gov/DSD/Download/Cache/SSA/wss_SSA_MN027_soildb_US_2003_[2025-09-10].zip
MN029	https://websoilsurvey.sc.egov.usda.gov/DSD/Download/Cache/SSA/wss_SSA_MN029_soildb_US_2003_[2025-09-10].zip
MN031	https://websoilsurvey.sc.egov.usda.gov/DSD/Download/Cache/SSA/wss_SSA_MN031_soildb_US_2003_[2025-09-10].zip
MN033	https://websoilsurvey.sc.egov.usda.gov/DSD/Download/Cache/SSA/wss_SSA_MN033_soildb_US_2003_[2025-09-10].zip
MN035	https://websoilsurvey.sc.egov.usda.gov/DSD/Download/Cache/SSA/wss_SSA_MN035_soildb_US_2003_[2025-09-10].zip
MN037	https://websoilsurvey.sc.egov.usda.gov/DSD/Download/Cache/SSA/wss_SSA_MN037_soildb_US_2003_[2025-09-10].zip
MN039	https://websoilsurvey.sc.egov.usda.gov/DSD/Download/Cache/SSA/wss_SSA_MN039_soildb_US_2003_[2025-09-10].zip
MN041	https://websoilsurvey.sc.egov.usda.gov/DSD/Download/Cache/SSA/wss_SSA_MN041_soildb_US_2003_[2025-09-10].zip
MN043	https://websoilsurvey.sc.egov.usda.gov/DSD/Download/Cache/SSA/wss_SSA_MN043_soildb_US_2003_[2025-09-10].zip
MN045	https://websoilsurvey.sc.egov.usda.gov/DSD/Download/Cache/SSA/wss_SSA_MN045_soildb_US_2003_[2025-09-10].zip
MN047	https://websoilsurvey.sc.egov.usda.gov/DSD/Download/Cache/SSA/wss_SSA_MN047_soildb_US_2003_[2025-09-10].zip
MN049	https://websoilsurvey.sc.egov.usda.gov/DSD/Download/Cache/SSA/wss_SSA_MN049_soildb_US_2003_[2025-09-10].zip
MN051	https://websoilsurvey.sc.egov.usda.gov/DSD/Download/Cache/SSA/wss_SSA_MN051_soildb_US_2003_[2025-09-10].zip
MN053	https://websoilsurvey.sc.egov.usda.gov/DSD/Download/Cache/SSA/wss_SSA_MN053_soildb_US_2003_[2025-09-10].zip
MN055	https://websoilsurvey.sc.egov.usda.gov/DSD/Download/Cache/SSA/wss_SSA_MN055_soildb_US_2003_[2025-09-10].zip
MN057	https://websoilsurvey.sc.egov.usda.gov/DSD/Download/Cache/SSA/wss_SSA_MN057_soildb_US_2003_[2025-09-10].zip
MN059	https://websoilsurvey.sc.egov.usda.gov/DSD/Download/Cache/SSA/wss_SSA_MN059_soildb_US_2003_[2025-09-10].zip
MN061	https://websoilsurvey.sc.egov.usda.gov/DSD/Download/Cache/SSA/wss_SSA_MN061_soildb_US_2003_[2025-09-10].zip
MN063	https://websoilsurvey.sc.egov.usda.gov/DSD/Download/Cache/SSA/wss_SSA_MN063_soildb_US_2003_[2025-09-10].zip
MN065	https://websoilsurvey.sc.egov.usda.gov/DSD/Download/Cache/SSA/wss_SSA_MN065_soildb_US_2003_[2025-09-10].zip
MN067	https://websoilsurvey.sc.egov.usda.gov/DSD/Download/Cache/SSA/wss_SSA_MN067_soildb_US_2003_[2025-09-10].zip
MN069	https://websoilsurvey.sc.egov.usda.gov/DSD/Download/Cache/SSA/wss_SSA_MN069_soildb_US_2003_[2025-09-10].zip
MN073	https://websoilsurvey.sc.egov.usda.gov/DSD/Download/Cache/SSA/wss_SSA_MN073_soildb_US_2003_[2025-09-10].zip
MN075	https://websoilsurvey.sc.egov.usda.gov/DSD/Download/Cache/SSA/wss_SSA_MN075_soildb_US_2003_[2025-09-10].zip
MN077	https://websoilsurvey.sc.egov.usda.gov/DSD/Download/Cache/SSA/wss_SSA_MN077_soildb_US_2003_[2025-09-10].zip
MN079	https://websoilsurvey.sc.egov.usda.gov/DSD/Download/Cache/SSA/wss_SSA_MN079_soildb_US_2003_[2025-09-10].zip
MN081	https://websoilsurvey.sc.egov.usda.gov/DSD/Download/Cache/SSA/wss_SSA_MN081_soildb_US_2003_[2025-09-10].zip
MN083	https://websoilsurvey.sc.egov.usda.gov/DSD/Download/Cache/SSA/wss_SSA_MN083_soildb_US_2003_[2025-09-10].zip
MN085	https://websoilsurvey.sc.egov.usda.gov/DSD/Download/Cache/SSA/wss_SSA_MN085_soildb_US_2003_[2025-09-10].zip
MN087	https://websoilsurvey.sc.egov.usda.gov/DSD/Download/Cache/SSA/wss_SSA_MN087_soildb_US_2003_[2025-09-10].zip
MN089	https://websoilsurvey.sc.egov.usda.gov/DSD/Download/Cache/SSA/wss_SSA_MN089_soildb_US_2003_[2025-09-10].zip
MN091	https://websoilsurvey.sc.egov.usda.gov/DSD/Download/Cache/SSA/wss_SSA_MN091_soildb_US_2003_[2025-09-10].zip
MN093	https://websoilsurvey.sc.egov.usda.gov/DSD/Download/Cache/SSA/wss_SSA_MN093_soildb_US_2003_[2025-09-10].zip
MN095	https://websoilsurvey.sc.egov.usda.gov/DSD/Download/Cache/SSA/wss_SSA_MN095_soildb_US_2003_[2025-09-10].zip
MN097	https://websoilsurvey.sc.egov.usda.gov/DSD/Download/Cache/SSA/wss_SSA_MN097_soildb_US_2003_[2025-09-10].zip
MN099	https://websoilsurvey.sc.egov.usda.gov/DSD/Download/Cache/SSA/wss_SSA_MN099_soildb_US_2003_[2025-09-10].zip
MN101	https://websoilsurvey.sc.egov.usda.gov/DSD/Download/Cache/SSA/wss_SSA_MN101_soildb_US_2003_[2025-09-10].zip
MN103	https://websoilsurvey.sc.egov.usda.gov/DSD/Download/Cache/SSA/wss_SSA_MN103_soildb_US_2003_[2025-09-10].zip
MN105	https://websoilsurvey.sc.egov.usda.gov/DSD/Download/Cache/SSA/wss_SSA_MN105_soildb_US_2003_[2025-09-10].zip
MN107	https://websoilsurvey.sc.egov.usda.gov/DSD/Download/Cache/SSA/wss_SSA_MN107_soildb_US_2003_[2025-09-10].zip
MN109	https://websoilsurvey.sc.egov.usda.gov/DSD/Download/Cache/SSA/wss_SSA_MN109_soildb_US_2003_[2025-09-10].zip
MN111	https://websoilsurvey.sc.egov.usda.gov/DSD/Download/Cache/SSA/wss_SSA_MN111_soildb_US_2003_[2025-09-10].zip
MN113	https://websoilsurvey.sc.egov.usda.gov/DSD/Download/Cache/SSA/wss_SSA_MN113_soildb_US_2003_[2025-09-10].zip
MN115	https://websoilsurvey.sc.egov.usda.gov/DSD/Download/Cache/SSA/wss_SSA_MN115_soildb_US_2003_[2025-09-10].zip
MN117	https://websoilsurvey.sc.egov.usda.gov/DSD/Download/Cache/SSA/wss_SSA_MN117_soildb_US_2003_[2025-09-10].zip
MN119	https://websoilsurvey.sc.egov.usda.gov/DSD/Download/Cache/SSA/wss_SSA_MN119_soildb_US_2003_[2025-09-10].zip
MN121	https://websoilsurvey.sc.egov.usda.gov/DSD/Download/Cache/SSA/wss_SSA_MN121_soildb_US_2003_[2025-09-10].zip
MN123	https://websoilsurvey.sc.egov.usda.gov/DSD/Download/Cache/SSA/wss_SSA_MN123_soildb_US_2003_[2025-09-10].zip
MN125	https://websoilsurvey.sc.egov.usda.gov/DSD/Download/Cache/SSA/wss_SSA_MN125_soildb_US_2003_[2025-09-10].zip
MN127	https://websoilsurvey.sc.egov.usda.gov/DSD/Download/Cache/SSA/wss_SSA_MN127_soildb_US_2003_[2025-09-10].zip
MN129	https://websoilsurvey.sc.egov.usda.gov/DSD/Download/Cache/SSA/wss_SSA_MN129_soildb_US_2003_[2025-09-10].zip
MN131	https://websoilsurvey.sc.egov.usda.gov/DSD/Download/Cache/SSA/wss_SSA_MN131_soildb_US_2003_[2025-09-10].zip
MN133	https://websoilsurvey.sc.egov.usda.gov/DSD/Download/Cache/SSA/wss_SSA_MN133_soildb_US_2003_[2025-09-10].zip
MN135	https://websoilsurvey.sc.egov.usda.gov/DSD/Download/Cache/SSA/wss_SSA_MN135_soildb_US_2003_[2025-09-10].zip
MN139	https://websoilsurvey.sc.egov.usda.gov/DSD/Download/Cache/SSA/wss_SSA_MN139_soildb_US_2003_[2025-09-10].zip
MN141	https://websoilsurvey.sc.egov.usda.gov/DSD/Download/Cache/SSA/wss_SSA_MN141_soildb_US_2003_[2025-09-10].zip
MN143	https://websoilsurvey.sc.egov.usda.gov/DSD/Download/Cache/SSA/wss_SSA_MN143_soildb_US_2003_[2025-09-10].zip
MN145	https://websoilsurvey.sc.egov.usda.gov/DSD/Download/Cache/SSA/wss_SSA_MN145_soildb_US_2003_[2025-09-10].zip
MN147	https://websoilsurvey.sc.egov.usda.gov/DSD/Download/Cache/SSA/wss_SSA_MN147_soildb_US_2003_[2025-09-10].zip
MN149	https://websoilsurvey.sc.egov.usda.gov/DSD/Download/Cache/SSA/wss_SSA_MN149_soildb_US_2003_[2025-09-10].zip
MN151	https://websoilsurvey.sc.egov.usda.gov/DSD/Download/Cache/SSA/wss_SSA_MN151_soildb_US_2003_[2025-09-10].zip
MN153	https://websoilsurvey.sc.egov.usda.gov/DSD/Download/Cache/SSA/wss_SSA_MN153_soildb_US_2003_[2025-09-10].zip
MN155	https://websoilsurvey.sc.egov.usda.gov/DSD/Download/Cache/SSA/wss_SSA_MN155_soildb_US_2003_[2025-09-10].zip
MN157	https://websoilsurvey.sc.egov.usda.gov/DSD/Download/Cache/SSA/wss_SSA_MN157_soildb_US_2003_[2025-09-10].zip
MN159	https://websoilsurvey.sc.egov.usda.gov/DSD/Download/Cache/SSA/wss_SSA_MN159_soildb_US_2003_[2025-09-10].zip
MN161	https://websoilsurvey.sc.egov.usda.gov/DSD/Download/Cache/SSA/wss_SSA_MN161_soildb_US_2003_[2025-09-10].zip
MN163	https://websoilsurvey.sc.egov.usda.gov/DSD/Download/Cache/SSA/wss_SSA_MN163_soildb_US_2003_[2025-09-10].zip
MN165	https://websoilsurvey.sc.egov.usda.gov/DSD/Download/Cache/SSA/wss_SSA_MN165_soildb_US_2003_[2025-09-10].zip
MN167	https://websoilsurvey.sc.egov.usda.gov/DSD/Download/Cache/SSA/wss_SSA_MN167_soildb_US_2003_[2025-09-10].zip
MN169	https://websoilsurvey.sc.egov.usda.gov/DSD/Download/Cache/SSA/wss_SSA_MN169_soildb_US_2003_[2025-09-10].zip
MN171	https://websoilsurvey.sc.egov.usda.gov/DSD/Download/Cache/SSA/wss_SSA_MN171_soildb_US_2003_[2025-09-10].zip
MN173	https://websoilsurvey.sc.egov.usda.gov/DSD/Download/Cache/SSA/wss_SSA_MN173_soildb_US_2003_[2025-09-10].zip
MN613	https://websoilsurvey.sc.egov.usda.gov/DSD/Download/Cache/SSA/wss_SSA_MN613_soildb_US_2003_[2025-09-10].zip
MN615	https://websoilsurvey.sc.egov.usda.gov/DSD/Download/Cache/SSA/wss_SSA_MN615_soildb_US_2003_[2025-09-10].zip
MN617	https://websoilsurvey.sc.egov.usda.gov/DSD/Download/Cache/SSA/wss_SSA_MN617_soildb_US_2003_[2025-09-10].zip
MN619	https://websoilsurvey.sc.egov.usda.gov/DSD/Download/Cache/SSA/wss_SSA_MN619_soildb_US_2003_[2025-09-10].zip
MN621	https://websoilsurvey.sc.egov.usda.gov/DSD/Download/Cache/SSA/wss_SSA_MN621_soildb_US_2003_[2025-09-10].zip
MN625	https://websoilsurvey.sc.egov.usda.gov/DSD/Download/Cache/SSA/wss_SSA_MN625_soildb_US_2003_[2025-09-10].zip
MN627	https://websoilsurvey.sc.egov.usda.gov/DSD/Download/Cache/SSA/wss_SSA_MN627_soildb_US_2003_[2025-09-10].zip
MO001	https://websoilsurvey.sc.egov.usda.gov/DSD/Download/Cache/SSA/wss_SSA_MO001_soildb_US_2003_[2025-08-28].zip
MO003	https://websoilsurvey.sc.egov.usda.gov/DSD/Download/Cache/SSA/wss_SSA_MO003_soildb_US_2003_[2025-08-28].zip
MO005	https://websoilsurvey.sc.egov.usda.gov/DSD/Download/Cache/SSA/wss_SSA_MO005_soildb_US_2003_[2025-08-28].zip
MO007	https://websoilsurvey.sc.egov.usda.gov/DSD/Download/Cache/SSA/wss_SSA_MO007_soildb_US_2003_[2025-08-28].zip
MO009	https://websoilsurvey.sc.egov.usda.gov/DSD/Download/Cache/SSA/wss_SSA_MO009_soildb_US_2003_[2025-08-28].zip
MO011	https://websoilsurvey.sc.egov.usda.gov/DSD/Download/Cache/SSA/wss_SSA_MO011_soildb_US_2003_[2025-09-02].zip
MO013	https://websoilsurvey.sc.egov.usda.gov/DSD/Download/Cache/SSA/wss_SSA_MO013_soildb_US_2003_[2025-09-02].zip
MO015	https://websoilsurvey.sc.egov.usda.gov/DSD/Download/Cache/SSA/wss_SSA_MO015_soildb_US_2003_[2025-09-02].zip
MO017	https://websoilsurvey.sc.egov.usda.gov/DSD/Download/Cache/SSA/wss_SSA_MO017_soildb_US_2003_[2025-09-02].zip
MO019	https://websoilsurvey.sc.egov.usda.gov/DSD/Download/Cache/SSA/wss_SSA_MO019_soildb_US_2003_[2025-09-02].zip
MO021	https://websoilsurvey.sc.egov.usda.gov/DSD/Download/Cache/SSA/wss_SSA_MO021_soildb_US_2003_[2025-09-02].zip
MO023	https://websoilsurvey.sc.egov.usda.gov/DSD/Download/Cache/SSA/wss_SSA_MO023_soildb_US_2003_[2025-09-02].zip
MO025	https://websoilsurvey.sc.egov.usda.gov/DSD/Download/Cache/SSA/wss_SSA_MO025_soildb_US_2003_[2025-09-02].zip
MO027	https://websoilsurvey.sc.egov.usda.gov/DSD/Download/Cache/SSA/wss_SSA_MO027_soildb_US_2003_[2025-09-02].zip
MO029	https://websoilsurvey.sc.egov.usda.gov/DSD/Download/Cache/SSA/wss_SSA_MO029_soildb_US_2003_[2025-09-02].zip
MO031	https://websoilsurvey.sc.egov.usda.gov/DSD/Download/Cache/SSA/wss_SSA_MO031_soildb_US_2003_[2025-09-02].zip
MO033	https://websoilsurvey.sc.egov.usda.gov/DSD/Download/Cache/SSA/wss_SSA_MO033_soildb_US_2003_[2025-09-02].zip
MO035	https://websoilsurvey.sc.egov.usda.gov/DSD/Download/Cache/SSA/wss_SSA_MO035_soildb_US_2003_[2025-09-02].zip
MO037	https://websoilsurvey.sc.egov.usda.gov/DSD/Download/Cache/SSA/wss_SSA_MO037_soildb_US_2003_[2025-09-02].zip
MO039	https://websoilsurvey.sc.egov.usda.gov/DSD/Download/Cache/SSA/wss_SSA_MO039_soildb_US_2003_[2025-09-02].zip
MO041	https://websoilsurvey.sc.egov.usda.gov/DSD/Download/Cache/SSA/wss_SSA_MO041_soildb_US_2003_[2025-09-02].zip
MO043	https://websoilsurvey.sc.egov.usda.gov/DSD/Download/Cache/SSA/wss_SSA_MO043_soildb_US_2003_[2025-09-03].zip
MO045	https://websoilsurvey.sc.egov.usda.gov/DSD/Download/Cache/SSA/wss_SSA_MO045_soildb_US_2003_[2025-09-03].zip
MO047	https://websoilsurvey.sc.egov.usda.gov/DSD/Download/Cache/SSA/wss_SSA_MO047_soildb_US_2003_[2025-09-03].zip
MO049	https://websoilsurvey.sc.egov.usda.gov/DSD/Download/Cache/SSA/wss_SSA_MO049_soildb_US_2003_[2025-09-02].zip
MO051	https://websoilsurvey.sc.egov.usda.gov/DSD/Download/Cache/SSA/wss_SSA_MO051_soildb_US_2003_[2025-09-02].zip
MO053	https://websoilsurvey.sc.egov.usda.gov/DSD/Download/Cache/SSA/wss_SSA_MO053_soildb_US_2003_[2025-09-02].zip
MO055	https://websoilsurvey.sc.egov.usda.gov/DSD/Download/Cache/SSA/wss_SSA_MO055_soildb_US_2003_[2025-09-02].zip
MO057	https://websoilsurvey.sc.egov.usda.gov/DSD/Download/Cache/SSA/wss_SSA_MO057_soildb_US_2003_[2025-09-02].zip
MO059	https://websoilsurvey.sc.egov.usda.gov/DSD/Download/Cache/SSA/wss_SSA_MO059_soildb_US_2003_[2025-09-02].zip
MO061	https://websoilsurvey.sc.egov.usda.gov/DSD/Download/Cache/SSA/wss_SSA_MO061_soildb_US_2003_[2025-09-02].zip
MO063	https://websoilsurvey.sc.egov.usda.gov/DSD/Download/Cache/SSA/wss_SSA_MO063_soildb_US_2003_[2025-09-02].zip
MO065	https://websoilsurvey.sc.egov.usda.gov/DSD/Download/Cache/SSA/wss_SSA_MO065_soildb_US_2003_[2025-09-02].zip
MO067	https://websoilsurvey.sc.egov.usda.gov/DSD/Download/Cache/SSA/wss_SSA_MO067_soildb_US_2003_[2025-09-02].zip
MO069	https://websoilsurvey.sc.egov.usda.gov/DSD/Download/Cache/SSA/wss_SSA_MO069_soildb_US_2003_[2025-09-02].zip
MO071	https://websoilsurvey.sc.egov.usda.gov/DSD/Download/Cache/SSA/wss_SSA_MO071_soildb_US_2003_[2025-09-02].zip
MO073	https://websoilsurvey.sc.egov.usda.gov/DSD/Download/Cache/SSA/wss_SSA_MO073_soildb_US_2003_[2025-09-02].zip
MO075	https://websoilsurvey.sc.egov.usda.gov/DSD/Download/Cache/SSA/wss_SSA_MO075_soildb_US_2003_[2025-09-02].zip
MO077	https://websoilsurvey.sc.egov.usda.gov/DSD/Download/Cache/SSA/wss_SSA_MO077_soildb_US_2003_[2025-09-02].zip
MO079	https://websoilsurvey.sc.egov.usda.gov/DSD/Download/Cache/SSA/wss_SSA_MO079_soildb_US_2003_[2025-09-02].zip
MO081	https://websoilsurvey.sc.egov.usda.gov/DSD/Download/Cache/SSA/wss_SSA_MO081_soildb_US_2003_[2025-09-02].zip
MO083	https://websoilsurvey.sc.egov.usda.gov/DSD/Download/Cache/SSA/wss_SSA_MO083_soildb_US_2003_[2025-09-02].zip
MO085	https://websoilsurvey.sc.egov.usda.gov/DSD/Download/Cache/SSA/wss_SSA_MO085_soildb_US_2003_[2025-09-02].zip
MO087	https://websoilsurvey.sc.egov.usda.gov/DSD/Download/Cache/SSA/wss_SSA_MO087_soildb_US_2003_[2025-09-02].zip
MO089	https://websoilsurvey.sc.egov.usda.gov/DSD/Download/Cache/SSA/wss_SSA_MO089_soildb_US_2003_[2025-09-02].zip
MO091	https://websoilsurvey.sc.egov.usda.gov/DSD/Download/Cache/SSA/wss_SSA_MO091_soildb_US_2003_[2025-09-02].zip
MO093	https://websoilsurvey.sc.egov.usda.gov/DSD/Download/Cache/SSA/wss_SSA_MO093_soildb_US_2003_[2025-09-02].zip
MO095	https://websoilsurvey.sc.egov.usda.gov/DSD/Download/Cache/SSA/wss_SSA_MO095_soildb_US_2003_[2025-09-02].zip
MO097	https://websoilsurvey.sc.egov.usda.gov/DSD/Download/Cache/SSA/wss_SSA_MO097_soildb_US_2003_[2025-09-02].zip
MO099	https://websoilsurvey.sc.egov.usda.gov/DSD/Download/Cache/SSA/wss_SSA_MO099_soildb_US_2003_[2025-09-02].zip
MO101	https://websoilsurvey.sc.egov.usda.gov/DSD/Download/Cache/SSA/wss_SSA_MO101_soildb_US_2003_[2025-09-02].zip
MO103	https://websoilsurvey.sc.egov.usda.gov/DSD/Download/Cache/SSA/wss_SSA_MO103_soildb_US_2003_[2025-09-02].zip
MO105	https://websoilsurvey.sc.egov.usda.gov/DSD/Download/Cache/SSA/wss_SSA_MO105_soildb_US_2003_[2025-09-02].zip
MO107	https://websoilsurvey.sc.egov.usda.gov/DSD/Download/Cache/SSA/wss_SSA_MO107_soildb_US_2003_[2025-09-02].zip
MO109	https://websoilsurvey.sc.egov.usda.gov/DSD/Download/Cache/SSA/wss_SSA_MO109_soildb_US_2003_[2025-09-02].zip
MO111	https://websoilsurvey.sc.egov.usda.gov/DSD/Download/Cache/SSA/wss_SSA_MO111_soildb_US_2003_[2025-09-02].zip
MO113	https://websoilsurvey.sc.egov.usda.gov/DSD/Download/Cache/SSA/wss_SSA_MO113_soildb_US_2003_[2025-09-02].zip
MO115	https://websoilsurvey.sc.egov.usda.gov/DSD/Download/Cache/SSA/wss_SSA_MO115_soildb_US_2003_[2025-09-02].zip
MO117	https://websoilsurvey.sc.egov.usda.gov/DSD/Download/Cache/SSA/wss_SSA_MO117_soildb_US_2003_[2025-09-02].zip
MO119	https://websoilsurvey.sc.egov.usda.gov/DSD/Download/Cache/SSA/wss_SSA_MO119_soildb_US_2003_[2025-09-02].zip
MO121	https://websoilsurvey.sc.egov.usda.gov/DSD/Download/Cache/SSA/wss_SSA_MO121_soildb_US_2003_[2025-09-02].zip
MO123	https://websoilsurvey.sc.egov.usda.gov/DSD/Download/Cache/SSA/wss_SSA_MO123_soildb_US_2003_[2025-09-02].zip
MO125	https://websoilsurvey.sc.egov.usda.gov/DSD/Download/Cache/SSA/wss_SSA_MO125_soildb_US_2003_[2025-09-02].zip
MO127	https://websoilsurvey.sc.egov.usda.gov/DSD/Download/Cache/SSA/wss_SSA_MO127_soildb_US_2003_[2025-09-02].zip
MO129	https://websoilsurvey.sc.egov.usda.gov/DSD/Download/Cache/SSA/wss_SSA_MO129_soildb_US_2003_[2025-09-02].zip
MO131	https://websoilsurvey.sc.egov.usda.gov/DSD/Download/Cache/SSA/wss_SSA_MO131_soildb_US_2003_[2025-09-02].zip
MO133	https://websoilsurvey.sc.egov.usda.gov/DSD/Download/Cache/SSA/wss_SSA_MO133_soildb_US_2003_[2025-09-02].zip
MO135	https://websoilsurvey.sc.egov.usda.gov/DSD/Download/Cache/SSA/wss_SSA_MO135_soildb_US_2003_[2025-09-02].zip
MO137	https://websoilsurvey.sc.egov.usda.gov/DSD/Download/Cache/SSA/wss_SSA_MO137_soildb_US_2003_[2025-09-02].zip
MO139	https://websoilsurvey.sc.egov.usda.gov/DSD/Download/Cache/SSA/wss_SSA_MO139_soildb_US_2003_[2025-09-02].zip
MO141	https://websoilsurvey.sc.egov.usda.gov/DSD/Download/Cache/SSA/wss_SSA_MO141_soildb_US_2003_[2025-09-02].zip
MO143	https://websoilsurvey.sc.egov.usda.gov/DSD/Download/Cache/SSA/wss_SSA_MO143_soildb_US_2003_[2025-09-02].zip
MO145	https://websoilsurvey.sc.egov.usda.gov/DSD/Download/Cache/SSA/wss_SSA_MO145_soildb_US_2003_[2025-09-02].zip
MO147	https://websoilsurvey.sc.egov.usda.gov/DSD/Download/Cache/SSA/wss_SSA_MO147_soildb_US_2003_[2025-09-02].zip
MO149	https://websoilsurvey.sc.egov.usda.gov/DSD/Download/Cache/SSA/wss_SSA_MO149_soildb_US_2003_[2025-09-02].zip
MO151	https://websoilsurvey.sc.egov.usda.gov/DSD/Download/Cache/SSA/wss_SSA_MO151_soildb_US_2003_[2025-09-02].zip
MO153	https://websoilsurvey.sc.egov.usda.gov/DSD/Download/Cache/SSA/wss_SSA_MO153_soildb_US_2003_[2025-09-02].zip
MO155	https://websoilsurvey.sc.egov.usda.gov/DSD/Download/Cache/SSA/wss_SSA_MO155_soildb_US_2003_[2025-09-02].zip
MO157	https://websoilsurvey.sc.egov.usda.gov/DSD/Download/Cache/SSA/wss_SSA_MO157_soildb_US_2003_[2025-09-02].zip
MO159	https://websoilsurvey.sc.egov.usda.gov/DSD/Download/Cache/SSA/wss_SSA_MO159_soildb_US_2003_[2025-09-02].zip
MO161	https://websoilsurvey.sc.egov.usda.gov/DSD/Download/Cache/SSA/wss_SSA_MO161_soildb_US_2003_[2025-09-02].zip
MO163	https://websoilsurvey.sc.egov.usda.gov/DSD/Download/Cache/SSA/wss_SSA_MO163_soildb_US_2003_[2025-09-02].zip
MO165	https://websoilsurvey.sc.egov.usda.gov/DSD/Download/Cache/SSA/wss_SSA_MO165_soildb_US_2003_[2025-09-02].zip
MO167	https://websoilsurvey.sc.egov.usda.gov/DSD/Download/Cache/SSA/wss_SSA_MO167_soildb_US_2003_[2025-09-02].zip
MO169	https://websoilsurvey.sc.egov.usda.gov/DSD/Download/Cache/SSA/wss_SSA_MO169_soildb_US_2003_[2025-09-02].zip
MO171	https://websoilsurvey.sc.egov.usda.gov/DSD/Download/Cache/SSA/wss_SSA_MO171_soildb_US_2003_[2025-09-02].zip
MO173	https://websoilsurvey.sc.egov.usda.gov/DSD/Download/Cache/SSA/wss_SSA_MO173_soildb_US_2003_[2025-09-02].zip
MO175	https://websoilsurvey.sc.egov.usda.gov/DSD/Download/Cache/SSA/wss_SSA_MO175_soildb_US_2003_[2025-09-02].zip
MO177	https://websoilsurvey.sc.egov.usda.gov/DSD/Download/Cache/SSA/wss_SSA_MO177_soildb_US_2003_[2025-09-02].zip
MO179	https://websoilsurvey.sc.egov.usda.gov/DSD/Download/Cache/SSA/wss_SSA_MO179_soildb_US_2003_[2025-09-02].zip
MO181	https://websoilsurvey.sc.egov.usda.gov/DSD/Download/Cache/SSA/wss_SSA_MO181_soildb_US_2003_[2025-09-02].zip
MO183	https://websoilsurvey.sc.egov.usda.gov/DSD/Download/Cache/SSA/wss_SSA_MO183_soildb_US_2003_[2025-09-02].zip
MO185	https://websoilsurvey.sc.egov.usda.gov/DSD/Download/Cache/SSA/wss_SSA_MO185_soildb_US_2003_[2025-09-02].zip
MO186	https://websoilsurvey.sc.egov.usda.gov/DSD/Download/Cache/SSA/wss_SSA_MO186_soildb_US_2003_[2025-09-02].zip
MO187	https://websoilsurvey.sc.egov.usda.gov/DSD/Download/Cache/SSA/wss_SSA_MO187_soildb_US_2003_[2025-09-02].zip
MO189	https://websoilsurvey.sc.egov.usda.gov/DSD/Download/Cache/SSA/wss_SSA_MO189_soildb_US_2003_[2025-09-02].zip
MO195	https://websoilsurvey.sc.egov.usda.gov/DSD/Download/Cache/SSA/wss_SSA_MO195_soildb_US_2003_[2025-09-02].zip
MO197	https://websoilsurvey.sc.egov.usda.gov/DSD/Download/Cache/SSA/wss_SSA_MO197_soildb_US_2003_[2025-09-02].zip
MO199	https://websoilsurvey.sc.egov.usda.gov/DSD/Download/Cache/SSA/wss_SSA_MO199_soildb_US_2003_[2025-09-02].zip
MO201	https://websoilsurvey.sc.egov.usda.gov/DSD/Download/Cache/SSA/wss_SSA_MO201_soildb_US_2003_[2025-09-02].zip
MO203	https://websoilsurvey.sc.egov.usda.gov/DSD/Download/Cache/SSA/wss_SSA_MO203_soildb_US_2003_[2025-09-02].zip
MO205	https://websoilsurvey.sc.egov.usda.gov/DSD/Download/Cache/SSA/wss_SSA_MO205_soildb_US_2003_[2025-09-02].zip
MO207	https://websoilsurvey.sc.egov.usda.gov/DSD/Download/Cache/SSA/wss_SSA_MO207_soildb_US_2003_[2025-09-02].zip
MO209	https://websoilsurvey.sc.egov.usda.gov/DSD/Download/Cache/SSA/wss_SSA_MO209_soildb_US_2003_[2025-09-02].zip
MO211	https://websoilsurvey.sc.egov.usda.gov/DSD/Download/Cache/SSA/wss_SSA_MO211_soildb_US_2003_[2025-09-02].zip
MO213	https://websoilsurvey.sc.egov.usda.gov/DSD/Download/Cache/SSA/wss_SSA_MO213_soildb_US_2003_[2025-09-02].zip
MO215	https://websoilsurvey.sc.egov.usda.gov/DSD/Download/Cache/SSA/wss_SSA_MO215_soildb_US_2003_[2025-09-02].zip
MO217	https://websoilsurvey.sc.egov.usda.gov/DSD/Download/Cache/SSA/wss_SSA_MO217_soildb_US_2003_[2025-09-02].zip
MO219	https://websoilsurvey.sc.egov.usda.gov/DSD/Download/Cache/SSA/wss_SSA_MO219_soildb_US_2003_[2025-09-02].zip
MO221	https://websoilsurvey.sc.egov.usda.gov/DSD/Download/Cache/SSA/wss_SSA_MO221_soildb_US_2003_[2025-09-02].zip
MO223	https://websoilsurvey.sc.egov.usda.gov/DSD/Download/Cache/SSA/wss_SSA_MO223_soildb_US_2003_[2025-09-02].zip
MO225	https://websoilsurvey.sc.egov.usda.gov/DSD/Download/Cache/SSA/wss_SSA_MO225_soildb_US_2003_[2025-08-28].zip
MO227	https://websoilsurvey.sc.egov.usda.gov/DSD/Download/Cache/SSA/wss_SSA_MO227_soildb_US_2003_[2025-08-28].zip
MO229	https://websoilsurvey.sc.egov.usda.gov/DSD/Download/Cache/SSA/wss_SSA_MO229_soildb_US_2003_[2025-08-28].zip
MP645	https://websoilsurvey.sc.egov.usda.gov/DSD/Download/Cache/SSA/wss_SSA_MP645_soildb_US_2003_[2025-09-09].zip
MP646	https://websoilsurvey.sc.egov.usda.gov/DSD/Download/Cache/SSA/wss_SSA_MP646_soildb_US_2003_[2025-09-09].zip
MS001	https://websoilsurvey.sc.egov.usda.gov/DSD/Download/Cache/SSA/wss_SSA_MS001_soildb_US_2003_[2025-09-04].zip
MS003	https://websoilsurvey.sc.egov.usda.gov/DSD/Download/Cache/SSA/wss_SSA_MS003_soildb_US_2003_[2025-09-04].zip
MS005	https://websoilsurvey.sc.egov.usda.gov/DSD/Download/Cache/SSA/wss_SSA_MS005_soildb_US_2003_[2025-09-04].zip
MS007	https://websoilsurvey.sc.egov.usda.gov/DSD/Download/Cache/SSA/wss_SSA_MS007_soildb_US_2003_[2025-09-04].zip
MS009	https://websoilsurvey.sc.egov.usda.gov/DSD/Download/Cache/SSA/wss_SSA_MS009_soildb_US_2003_[2025-09-04].zip
MS011	https://websoilsurvey.sc.egov.usda.gov/DSD/Download/Cache/SSA/wss_SSA_MS011_soildb_US_2003_[2025-09-04].zip
MS013	https://websoilsurvey.sc.egov.usda.gov/DSD/Download/Cache/SSA/wss_SSA_MS013_soildb_US_2003_[2025-09-04].zip
MS015	https://websoilsurvey.sc.egov.usda.gov/DSD/Download/Cache/SSA/wss_SSA_MS015_soildb_US_2003_[2025-09-04].zip
MS017	https://websoilsurvey.sc.egov.usda.gov/DSD/Download/Cache/SSA/wss_SSA_MS017_soildb_US_2003_[2025-09-04].zip
MS019	https://websoilsurvey.sc.egov.usda.gov/DSD/Download/Cache/SSA/wss_SSA_MS019_soildb_US_2003_[2025-09-04].zip
MS021	https://websoilsurvey.sc.egov.usda.gov/DSD/Download/Cache/SSA/wss_SSA_MS021_soildb_US_2003_[2025-09-04].zip
MS023	https://websoilsurvey.sc.egov.usda.gov/DSD/Download/Cache/SSA/wss_SSA_MS023_soildb_US_2003_[2025-09-04].zip
MS025	https://websoilsurvey.sc.egov.usda.gov/DSD/Download/Cache/SSA/wss_SSA_MS025_soildb_US_2003_[2025-09-04].zip
MS027	https://websoilsurvey.sc.egov.usda.gov/DSD/Download/Cache/SSA/wss_SSA_MS027_soildb_US_2003_[2025-09-04].zip
MS029	https://websoilsurvey.sc.egov.usda.gov/DSD/Download/Cache/SSA/wss_SSA_MS029_soildb_US_2003_[2025-09-04].zip
MS031	https://websoilsurvey.sc.egov.usda.gov/DSD/Download/Cache/SSA/wss_SSA_MS031_soildb_US_2003_[2025-09-04].zip
MS033	https://websoilsurvey.sc.egov.usda.gov/DSD/Download/Cache/SSA/wss_SSA_MS033_soildb_US_2003_[2025-09-04].zip
MS035	https://websoilsurvey.sc.egov.usda.gov/DSD/Download/Cache/SSA/wss_SSA_MS035_soildb_US_2003_[2025-09-04].zip
MS037	https://websoilsurvey.sc.egov.usda.gov/DSD/Download/Cache/SSA/wss_SSA_MS037_soildb_US_2003_[2025-09-04].zip
MS039	https://websoilsurvey.sc.egov.usda.gov/DSD/Download/Cache/SSA/wss_SSA_MS039_soildb_US_2003_[2025-09-04].zip
MS041	https://websoilsurvey.sc.egov.usda.gov/DSD/Download/Cache/SSA/wss_SSA_MS041_soildb_US_2003_[2025-09-04].zip
MS043	https://websoilsurvey.sc.egov.usda.gov/DSD/Download/Cache/SSA/wss_SSA_MS043_soildb_US_2003_[2025-09-04].zip
MS045	https://websoilsurvey.sc.egov.usda.gov/DSD/Download/Cache/SSA/wss_SSA_MS045_soildb_US_2003_[2025-09-04].zip
MS047	https://websoilsurvey.sc.egov.usda.gov/DSD/Download/Cache/SSA/wss_SSA_MS047_soildb_US_2003_[2025-09-04].zip
MS049	https://websoilsurvey.sc.egov.usda.gov/DSD/Download/Cache/SSA/wss_SSA_MS049_soildb_US_2003_[2025-09-04].zip
MS051	https://websoilsurvey.sc.egov.usda.gov/DSD/Download/Cache/SSA/wss_SSA_MS051_soildb_US_2003_[2025-09-04].zip
MS053	https://websoilsurvey.sc.egov.usda.gov/DSD/Download/Cache/SSA/wss_SSA_MS053_soildb_US_2003_[2025-09-05].zip
MS055	https://websoilsurvey.sc.egov.usda.gov/DSD/Download/Cache/SSA/wss_SSA_MS055_soildb_US_2003_[2025-09-05].zip
MS057	https://websoilsurvey.sc.egov.usda.gov/DSD/Download/Cache/SSA/wss_SSA_MS057_soildb_US_2003_[2025-09-05].zip
MS059	https://websoilsurvey.sc.egov.usda.gov/DSD/Download/Cache/SSA/wss_SSA_MS059_soildb_US_2003_[2025-09-05].zip
MS061	https://websoilsurvey.sc.egov.usda.gov/DSD/Download/Cache/SSA/wss_SSA_MS061_soildb_US_2003_[2025-09-05].zip
MS063	https://websoilsurvey.sc.egov.usda.gov/DSD/Download/Cache/SSA/wss_SSA_MS063_soildb_US_2003_[2025-09-05].zip
MS065	https://websoilsurvey.sc.egov.usda.gov/DSD/Download/Cache/SSA/wss_SSA_MS065_soildb_US_2003_[2025-09-05].zip
MS067	https://websoilsurvey.sc.egov.usda.gov/DSD/Download/Cache/SSA/wss_SSA_MS067_soildb_US_2003_[2025-09-05].zip
MS069	https://websoilsurvey.sc.egov.usda.gov/DSD/Download/Cache/SSA/wss_SSA_MS069_soildb_US_2003_[2025-09-05].zip
MS071	https://websoilsurvey.sc.egov.usda.gov/DSD/Download/Cache/SSA/wss_SSA_MS071_soildb_US_2003_[2025-09-05].zip
MS073	https://websoilsurvey.sc.egov.usda.gov/DSD/Download/Cache/SSA/wss_SSA_MS073_soildb_US_2003_[2025-09-08].zip
MS075	https://websoilsurvey.sc.egov.usda.gov/DSD/Download/Cache/SSA/wss_SSA_MS075_soildb_US_2003_[2025-09-08].zip
MS077	https://websoilsurvey.sc.egov.usda.gov/DSD/Download/Cache/SSA/wss_SSA_MS077_soildb_US_2003_[2025-09-08].zip
MS079	https://websoilsurvey.sc.egov.usda.gov/DSD/Download/Cache/SSA/wss_SSA_MS079_soildb_US_2003_[2025-09-08].zip
MS081	https://websoilsurvey.sc.egov.usda.gov/DSD/Download/Cache/SSA/wss_SSA_MS081_soildb_US_2003_[2025-09-08].zip
MS083	https://websoilsurvey.sc.egov.usda.gov/DSD/Download/Cache/SSA/wss_SSA_MS083_soildb_US_2003_[2025-09-08].zip
MS085	https://websoilsurvey.sc.egov.usda.gov/DSD/Download/Cache/SSA/wss_SSA_MS085_soildb_US_2003_[2025-09-08].zip
MS087	https://websoilsurvey.sc.egov.usda.gov/DSD/Download/Cache/SSA/wss_SSA_MS087_soildb_US_2003_[2025-09-08].zip
MS089	https://websoilsurvey.sc.egov.usda.gov/DSD/Download/Cache/SSA/wss_SSA_MS089_soildb_US_2003_[2025-09-08].zip
MS091	https://websoilsurvey.sc.egov.usda.gov/DSD/Download/Cache/SSA/wss_SSA_MS091_soildb_US_2003_[2025-09-08].zip
MS093	https://websoilsurvey.sc.egov.usda.gov/DSD/Download/Cache/SSA/wss_SSA_MS093_soildb_US_2003_[2025-09-08].zip
MS095	https://websoilsurvey.sc.egov.usda.gov/DSD/Download/Cache/SSA/wss_SSA_MS095_soildb_US_2003_[2025-09-08].zip
MS097	https://websoilsurvey.sc.egov.usda.gov/DSD/Download/Cache/SSA/wss_SSA_MS097_soildb_US_2003_[2025-09-08].zip
MS099	https://websoilsurvey.sc.egov.usda.gov/DSD/Download/Cache/SSA/wss_SSA_MS099_soildb_US_2003_[2025-09-08].zip
MS101	https://websoilsurvey.sc.egov.usda.gov/DSD/Download/Cache/SSA/wss_SSA_MS101_soildb_US_2003_[2025-09-08].zip
MS103	https://websoilsurvey.sc.egov.usda.gov/DSD/Download/Cache/SSA/wss_SSA_MS103_soildb_US_2003_[2025-09-08].zip
MS105	https://websoilsurvey.sc.egov.usda.gov/DSD/Download/Cache/SSA/wss_SSA_MS105_soildb_US_2003_[2025-09-08].zip
MS107	https://websoilsurvey.sc.egov.usda.gov/DSD/Download/Cache/SSA/wss_SSA_MS107_soildb_US_2003_[2025-09-08].zip
MS109	https://websoilsurvey.sc.egov.usda.gov/DSD/Download/Cache/SSA/wss_SSA_MS109_soildb_US_2003_[2025-09-08].zip
MS111	https://websoilsurvey.sc.egov.usda.gov/DSD/Download/Cache/SSA/wss_SSA_MS111_soildb_US_2003_[2025-09-08].zip
MS113	https://websoilsurvey.sc.egov.usda.gov/DSD/Download/Cache/SSA/wss_SSA_MS113_soildb_US_2003_[2025-09-08].zip
MS115	https://websoilsurvey.sc.egov.usda.gov/DSD/Download/Cache/SSA/wss_SSA_MS115_soildb_US_2003_[2025-09-08].zip
MS117	https://websoilsurvey.sc.egov.usda.gov/DSD/Download/Cache/SSA/wss_SSA_MS117_soildb_US_2003_[2025-09-08].zip
MS119	https://websoilsurvey.sc.egov.usda.gov/DSD/Download/Cache/SSA/wss_SSA_MS119_soildb_US_2003_[2025-09-08].zip
MS121	https://websoilsurvey.sc.egov.usda.gov/DSD/Download/Cache/SSA/wss_SSA_MS121_soildb_US_2003_[2025-09-08].zip
MS123	https://websoilsurvey.sc.egov.usda.gov/DSD/Download/Cache/SSA/wss_SSA_MS123_soildb_US_2003_[2025-09-08].zip
MS125	https://websoilsurvey.sc.egov.usda.gov/DSD/Download/Cache/SSA/wss_SSA_MS125_soildb_US_2003_[2025-09-08].zip
MS127	https://websoilsurvey.sc.egov.usda.gov/DSD/Download/Cache/SSA/wss_SSA_MS127_soildb_US_2003_[2025-09-08].zip
MS129	https://websoilsurvey.sc.egov.usda.gov/DSD/Download/Cache/SSA/wss_SSA_MS129_soildb_US_2003_[2025-09-08].zip
MS131	https://websoilsurvey.sc.egov.usda.gov/DSD/Download/Cache/SSA/wss_SSA_MS131_soildb_US_2003_[2025-09-08].zip
MS133	https://websoilsurvey.sc.egov.usda.gov/DSD/Download/Cache/SSA/wss_SSA_MS133_soildb_US_2003_[2025-09-08].zip
MS135	https://websoilsurvey.sc.egov.usda.gov/DSD/Download/Cache/SSA/wss_SSA_MS135_soildb_US_2003_[2025-09-08].zip
MS137	https://websoilsurvey.sc.egov.usda.gov/DSD/Download/Cache/SSA/wss_SSA_MS137_soildb_US_2003_[2025-09-08].zip
MS139	https://websoilsurvey.sc.egov.usda.gov/DSD/Download/Cache/SSA/wss_SSA_MS139_soildb_US_2003_[2025-09-08].zip
MS141	https://websoilsurvey.sc.egov.usda.gov/DSD/Download/Cache/SSA/wss_SSA_MS141_soildb_US_2003_[2025-09-08].zip
MS143	https://websoilsurvey.sc.egov.usda.gov/DSD/Download/Cache/SSA/wss_SSA_MS143_soildb_US_2003_[2025-09-08].zip
MS145	https://websoilsurvey.sc.egov.usda.gov/DSD/Download/Cache/SSA/wss_SSA_MS145_soildb_US_2003_[2025-09-08].zip
MS147	https://websoilsurvey.sc.egov.usda.gov/DSD/Download/Cache/SSA/wss_SSA_MS147_soildb_US_2003_[2025-09-08].zip
MS149	https://websoilsurvey.sc.egov.usda.gov/DSD/Download/Cache/SSA/wss_SSA_MS149_soildb_US_2003_[2025-09-08].zip
MS151	https://websoilsurvey.sc.egov.usda.gov/DSD/Download/Cache/SSA/wss_SSA_MS151_soildb_US_2003_[2025-09-08].zip
MS153	https://websoilsurvey.sc.egov.usda.gov/DSD/Download/Cache/SSA/wss_SSA_MS153_soildb_US_2003_[2025-09-08].zip
MS155	https://websoilsurvey.sc.egov.usda.gov/DSD/Download/Cache/SSA/wss_SSA_MS155_soildb_US_2003_[2025-09-08].zip
MS157	https://websoilsurvey.sc.egov.usda.gov/DSD/Download/Cache/SSA/wss_SSA_MS157_soildb_US_2003_[2025-09-08].zip
MS159	https://websoilsurvey.sc.egov.usda.gov/DSD/Download/Cache/SSA/wss_SSA_MS159_soildb_US_2003_[2025-09-08].zip
MS161	https://websoilsurvey.sc.egov.usda.gov/DSD/Download/Cache/SSA/wss_SSA_MS161_soildb_US_2003_[2025-09-08].zip
MS163	https://websoilsurvey.sc.egov.usda.gov/DSD/Download/Cache/SSA/wss_SSA_MS163_soildb_US_2003_[2025-09-08].zip
MT011	https://websoilsurvey.sc.egov.usda.gov/DSD/Download/Cache/SSA/wss_SSA_MT011_soildb_US_2003_[2025-08-27].zip
MT017	https://websoilsurvey.sc.egov.usda.gov/DSD/Download/Cache/SSA/wss_SSA_MT017_soildb_US_2003_[2025-08-27].zip
MT021	https://websoilsurvey.sc.egov.usda.gov/DSD/Download/Cache/SSA/wss_SSA_MT021_soildb_US_2003_[2025-08-27].zip
MT025	https://websoilsurvey.sc.egov.usda.gov/DSD/Download/Cache/SSA/wss_SSA_MT025_soildb_US_2003_[2025-08-28].zip
MT027	https://websoilsurvey.sc.egov.usda.gov/DSD/Download/Cache/SSA/wss_SSA_MT027_soildb_US_2003_[2025-08-30].zip
MT033	https://websoilsurvey.sc.egov.usda.gov/DSD/Download/Cache/SSA/wss_SSA_MT033_soildb_US_2003_[2025-08-28].zip
MT041	https://websoilsurvey.sc.egov.usda.gov/DSD/Download/Cache/SSA/wss_SSA_MT041_soildb_US_2003_[2025-08-28].zip
MT051	https://websoilsurvey.sc.egov.usda.gov/DSD/Download/Cache/SSA/wss_SSA_MT051_soildb_US_2003_[2025-08-28].zip
MT055	https://websoilsurvey.sc.egov.usda.gov/DSD/Download/Cache/SSA/wss_SSA_MT055_soildb_US_2003_[2025-08-30].zip
MT065	https://websoilsurvey.sc.egov.usda.gov/DSD/Download/Cache/SSA/wss_SSA_MT065_soildb_US_2003_[2025-08-28].zip
MT069	https://websoilsurvey.sc.egov.usda.gov/DSD/Download/Cache/SSA/wss_SSA_MT069_soildb_US_2003_[2025-08-28].zip
MT079	https://websoilsurvey.sc.egov.usda.gov/DSD/Download/Cache/SSA/wss_SSA_MT079_soildb_US_2003_[2025-08-29].zip
MT083	https://websoilsurvey.sc.egov.usda.gov/DSD/Download/Cache/SSA/wss_SSA_MT083_soildb_US_2003_[2025-08-29].zip
MT091	https://websoilsurvey.sc.egov.usda.gov/DSD/Download/Cache/SSA/wss_SSA_MT091_soildb_US_2003_[2025-08-29].zip
MT101	https://websoilsurvey.sc.egov.usda.gov/DSD/Download/Cache/SSA/wss_SSA_MT101_soildb_US_2003_[2025-08-29].zip
MT103	https://websoilsurvey.sc.egov.usda.gov/DSD/Download/Cache/SSA/wss_SSA_MT103_soildb_US_2003_[2025-08-29].zip
MT105	https://websoilsurvey.sc.egov.usda.gov/DSD/Download/Cache/SSA/wss_SSA_MT105_soildb_US_2003_[2025-08-29].zip
MT109	https://websoilsurvey.sc.egov.usda.gov/DSD/Download/Cache/SSA/wss_SSA_MT109_soildb_US_2003_[2025-08-29].zip
MT111	https://websoilsurvey.sc.egov.usda.gov/DSD/Download/Cache/SSA/wss_SSA_MT111_soildb_US_2003_[2025-08-29].zip
MT600	https://websoilsurvey.sc.egov.usda.gov/DSD/Download/Cache/SSA/wss_SSA_MT600_soildb_US_2003_[2025-08-29].zip
MT602	https://websoilsurvey.sc.egov.usda.gov/DSD/Download/Cache/SSA/wss_SSA_MT602_soildb_US_2003_[2025-08-30].zip
MT603	https://websoilsurvey.sc.egov.usda.gov/DSD/Download/Cache/SSA/wss_SSA_MT603_soildb_US_2003_[2025-09-02].zip
MT604	https://websoilsurvey.sc.egov.usda.gov/DSD/Download/Cache/SSA/wss_SSA_MT604_soildb_US_2003_[2025-08-30].zip
MT605	https://websoilsurvey.sc.egov.usda.gov/DSD/Download/Cache/SSA/wss_SSA_MT605_soildb_US_2003_[2025-08-29].zip
MT606	https://websoilsurvey.sc.egov.usda.gov/DSD/Download/Cache/SSA/wss_SSA_MT606_soildb_US_2003_[2025-08-29].zip
MT607	https://websoilsurvey.sc.egov.usda.gov/DSD/Download/Cache/SSA/wss_SSA_MT607_soildb_US_2003_[2025-08-30].zip
MT608	https://websoilsurvey.sc.egov.usda.gov/DSD/Download/Cache/SSA/wss_SSA_MT608_soildb_US_2003_[2025-08-30].zip
MT609	https://websoilsurvey.sc.egov.usda.gov/DSD/Download/Cache/SSA/wss_SSA_MT609_soildb_US_2003_[2025-08-30].zip
MT610	https://websoilsurvey.sc.egov.usda.gov/DSD/Download/Cache/SSA/wss_SSA_MT610_soildb_US_2003_[2025-08-30].zip
MT611	https://websoilsurvey.sc.egov.usda.gov/DSD/Download/Cache/SSA/wss_SSA_MT611_soildb_US_2003_[2025-08-30].zip
MT612	https://websoilsurvey.sc.egov.usda.gov/DSD/Download/Cache/SSA/wss_SSA_MT612_soildb_US_2003_[2025-08-30].zip
MT613	https://websoilsurvey.sc.egov.usda.gov/DSD/Download/Cache/SSA/wss_SSA_MT613_soildb_US_2003_[2025-08-30].zip
MT614	https://websoilsurvey.sc.egov.usda.gov/DSD/Download/Cache/SSA/wss_SSA_MT614_soildb_US_2003_[2025-08-30].zip
MT615	https://websoilsurvey.sc.egov.usda.gov/DSD/Download/Cache/SSA/wss_SSA_MT615_soildb_US_2003_[2025-08-30].zip
MT616	https://websoilsurvey.sc.egov.usda.gov/DSD/Download/Cache/SSA/wss_SSA_MT616_soildb_US_2003_[2025-08-30].zip
MT617	https://websoilsurvey.sc.egov.usda.gov/DSD/Download/Cache/SSA/wss_SSA_MT617_soildb_US_2003_[2025-08-30].zip
MT618	https://websoilsurvey.sc.egov.usda.gov/DSD/Download/Cache/SSA/wss_SSA_MT618_soildb_US_2003_[2025-08-30].zip
MT619	https://websoilsurvey.sc.egov.usda.gov/DSD/Download/Cache/SSA/wss_SSA_MT619_soildb_US_2003_[2025-08-30].zip
MT621	https://websoilsurvey.sc.egov.usda.gov/DSD/Download/Cache/SSA/wss_SSA_MT621_soildb_US_2003_[2025-08-30].zip
MT622	https://websoilsurvey.sc.egov.usda.gov/DSD/Download/Cache/SSA/wss_SSA_MT622_soildb_US_2003_[2025-08-30].zip
MT623	https://websoilsurvey.sc.egov.usda.gov/DSD/Download/Cache/SSA/wss_SSA_MT623_soildb_US_2003_[2025-08-30].zip
MT624	https://websoilsurvey.sc.egov.usda.gov/DSD/Download/Cache/SSA/wss_SSA_MT624_soildb_US_2003_[2025-08-30].zip
MT627	https://websoilsurvey.sc.egov.usda.gov/DSD/Download/Cache/SSA/wss_SSA_MT627_soildb_US_2003_[2025-08-31].zip
MT629	https://websoilsurvey.sc.egov.usda.gov/DSD/Download/Cache/SSA/wss_SSA_MT629_soildb_US_2003_[2025-08-30].zip
MT630	https://websoilsurvey.sc.egov.usda.gov/DSD/Download/Cache/SSA/wss_SSA_MT630_soildb_US_2003_[2025-08-30].zip
MT631	https://websoilsurvey.sc.egov.usda.gov/DSD/Download/Cache/SSA/wss_SSA_MT631_soildb_US_2003_[2025-08-30].zip
MT632	https://websoilsurvey.sc.egov.usda.gov/DSD/Download/Cache/SSA/wss_SSA_MT632_soildb_US_2003_[2025-08-30].zip
MT633	https://websoilsurvey.sc.egov.usda.gov/DSD/Download/Cache/SSA/wss_SSA_MT633_soildb_US_2003_[2025-08-30].zip
MT634	https://websoilsurvey.sc.egov.usda.gov/DSD/Download/Cache/SSA/wss_SSA_MT634_soildb_US_2003_[2025-08-30].zip
MT635	https://websoilsurvey.sc.egov.usda.gov/DSD/Download/Cache/SSA/wss_SSA_MT635_soildb_US_2003_[2025-08-31].zip
MT636	https://websoilsurvey.sc.egov.usda.gov/DSD/Download/Cache/SSA/wss_SSA_MT636_soildb_US_2003_[2025-08-31].zip
MT637	https://websoilsurvey.sc.egov.usda.gov/DSD/Download/Cache/SSA/wss_SSA_MT637_soildb_US_2003_[2025-08-31].zip
MT638	https://websoilsurvey.sc.egov.usda.gov/DSD/Download/Cache/SSA/wss_SSA_MT638_soildb_US_2003_[2025-08-31].zip
MT639	https://websoilsurvey.sc.egov.usda.gov/DSD/Download/Cache/SSA/wss_SSA_MT639_soildb_US_2003_[2025-08-31].zip
MT640	https://websoilsurvey.sc.egov.usda.gov/DSD/Download/Cache/SSA/wss_SSA_MT640_soildb_US_2003_[2025-09-02].zip
MT641	https://websoilsurvey.sc.egov.usda.gov/DSD/Download/Cache/SSA/wss_SSA_MT641_soildb_US_2003_[2025-09-03].zip
MT642	https://websoilsurvey.sc.egov.usda.gov/DSD/Download/Cache/SSA/wss_SSA_MT642_soildb_US_2003_[2025-09-02].zip
MT643	https://websoilsurvey.sc.egov.usda.gov/DSD/Download/Cache/SSA/wss_SSA_MT643_soildb_US_2003_[2025-09-03].zip
MT644	https://websoilsurvey.sc.egov.usda.gov/DSD/Download/Cache/SSA/wss_SSA_MT644_soildb_US_2003_[2025-09-03].zip
MT645	https://websoilsurvey.sc.egov.usda.gov/DSD/Download/Cache/SSA/wss_SSA_MT645_soildb_US_2003_[2025-09-03].zip
MT647	https://websoilsurvey.sc.egov.usda.gov/DSD/Download/Cache/SSA/wss_SSA_MT647_soildb_US_2003_[2025-09-03].zip
MT649	https://websoilsurvey.sc.egov.usda.gov/DSD/Download/Cache/SSA/wss_SSA_MT649_soildb_US_2003_[2025-09-03].zip
MT651	https://websoilsurvey.sc.egov.usda.gov/DSD/Download/Cache/SSA/wss_SSA_MT651_soildb_US_2003_[2025-09-03].zip
MT655	https://websoilsurvey.sc.egov.usda.gov/DSD/Download/Cache/SSA/wss_SSA_MT655_soildb_US_2003_[2025-09-03].zip
MT657	https://websoilsurvey.sc.egov.usda.gov/DSD/Download/Cache/SSA/wss_SSA_MT657_soildb_US_2003_[2025-09-03].zip
MT661	https://websoilsurvey.sc.egov.usda.gov/DSD/Download/Cache/SSA/wss_SSA_MT661_soildb_US_2003_[2025-09-03].zip
MT663	https://websoilsurvey.sc.egov.usda.gov/DSD/Download/Cache/SSA/wss_SSA_MT663_soildb_US_2003_[2025-09-03].zip
MT666	https://websoilsurvey.sc.egov.usda.gov/DSD/Download/Cache/SSA/wss_SSA_MT666_soildb_US_2003_[2025-09-03].zip
MT669	https://websoilsurvey.sc.egov.usda.gov/DSD/Download/Cache/SSA/wss_SSA_MT669_soildb_US_2003_[2025-09-03].zip
MT670	https://websoilsurvey.sc.egov.usda.gov/DSD/Download/Cache/SSA/wss_SSA_MT670_soildb_US_2003_[2025-09-03].zip
MXNL001	https://websoilsurvey.sc.egov.usda.gov/DSD/Download/Cache/SSA/wss_SSA_MXNL001_soildb_US_2003_[2025-09-10].zip
NC001	https://websoilsurvey.sc.egov.usda.gov/DSD/Download/Cache/SSA/wss_SSA_NC001_soildb_US_2003_[2025-09-02].zip
NC003	https://websoilsurvey.sc.egov.usda.gov/DSD/Download/Cache/SSA/wss_SSA_NC003_soildb_US_2003_[2025-09-03].zip
NC005	https://websoilsurvey.sc.egov.usda.gov/DSD/Download/Cache/SSA/wss_SSA_NC005_soildb_US_2003_[2025-09-02].zip
NC007	https://websoilsurvey.sc.egov.usda.gov/DSD/Download/Cache/SSA/wss_SSA_NC007_soildb_US_2003_[2025-09-03].zip
NC009	https://websoilsurvey.sc.egov.usda.gov/DSD/Download/Cache/SSA/wss_SSA_NC009_soildb_US_2003_[2025-09-02].zip
NC011	https://websoilsurvey.sc.egov.usda.gov/DSD/Download/Cache/SSA/wss_SSA_NC011_soildb_US_2003_[2025-09-02].zip
NC013	https://websoilsurvey.sc.egov.usda.gov/DSD/Download/Cache/SSA/wss_SSA_NC013_soildb_US_2003_[2025-09-02].zip
NC015	https://websoilsurvey.sc.egov.usda.gov/DSD/Download/Cache/SSA/wss_SSA_NC015_soildb_US_2003_[2025-09-02].zip
NC017	https://websoilsurvey.sc.egov.usda.gov/DSD/Download/Cache/SSA/wss_SSA_NC017_soildb_US_2003_[2025-09-02].zip
NC019	https://websoilsurvey.sc.egov.usda.gov/DSD/Download/Cache/SSA/wss_SSA_NC019_soildb_US_2003_[2025-09-02].zip
NC021	https://websoilsurvey.sc.egov.usda.gov/DSD/Download/Cache/SSA/wss_SSA_NC021_soildb_US_2003_[2025-09-02].zip
NC023	https://websoilsurvey.sc.egov.usda.gov/DSD/Download/Cache/SSA/wss_SSA_NC023_soildb_US_2003_[2025-09-02].zip
NC025	https://websoilsurvey.sc.egov.usda.gov/DSD/Download/Cache/SSA/wss_SSA_NC025_soildb_US_2003_[2025-09-02].zip
NC027	https://websoilsurvey.sc.egov.usda.gov/DSD/Download/Cache/SSA/wss_SSA_NC027_soildb_US_2003_[2025-09-02].zip
NC029	https://websoilsurvey.sc.egov.usda.gov/DSD/Download/Cache/SSA/wss_SSA_NC029_soildb_US_2003_[2025-09-02].zip
NC031	https://websoilsurvey.sc.egov.usda.gov/DSD/Download/Cache/SSA/wss_SSA_NC031_soildb_US_2003_[2025-09-02].zip
NC033	https://websoilsurvey.sc.egov.usda.gov/DSD/Download/Cache/SSA/wss_SSA_NC033_soildb_US_2003_[2025-09-02].zip
NC035	https://websoilsurvey.sc.egov.usda.gov/DSD/Download/Cache/SSA/wss_SSA_NC035_soildb_US_2003_[2025-09-02].zip
NC037	https://websoilsurvey.sc.egov.usda.gov/DSD/Download/Cache/SSA/wss_SSA_NC037_soildb_US_2003_[2025-09-02].zip
NC039	https://websoilsurvey.sc.egov.usda.gov/DSD/Download/Cache/SSA/wss_SSA_NC039_soildb_US_2003_[2025-09-03].zip
NC041	https://websoilsurvey.sc.egov.usda.gov/DSD/Download/Cache/SSA/wss_SSA_NC041_soildb_US_2003_[2025-09-02].zip
NC043	https://websoilsurvey.sc.egov.usda.gov/DSD/Download/Cache/SSA/wss_SSA_NC043_soildb_US_2003_[2025-09-02].zip
NC045	https://websoilsurvey.sc.egov.usda.gov/DSD/Download/Cache/SSA/wss_SSA_NC045_soildb_US_2003_[2025-09-02].zip
NC047	https://websoilsurvey.sc.egov.usda.gov/DSD/Download/Cache/SSA/wss_SSA_NC047_soildb_US_2003_[2025-09-02].zip
NC049	https://websoilsurvey.sc.egov.usda.gov/DSD/Download/Cache/SSA/wss_SSA_NC049_soildb_US_2003_[2025-09-02].zip
NC051	https://websoilsurvey.sc.egov.usda.gov/DSD/Download/Cache/SSA/wss_SSA_NC051_soildb_US_2003_[2025-09-02].zip
NC053	https://websoilsurvey.sc.egov.usda.gov/DSD/Download/Cache/SSA/wss_SSA_NC053_soildb_US_2003_[2025-09-02].zip
NC055	https://websoilsurvey.sc.egov.usda.gov/DSD/Download/Cache/SSA/wss_SSA_NC055_soildb_US_2003_[2025-09-02].zip
NC057	https://websoilsurvey.sc.egov.usda.gov/DSD/Download/Cache/SSA/wss_SSA_NC057_soildb_US_2003_[2025-09-02].zip
NC059	https://websoilsurvey.sc.egov.usda.gov/DSD/Download/Cache/SSA/wss_SSA_NC059_soildb_US_2003_[2025-09-02].zip
NC061	https://websoilsurvey.sc.egov.usda.gov/DSD/Download/Cache/SSA/wss_SSA_NC061_soildb_US_2003_[2025-09-02].zip
NC063	https://websoilsurvey.sc.egov.usda.gov/DSD/Download/Cache/SSA/wss_SSA_NC063_soildb_US_2003_[2025-09-02].zip
NC065	https://websoilsurvey.sc.egov.usda.gov/DSD/Download/Cache/SSA/wss_SSA_NC065_soildb_US_2003_[2025-09-02].zip
NC067	https://websoilsurvey.sc.egov.usda.gov/DSD/Download/Cache/SSA/wss_SSA_NC067_soildb_US_2003_[2025-09-02].zip
NC069	https://websoilsurvey.sc.egov.usda.gov/DSD/Download/Cache/SSA/wss_SSA_NC069_soildb_US_2003_[2025-09-02].zip
NC071	https://websoilsurvey.sc.egov.usda.gov/DSD/Download/Cache/SSA/wss_SSA_NC071_soildb_US_2003_[2025-09-02].zip
NC073	https://websoilsurvey.sc.egov.usda.gov/DSD/Download/Cache/SSA/wss_SSA_NC073_soildb_US_2003_[2025-09-02].zip
NC075	https://websoilsurvey.sc.egov.usda.gov/DSD/Download/Cache/SSA/wss_SSA_NC075_soildb_US_2003_[2025-09-02].zip
NC077	https://websoilsurvey.sc.egov.usda.gov/DSD/Download/Cache/SSA/wss_SSA_NC077_soildb_US_2003_[2025-09-02].zip
NC079	https://websoilsurvey.sc.egov.usda.gov/DSD/Download/Cache/SSA/wss_SSA_NC079_soildb_US_2003_[2025-09-02].zip
NC081	https://websoilsurvey.sc.egov.usda.gov/DSD/Download/Cache/SSA/wss_SSA_NC081_soildb_US_2003_[2025-09-02].zip
NC083	https://websoilsurvey.sc.egov.usda.gov/DSD/Download/Cache/SSA/wss_SSA_NC083_soildb_US_2003_[2025-09-02].zip
NC085	https://websoilsurvey.sc.egov.usda.gov/DSD/Download/Cache/SSA/wss_SSA_NC085_soildb_US_2003_[2025-09-02].zip
NC089	https://websoilsurvey.sc.egov.usda.gov/DSD/Download/Cache/SSA/wss_SSA_NC089_soildb_US_2003_[2025-09-02].zip
NC091	https://websoilsurvey.sc.egov.usda.gov/DSD/Download/Cache/SSA/wss_SSA_NC091_soildb_US_2003_[2025-09-02].zip
NC093	https://websoilsurvey.sc.egov.usda.gov/DSD/Download/Cache/SSA/wss_SSA_NC093_soildb_US_2003_[2025-09-02].zip
NC095	https://websoilsurvey.sc.egov.usda.gov/DSD/Download/Cache/SSA/wss_SSA_NC095_soildb_US_2003_[2025-09-02].zip
NC097	https://websoilsurvey.sc.egov.usda.gov/DSD/Download/Cache/SSA/wss_SSA_NC097_soildb_US_2003_[2025-09-02].zip
NC099	https://websoilsurvey.sc.egov.usda.gov/DSD/Download/Cache/SSA/wss_SSA_NC099_soildb_US_2003_[2025-09-02].zip
NC101	https://websoilsurvey.sc.egov.usda.gov/DSD/Download/Cache/SSA/wss_SSA_NC101_soildb_US_2003_[2025-08-27].zip
NC103	https://websoilsurvey.sc.egov.usda.gov/DSD/Download/Cache/SSA/wss_SSA_NC103_soildb_US_2003_[2025-08-27].zip
NC105	https://websoilsurvey.sc.egov.usda.gov/DSD/Download/Cache/SSA/wss_SSA_NC105_soildb_US_2003_[2025-08-27].zip
NC107	https://websoilsurvey.sc.egov.usda.gov/DSD/Download/Cache/SSA/wss_SSA_NC107_soildb_US_2003_[2025-08-27].zip
NC109	https://websoilsurvey.sc.egov.usda.gov/DSD/Download/Cache/SSA/wss_SSA_NC109_soildb_US_2003_[2025-08-27].zip
NC111	https://websoilsurvey.sc.egov.usda.gov/DSD/Download/Cache/SSA/wss_SSA_NC111_soildb_US_2003_[2025-08-27].zip
NC113	https://websoilsurvey.sc.egov.usda.gov/DSD/Download/Cache/SSA/wss_SSA_NC113_soildb_US_2003_[2025-08-27].zip
NC115	https://websoilsurvey.sc.egov.usda.gov/DSD/Download/Cache/SSA/wss_SSA_NC115_soildb_US_2003_[2025-08-27].zip
NC117	https://websoilsurvey.sc.egov.usda.gov/DSD/Download/Cache/SSA/wss_SSA_NC117_soildb_US_2003_[2025-08-27].zip
NC119	https://websoilsurvey.sc.egov.usda.gov/DSD/Download/Cache/SSA/wss_SSA_NC119_soildb_US_2003_[2025-08-27].zip
NC121	https://websoilsurvey.sc.egov.usda.gov/DSD/Download/Cache/SSA/wss_SSA_NC121_soildb_US_2003_[2025-08-27].zip
NC123	https://websoilsurvey.sc.egov.usda.gov/DSD/Download/Cache/SSA/wss_SSA_NC123_soildb_US_2003_[2025-08-27].zip
NC125	https://websoilsurvey.sc.egov.usda.gov/DSD/Download/Cache/SSA/wss_SSA_NC125_soildb_US_2003_[2025-08-27].zip
NC127	https://websoilsurvey.sc.egov.usda.gov/DSD/Download/Cache/SSA/wss_SSA_NC127_soildb_US_2003_[2025-08-27].zip
NC129	https://websoilsurvey.sc.egov.usda.gov/DSD/Download/Cache/SSA/wss_SSA_NC129_soildb_US_2003_[2025-08-27].zip
NC131	https://websoilsurvey.sc.egov.usda.gov/DSD/Download/Cache/SSA/wss_SSA_NC131_soildb_US_2003_[2025-08-27].zip
NC133	https://websoilsurvey.sc.egov.usda.gov/DSD/Download/Cache/SSA/wss_SSA_NC133_soildb_US_2003_[2025-08-27].zip
NC135	https://websoilsurvey.sc.egov.usda.gov/DSD/Download/Cache/SSA/wss_SSA_NC135_soildb_US_2003_[2025-08-27].zip
NC137	https://websoilsurvey.sc.egov.usda.gov/DSD/Download/Cache/SSA/wss_SSA_NC137_soildb_US_2003_[2025-08-27].zip
NC139	https://websoilsurvey.sc.egov.usda.gov/DSD/Download/Cache/SSA/wss_SSA_NC139_soildb_US_2003_[2025-08-27].zip
NC141	https://websoilsurvey.sc.egov.usda.gov/DSD/Download/Cache/SSA/wss_SSA_NC141_soildb_US_2003_[2025-08-27].zip
NC143	https://websoilsurvey.sc.egov.usda.gov/DSD/Download/Cache/SSA/wss_SSA_NC143_soildb_US_2003_[2025-08-27].zip
NC145	https://websoilsurvey.sc.egov.usda.gov/DSD/Download/Cache/SSA/wss_SSA_NC145_soildb_US_2003_[2025-08-27].zip
NC147	https://websoilsurvey.sc.egov.usda.gov/DSD/Download/Cache/SSA/wss_SSA_NC147_soildb_US_2003_[2025-08-27].zip
NC149	https://websoilsurvey.sc.egov.usda.gov/DSD/Download/Cache/SSA/wss_SSA_NC149_soildb_US_2003_[2025-08-27].zip
NC151	https://websoilsurvey.sc.egov.usda.gov/DSD/Download/Cache/SSA/wss_SSA_NC151_soildb_US_2003_[2025-08-28].zip
NC153	https://websoilsurvey.sc.egov.usda.gov/DSD/Download/Cache/SSA/wss_SSA_NC153_soildb_US_2003_[2025-08-28].zip
NC155	https://websoilsurvey.sc.egov.usda.gov/DSD/Download/Cache/SSA/wss_SSA_NC155_soildb_US_2003_[2025-09-10].zip
NC157	https://websoilsurvey.sc.egov.usda.gov/DSD/Download/Cache/SSA/wss_SSA_NC157_soildb_US_2003_[2025-09-10].zip
NC159	https://websoilsurvey.sc.egov.usda.gov/DSD/Download/Cache/SSA/wss_SSA_NC159_soildb_US_2003_[2025-09-10].zip
NC161	https://websoilsurvey.sc.egov.usda.gov/DSD/Download/Cache/SSA/wss_SSA_NC161_soildb_US_2003_[2025-09-10].zip
NC163	https://websoilsurvey.sc.egov.usda.gov/DSD/Download/Cache/SSA/wss_SSA_NC163_soildb_US_2003_[2025-09-10].zip
NC165	https://websoilsurvey.sc.egov.usda.gov/DSD/Download/Cache/SSA/wss_SSA_NC165_soildb_US_2003_[2025-08-27].zip
NC167	https://websoilsurvey.sc.egov.usda.gov/DSD/Download/Cache/SSA/wss_SSA_NC167_soildb_US_2003_[2025-08-28].zip
NC169	https://websoilsurvey.sc.egov.usda.gov/DSD/Download/Cache/SSA/wss_SSA_NC169_soildb_US_2003_[2025-08-27].zip
NC171	https://websoilsurvey.sc.egov.usda.gov/DSD/Download/Cache/SSA/wss_SSA_NC171_soildb_US_2003_[2025-08-27].zip
NC175	https://websoilsurvey.sc.egov.usda.gov/DSD/Download/Cache/SSA/wss_SSA_NC175_soildb_US_2003_[2025-08-27].zip
NC177	https://websoilsurvey.sc.egov.usda.gov/DSD/Download/Cache/SSA/wss_SSA_NC177_soildb_US_2003_[2025-08-27].zip
NC179	https://websoilsurvey.sc.egov.usda.gov/DSD/Download/Cache/SSA/wss_SSA_NC179_soildb_US_2003_[2025-08-27].zip
NC181	https://websoilsurvey.sc.egov.usda.gov/DSD/Download/Cache/SSA/wss_SSA_NC181_soildb_US_2003_[2025-08-27].zip
NC183	https://websoilsurvey.sc.egov.usda.gov/DSD/Download/Cache/SSA/wss_SSA_NC183_soildb_US_2003_[2025-08-27].zip
NC185	https://websoilsurvey.sc.egov.usda.gov/DSD/Download/Cache/SSA/wss_SSA_NC185_soildb_US_2003_[2025-08-27].zip
NC187	https://websoilsurvey.sc.egov.usda.gov/DSD/Download/Cache/SSA/wss_SSA_NC187_soildb_US_2003_[2025-08-27].zip
NC189	https://websoilsurvey.sc.egov.usda.gov/DSD/Download/Cache/SSA/wss_SSA_NC189_soildb_US_2003_[2025-08-27].zip
NC191	https://websoilsurvey.sc.egov.usda.gov/DSD/Download/Cache/SSA/wss_SSA_NC191_soildb_US_2003_[2025-08-27].zip
NC193	https://websoilsurvey.sc.egov.usda.gov/DSD/Download/Cache/SSA/wss_SSA_NC193_soildb_US_2003_[2025-08-27].zip
NC195	https://websoilsurvey.sc.egov.usda.gov/DSD/Download/Cache/SSA/wss_SSA_NC195_soildb_US_2003_[2025-08-27].zip
NC197	https://websoilsurvey.sc.egov.usda.gov/DSD/Download/Cache/SSA/wss_SSA_NC197_soildb_US_2003_[2025-08-27].zip
NC199	https://websoilsurvey.sc.egov.usda.gov/DSD/Download/Cache/SSA/wss_SSA_NC199_soildb_US_2003_[2025-08-28].zip
NC605	https://websoilsurvey.sc.egov.usda.gov/DSD/Download/Cache/SSA/wss_SSA_NC605_soildb_US_2003_[2025-08-27].zip
NC606	https://websoilsurvey.sc.egov.usda.gov/DSD/Download/Cache/SSA/wss_SSA_NC606_soildb_US_2003_[2025-08-27].zip
ND001	https://websoilsurvey.sc.egov.usda.gov/DSD/Download/Cache/SSA/wss_SSA_ND001_soildb_US_2003_[2025-08-28].zip
ND003	https://websoilsurvey.sc.egov.usda.gov/DSD/Download/Cache/SSA/wss_SSA_ND003_soildb_US_2003_[2025-08-28].zip
ND005	https://websoilsurvey.sc.egov.usda.gov/DSD/Download/Cache/SSA/wss_SSA_ND005_soildb_US_2003_[2025-08-28].zip
ND007	https://websoilsurvey.sc.egov.usda.gov/DSD/Download/Cache/SSA/wss_SSA_ND007_soildb_US_2003_[2025-08-28].zip
ND009	https://websoilsurvey.sc.egov.usda.gov/DSD/Download/Cache/SSA/wss_SSA_ND009_soildb_US_2003_[2025-08-27].zip
ND011	https://websoilsurvey.sc.egov.usda.gov/DSD/Download/Cache/SSA/wss_SSA_ND011_soildb_US_2003_[2025-08-28].zip
ND013	https://websoilsurvey.sc.egov.usda.gov/DSD/Download/Cache/SSA/wss_SSA_ND013_soildb_US_2003_[2025-08-28].zip
ND015	https://websoilsurvey.sc.egov.usda.gov/DSD/Download/Cache/SSA/wss_SSA_ND015_soildb_US_2003_[2025-08-28].zip
ND017	https://websoilsurvey.sc.egov.usda.gov/DSD/Download/Cache/SSA/wss_SSA_ND017_soildb_US_2003_[2025-08-28].zip
ND019	https://websoilsurvey.sc.egov.usda.gov/DSD/Download/Cache/SSA/wss_SSA_ND019_soildb_US_2003_[2025-08-29].zip
ND021	https://websoilsurvey.sc.egov.usda.gov/DSD/Download/Cache/SSA/wss_SSA_ND021_soildb_US_2003_[2025-08-28].zip
ND023	https://websoilsurvey.sc.egov.usda.gov/DSD/Download/Cache/SSA/wss_SSA_ND023_soildb_US_2003_[2025-08-28].zip
ND025	https://websoilsurvey.sc.egov.usda.gov/DSD/Download/Cache/SSA/wss_SSA_ND025_soildb_US_2003_[2025-08-28].zip
ND027	https://websoilsurvey.sc.egov.usda.gov/DSD/Download/Cache/SSA/wss_SSA_ND027_soildb_US_2003_[2025-08-28].zip
ND029	https://websoilsurvey.sc.egov.usda.gov/DSD/Download/Cache/SSA/wss_SSA_ND029_soildb_US_2003_[2025-08-28].zip
ND031	https://websoilsurvey.sc.egov.usda.gov/DSD/Download/Cache/SSA/wss_SSA_ND031_soildb_US_2003_[2025-08-28].zip
ND033	https://websoilsurvey.sc.egov.usda.gov/DSD/Download/Cache/SSA/wss_SSA_ND033_soildb_US_2003_[2025-08-28].zip
ND035	https://websoilsurvey.sc.egov.usda.gov/DSD/Download/Cache/SSA/wss_SSA_ND035_soildb_US_2003_[2025-08-28].zip
ND037	https://websoilsurvey.sc.egov.usda.gov/DSD/Download/Cache/SSA/wss_SSA_ND037_soildb_US_2003_[2025-08-28].zip
ND039	https://websoilsurvey.sc.egov.usda.gov/DSD/Download/Cache/SSA/wss_SSA_ND039_soildb_US_2003_[2025-08-29].zip
ND041	https://websoilsurvey.sc.egov.usda.gov/DSD/Download/Cache/SSA/wss_SSA_ND041_soildb_US_2003_[2025-08-29].zip
ND043	https://websoilsurvey.sc.egov.usda.gov/DSD/Download/Cache/SSA/wss_SSA_ND043_soildb_US_2003_[2025-08-29].zip
ND045	https://websoilsurvey.sc.egov.usda.gov/DSD/Download/Cache/SSA/wss_SSA_ND045_soildb_US_2003_[2025-08-29].zip
ND047	https://websoilsurvey.sc.egov.usda.gov/DSD/Download/Cache/SSA/wss_SSA_ND047_soildb_US_2003_[2025-08-29].zip
ND049	https://websoilsurvey.sc.egov.usda.gov/DSD/Download/Cache/SSA/wss_SSA_ND049_soildb_US_2003_[2025-08-29].zip
ND051	https://websoilsurvey.sc.egov.usda.gov/DSD/Download/Cache/SSA/wss_SSA_ND051_soildb_US_2003_[2025-08-29].zip
ND053	https://websoilsurvey.sc.egov.usda.gov/DSD/Download/Cache/SSA/wss_SSA_ND053_soildb_US_2003_[2025-08-29].zip
ND055	https://websoilsurvey.sc.egov.usda.gov/DSD/Download/Cache/SSA/wss_SSA_ND055_soildb_US_2003_[2025-08-29].zip
ND057	https://websoilsurvey.sc.egov.usda.gov/DSD/Download/Cache/SSA/wss_SSA_ND057_soildb_US_2003_[2025-08-29].zip
ND059	https://websoilsurvey.sc.egov.usda.gov/DSD/Download/Cache/SSA/wss_SSA_ND059_soildb_US_2003_[2025-08-29].zip
ND061	https://websoilsurvey.sc.egov.usda.gov/DSD/Download/Cache/SSA/wss_SSA_ND061_soildb_US_2003_[2025-08-29].zip
ND063	https://websoilsurvey.sc.egov.usda.gov/DSD/Download/Cache/SSA/wss_SSA_ND063_soildb_US_2003_[2025-08-29].zip
ND065	https://websoilsurvey.sc.egov.usda.gov/DSD/Download/Cache/SSA/wss_SSA_ND065_soildb_US_2003_[2025-08-29].zip
ND067	https://websoilsurvey.sc.egov.usda.gov/DSD/Download/Cache/SSA/wss_SSA_ND067_soildb_US_2003_[2025-08-29].zip
ND069	https://websoilsurvey.sc.egov.usda.gov/DSD/Download/Cache/SSA/wss_SSA_ND069_soildb_US_2003_[2025-08-29].zip
ND071	https://websoilsurvey.sc.egov.usda.gov/DSD/Download/Cache/SSA/wss_SSA_ND071_soildb_US_2003_[2025-08-29].zip
ND073	https://websoilsurvey.sc.egov.usda.gov/DSD/Download/Cache/SSA/wss_SSA_ND073_soildb_US_2003_[2025-08-29].zip
ND075	https://websoilsurvey.sc.egov.usda.gov/DSD/Download/Cache/SSA/wss_SSA_ND075_soildb_US_2003_[2025-08-29].zip
ND077	https://websoilsurvey.sc.egov.usda.gov/DSD/Download/Cache/SSA/wss_SSA_ND077_soildb_US_2003_[2025-08-29].zip
ND079	https://websoilsurvey.sc.egov.usda.gov/DSD/Download/Cache/SSA/wss_SSA_ND079_soildb_US_2003_[2025-08-29].zip
ND081	https://websoilsurvey.sc.egov.usda.gov/DSD/Download/Cache/SSA/wss_SSA_ND081_soildb_US_2003_[2025-09-02].zip
ND083	https://websoilsurvey.sc.egov.usda.gov/DSD/Download/Cache/SSA/wss_SSA_ND083_soildb_US_2003_[2025-09-02].zip
ND085	https://websoilsurvey.sc.egov.usda.gov/DSD/Download/Cache/SSA/wss_SSA_ND085_soildb_US_2003_[2025-09-02].zip
ND087	https://websoilsurvey.sc.egov.usda.gov/DSD/Download/Cache/SSA/wss_SSA_ND087_soildb_US_2003_[2025-09-02].zip
ND089	https://websoilsurvey.sc.egov.usda.gov/DSD/Download/Cache/SSA/wss_SSA_ND089_soildb_US_2003_[2025-09-02].zip
ND091	https://websoilsurvey.sc.egov.usda.gov/DSD/Download/Cache/SSA/wss_SSA_ND091_soildb_US_2003_[2025-09-02].zip
ND093	https://websoilsurvey.sc.egov.usda.gov/DSD/Download/Cache/SSA/wss_SSA_ND093_soildb_US_2003_[2025-09-02].zip
ND095	https://websoilsurvey.sc.egov.usda.gov/DSD/Download/Cache/SSA/wss_SSA_ND095_soildb_US_2003_[2025-09-02].zip
ND097	https://websoilsurvey.sc.egov.usda.gov/DSD/Download/Cache/SSA/wss_SSA_ND097_soildb_US_2003_[2025-09-02].zip
ND099	https://websoilsurvey.sc.egov.usda.gov/DSD/Download/Cache/SSA/wss_SSA_ND099_soildb_US_2003_[2025-09-02].zip
ND101	https://websoilsurvey.sc.egov.usda.gov/DSD/Download/Cache/SSA/wss_SSA_ND101_soildb_US_2003_[2025-09-02].zip
ND103	https://websoilsurvey.sc.egov.usda.gov/DSD/Download/Cache/SSA/wss_SSA_ND103_soildb_US_2003_[2025-09-02].zip
ND105	https://websoilsurvey.sc.egov.usda.gov/DSD/Download/Cache/SSA/wss_SSA_ND105_soildb_US_2003_[2025-09-02].zip
NE001	https://websoilsurvey.sc.egov.usda.gov/DSD/Download/Cache/SSA/wss_SSA_NE001_soildb_US_2003_[2025-09-03].zip
NE003	https://websoilsurvey.sc.egov.usda.gov/DSD/Download/Cache/SSA/wss_SSA_NE003_soildb_US_2003_[2025-09-03].zip
NE005	https://websoilsurvey.sc.egov.usda.gov/DSD/Download/Cache/SSA/wss_SSA_NE005_soildb_US_2003_[2025-09-03].zip
NE007	https://websoilsurvey.sc.egov.usda.gov/DSD/Download/Cache/SSA/wss_SSA_NE007_soildb_US_2003_[2025-09-03].zip
NE009	https://websoilsurvey.sc.egov.usda.gov/DSD/Download/Cache/SSA/wss_SSA_NE009_soildb_US_2003_[2025-09-03].zip
NE011	https://websoilsurvey.sc.egov.usda.gov/DSD/Download/Cache/SSA/wss_SSA_NE011_soildb_US_2003_[2025-09-03].zip
NE013	https://websoilsurvey.sc.egov.usda.gov/DSD/Download/Cache/SSA/wss_SSA_NE013_soildb_US_2003_[2025-09-03].zip
NE015	https://websoilsurvey.sc.egov.usda.gov/DSD/Download/Cache/SSA/wss_SSA_NE015_soildb_US_2003_[2025-09-03].zip
NE017	https://websoilsurvey.sc.egov.usda.gov/DSD/Download/Cache/SSA/wss_SSA_NE017_soildb_US_2003_[2025-09-03].zip
NE019	https://websoilsurvey.sc.egov.usda.gov/DSD/Download/Cache/SSA/wss_SSA_NE019_soildb_US_2003_[2025-09-03].zip
NE021	https://websoilsurvey.sc.egov.usda.gov/DSD/Download/Cache/SSA/wss_SSA_NE021_soildb_US_2003_[2025-09-03].zip
NE023	https://websoilsurvey.sc.egov.usda.gov/DSD/Download/Cache/SSA/wss_SSA_NE023_soildb_US_2003_[2025-09-03].zip
NE025	https://websoilsurvey.sc.egov.usda.gov/DSD/Download/Cache/SSA/wss_SSA_NE025_soildb_US_2003_[2025-09-03].zip
NE027	https://websoilsurvey.sc.egov.usda.gov/DSD/Download/Cache/SSA/wss_SSA_NE027_soildb_US_2003_[2025-09-03].zip
NE029	https://websoilsurvey.sc.egov.usda.gov/DSD/Download/Cache/SSA/wss_SSA_NE029_soildb_US_2003_[2025-09-03].zip
NE031	https://websoilsurvey.sc.egov.usda.gov/DSD/Download/Cache/SSA/wss_SSA_NE031_soildb_US_2003_[2025-09-03].zip
NE033	https://websoilsurvey.sc.egov.usda.gov/DSD/Download/Cache/SSA/wss_SSA_NE033_soildb_US_2003_[2025-09-03].zip
NE035	https://websoilsurvey.sc.egov.usda.gov/DSD/Download/Cache/SSA/wss_SSA_NE035_soildb_US_2003_[2025-09-03].zip
NE037	https://websoilsurvey.sc.egov.usda.gov/DSD/Download/Cache/SSA/wss_SSA_NE037_soildb_US_2003_[2025-09-03].zip
NE039	https://websoilsurvey.sc.egov.usda.gov/DSD/Download/Cache/SSA/wss_SSA_NE039_soildb_US_2003_[2025-09-03].zip
NE041	https://websoilsurvey.sc.egov.usda.gov/DSD/Download/Cache/SSA/wss_SSA_NE041_soildb_US_2003_[2025-09-03].zip
NE043	https://websoilsurvey.sc.egov.usda.gov/DSD/Download/Cache/SSA/wss_SSA_NE043_soildb_US_2003_[2025-09-03].zip
NE045	https://websoilsurvey.sc.egov.usda.gov/DSD/Download/Cache/SSA/wss_SSA_NE045_soildb_US_2003_[2025-09-03].zip
NE047	https://websoilsurvey.sc.egov.usda.gov/DSD/Download/Cache/SSA/wss_SSA_NE047_soildb_US_2003_[2025-09-03].zip
NE049	https://websoilsurvey.sc.egov.usda.gov/DSD/Download/Cache/SSA/wss_SSA_NE049_soildb_US_2003_[2025-09-03].zip
NE051	https://websoilsurvey.sc.egov.usda.gov/DSD/Download/Cache/SSA/wss_SSA_NE051_soildb_US_2003_[2025-09-03].zip
NE053	https://websoilsurvey.sc.egov.usda.gov/DSD/Download/Cache/SSA/wss_SSA_NE053_soildb_US_2003_[2025-09-03].zip
NE055	https://websoilsurvey.sc.egov.usda.gov/DSD/Download/Cache/SSA/wss_SSA_NE055_soildb_US_2003_[2025-09-03].zip
NE057	https://websoilsurvey.sc.egov.usda.gov/DSD/Download/Cache/SSA/wss_SSA_NE057_soildb_US_2003_[2025-09-03].zip
NE059	https://websoilsurvey.sc.egov.usda.gov/DSD/Download/Cache/SSA/wss_SSA_NE059_soildb_US_2003_[2025-09-03].zip
NE061	https://websoilsurvey.sc.egov.usda.gov/DSD/Download/Cache/SSA/wss_SSA_NE061_soildb_US_2003_[2025-09-03].zip
NE063	https://websoilsurvey.sc.egov.usda.gov/DSD/Download/Cache/SSA/wss_SSA_NE063_soildb_US_2003_[2025-09-03].zip
NE065	https://websoilsurvey.sc.egov.usda.gov/DSD/Download/Cache/SSA/wss_SSA_NE065_soildb_US_2003_[2025-09-03].zip
NE067	https://websoilsurvey.sc.egov.usda.gov/DSD/Download/Cache/SSA/wss_SSA_NE067_soildb_US_2003_[2025-09-03].zip
NE069	https://websoilsurvey.sc.egov.usda.gov/DSD/Download/Cache/SSA/wss_SSA_NE069_soildb_US_2003_[2025-09-08].zip
NE071	https://websoilsurvey.sc.egov.usda.gov/DSD/Download/Cache/SSA/wss_SSA_NE071_soildb_US_2003_[2025-09-08].zip
NE073	https://websoilsurvey.sc.egov.usda.gov/DSD/Download/Cache/SSA/wss_SSA_NE073_soildb_US_2003_[2025-09-08].zip
NE075	https://websoilsurvey.sc.egov.usda.gov/DSD/Download/Cache/SSA/wss_SSA_NE075_soildb_US_2003_[2025-09-08].zip
NE077	https://websoilsurvey.sc.egov.usda.gov/DSD/Download/Cache/SSA/wss_SSA_NE077_soildb_US_2003_[2025-09-08].zip
NE079	https://websoilsurvey.sc.egov.usda.gov/DSD/Download/Cache/SSA/wss_SSA_NE079_soildb_US_2003_[2025-09-08].zip
NE081	https://websoilsurvey.sc.egov.usda.gov/DSD/Download/Cache/SSA/wss_SSA_NE081_soildb_US_2003_[2025-09-08].zip
NE083	https://websoilsurvey.sc.egov.usda.gov/DSD/Download/Cache/SSA/wss_SSA_NE083_soildb_US_2003_[2025-09-08].zip
NE085	https://websoilsurvey.sc.egov.usda.gov/DSD/Download/Cache/SSA/wss_SSA_NE085_soildb_US_2003_[2025-09-08].zip
NE087	https://websoilsurvey.sc.egov.usda.gov/DSD/Download/Cache/SSA/wss_SSA_NE087_soildb_US_2003_[2025-09-08].zip
NE089	https://websoilsurvey.sc.egov.usda.gov/DSD/Download/Cache/SSA/wss_SSA_NE089_soildb_US_2003_[2025-09-08].zip
NE091	https://websoilsurvey.sc.egov.usda.gov/DSD/Download/Cache/SSA/wss_SSA_NE091_soildb_US_2003_[2025-09-08].zip
NE093	https://websoilsurvey.sc.egov.usda.gov/DSD/Download/Cache/SSA/wss_SSA_NE093_soildb_US_2003_[2025-09-08].zip
NE095	https://websoilsurvey.sc.egov.usda.gov/DSD/Download/Cache/SSA/wss_SSA_NE095_soildb_US_2003_[2025-09-08].zip
NE097	https://websoilsurvey.sc.egov.usda.gov/DSD/Download/Cache/SSA/wss_SSA_NE097_soildb_US_2003_[2025-09-08].zip
NE099	https://websoilsurvey.sc.egov.usda.gov/DSD/Download/Cache/SSA/wss_SSA_NE099_soildb_US_2003_[2025-09-08].zip
NE101	https://websoilsurvey.sc.egov.usda.gov/DSD/Download/Cache/SSA/wss_SSA_NE101_soildb_US_2003_[2025-09-08].zip
NE103	https://websoilsurvey.sc.egov.usda.gov/DSD/Download/Cache/SSA/wss_SSA_NE103_soildb_US_2003_[2025-09-08].zip
NE105	https://websoilsurvey.sc.egov.usda.gov/DSD/Download/Cache/SSA/wss_SSA_NE105_soildb_US_2003_[2025-09-08].zip
NE107	https://websoilsurvey.sc.egov.usda.gov/DSD/Download/Cache/SSA/wss_SSA_NE107_soildb_US_2003_[2025-09-08].zip
NE109	https://websoilsurvey.sc.egov.usda.gov/DSD/Download/Cache/SSA/wss_SSA_NE109_soildb_US_2003_[2025-09-08].zip
NE111	https://websoilsurvey.sc.egov.usda.gov/DSD/Download/Cache/SSA/wss_SSA_NE111_soildb_US_2003_[2025-09-08].zip
NE113	https://websoilsurvey.sc.egov.usda.gov/DSD/Download/Cache/SSA/wss_SSA_NE113_soildb_US_2003_[2025-09-08].zip
NE115	https://websoilsurvey.sc.egov.usda.gov/DSD/Download/Cache/SSA/wss_SSA_NE115_soildb_US_2003_[2025-09-08].zip
NE117	https://websoilsurvey.sc.egov.usda.gov/DSD/Download/Cache/SSA/wss_SSA_NE117_soildb_US_2003_[2025-09-08].zip
NE119	https://websoilsurvey.sc.egov.usda.gov/DSD/Download/Cache/SSA/wss_SSA_NE119_soildb_US_2003_[2025-09-08].zip
NE121	https://websoilsurvey.sc.egov.usda.gov/DSD/Download/Cache/SSA/wss_SSA_NE121_soildb_US_2003_[2025-09-08].zip
NE123	https://websoilsurvey.sc.egov.usda.gov/DSD/Download/Cache/SSA/wss_SSA_NE123_soildb_US_2003_[2025-09-08].zip
NE125	https://websoilsurvey.sc.egov.usda.gov/DSD/Download/Cache/SSA/wss_SSA_NE125_soildb_US_2003_[2025-09-08].zip
NE127	https://websoilsurvey.sc.egov.usda.gov/DSD/Download/Cache/SSA/wss_SSA_NE127_soildb_US_2003_[2025-09-08].zip
NE129	https://websoilsurvey.sc.egov.usda.gov/DSD/Download/Cache/SSA/wss_SSA_NE129_soildb_US_2003_[2025-09-08].zip
NE131	https://websoilsurvey.sc.egov.usda.gov/DSD/Download/Cache/SSA/wss_SSA_NE131_soildb_US_2003_[2025-09-08].zip
NE133	https://websoilsurvey.sc.egov.usda.gov/DSD/Download/Cache/SSA/wss_SSA_NE133_soildb_US_2003_[2025-09-08].zip
NE135	https://websoilsurvey.sc.egov.usda.gov/DSD/Download/Cache/SSA/wss_SSA_NE135_soildb_US_2003_[2025-09-08].zip
NE137	https://websoilsurvey.sc.egov.usda.gov/DSD/Download/Cache/SSA/wss_SSA_NE137_soildb_US_2003_[2025-09-08].zip
NE139	https://websoilsurvey.sc.egov.usda.gov/DSD/Download/Cache/SSA/wss_SSA_NE139_soildb_US_2003_[2025-09-08].zip
NE141	https://websoilsurvey.sc.egov.usda.gov/DSD/Download/Cache/SSA/wss_SSA_NE141_soildb_US_2003_[2025-09-08].zip
NE143	https://websoilsurvey.sc.egov.usda.gov/DSD/Download/Cache/SSA/wss_SSA_NE143_soildb_US_2003_[2025-09-08].zip
NE145	https://websoilsurvey.sc.egov.usda.gov/DSD/Download/Cache/SSA/wss_SSA_NE145_soildb_US_2003_[2025-09-08].zip
NE147	https://websoilsurvey.sc.egov.usda.gov/DSD/Download/Cache/SSA/wss_SSA_NE147_soildb_US_2003_[2025-09-08].zip
NE149	https://websoilsurvey.sc.egov.usda.gov/DSD/Download/Cache/SSA/wss_SSA_NE149_soildb_US_2003_[2025-09-08].zip
NE151	https://websoilsurvey.sc.egov.usda.gov/DSD/Download/Cache/SSA/wss_SSA_NE151_soildb_US_2003_[2025-09-08].zip
NE153	https://websoilsurvey.sc.egov.usda.gov/DSD/Download/Cache/SSA/wss_SSA_NE153_soildb_US_2003_[2025-09-08].zip
NE155	https://websoilsurvey.sc.egov.usda.gov/DSD/Download/Cache/SSA/wss_SSA_NE155_soildb_US_2003_[2025-09-08].zip
NE157	https://websoilsurvey.sc.egov.usda.gov/DSD/Download/Cache/SSA/wss_SSA_NE157_soildb_US_2003_[2025-09-08].zip
NE159	https://websoilsurvey.sc.egov.usda.gov/DSD/Download/Cache/SSA/wss_SSA_NE159_soildb_US_2003_[2025-09-08].zip
NE161	https://websoilsurvey.sc.egov.usda.gov/DSD/Download/Cache/SSA/wss_SSA_NE161_soildb_US_2003_[2025-09-08].zip
NE163	https://websoilsurvey.sc.egov.usda.gov/DSD/Download/Cache/SSA/wss_SSA_NE163_soildb_US_2003_[2025-09-08].zip
NE165	https://websoilsurvey.sc.egov.usda.gov/DSD/Download/Cache/SSA/wss_SSA_NE165_soildb_US_2003_[2025-09-08].zip
NE167	https://websoilsurvey.sc.egov.usda.gov/DSD/Download/Cache/SSA/wss_SSA_NE167_soildb_US_2003_[2025-09-08].zip
NE169	https://websoilsurvey.sc.egov.usda.gov/DSD/Download/Cache/SSA/wss_SSA_NE169_soildb_US_2003_[2025-09-08].zip
NE171	https://websoilsurvey.sc.egov.usda.gov/DSD/Download/Cache/SSA/wss_SSA_NE171_soildb_US_2003_[2025-09-08].zip
NE173	https://websoilsurvey.sc.egov.usda.gov/DSD/Download/Cache/SSA/wss_SSA_NE173_soildb_US_2003_[2025-09-08].zip
NE175	https://websoilsurvey.sc.egov.usda.gov/DSD/Download/Cache/SSA/wss_SSA_NE175_soildb_US_2003_[2025-09-08].zip
NE177	https://websoilsurvey.sc.egov.usda.gov/DSD/Download/Cache/SSA/wss_SSA_NE177_soildb_US_2003_[2025-09-08].zip
NE179	https://websoilsurvey.sc.egov.usda.gov/DSD/Download/Cache/SSA/wss_SSA_NE179_soildb_US_2003_[2025-09-08].zip
NE181	https://websoilsurvey.sc.egov.usda.gov/DSD/Download/Cache/SSA/wss_SSA_NE181_soildb_US_2003_[2025-09-08].zip
NE183	https://websoilsurvey.sc.egov.usda.gov/DSD/Download/Cache/SSA/wss_SSA_NE183_soildb_US_2003_[2025-09-08].zip
NE185	https://websoilsurvey.sc.egov.usda.gov/DSD/Download/Cache/SSA/wss_SSA_NE185_soildb_US_2003_[2025-09-08].zip
NH005	https://websoilsurvey.sc.egov.usda.gov/DSD/Download/Cache/SSA/wss_SSA_NH005_soildb_US_2003_[2025-09-09].zip
NH009	https://websoilsurvey.sc.egov.usda.gov/DSD/Download/Cache/SSA/wss_SSA_NH009_soildb_US_2003_[2025-09-10].zip
NH015	https://websoilsurvey.sc.egov.usda.gov/DSD/Download/Cache/SSA/wss_SSA_NH015_soildb_US_2003_[2025-09-09].zip
NH017	https://websoilsurvey.sc.egov.usda.gov/DSD/Download/Cache/SSA/wss_SSA_NH017_soildb_US_2003_[2025-09-09].zip
NH019	https://websoilsurvey.sc.egov.usda.gov/DSD/Download/Cache/SSA/wss_SSA_NH019_soildb_US_2003_[2025-09-09].zip
NH601	https://websoilsurvey.sc.egov.usda.gov/DSD/Download/Cache/SSA/wss_SSA_NH601_soildb_US_2003_[2025-09-09].zip
NH602	https://websoilsurvey.sc.egov.usda.gov/DSD/Download/Cache/SSA/wss_SSA_NH602_soildb_US_2003_[2025-09-09].zip
NH603	https://websoilsurvey.sc.egov.usda.gov/DSD/Download/Cache/SSA/wss_SSA_NH603_soildb_US_2003_[2025-09-10].zip
NH605	https://websoilsurvey.sc.egov.usda.gov/DSD/Download/Cache/SSA/wss_SSA_NH605_soildb_US_2003_[2025-09-10].zip
NH607	https://websoilsurvey.sc.egov.usda.gov/DSD/Download/Cache/SSA/wss_SSA_NH607_soildb_US_2003_[2025-09-10].zip
NH609	https://websoilsurvey.sc.egov.usda.gov/DSD/Download/Cache/SSA/wss_SSA_NH609_soildb_US_2003_[2025-09-10].zip
NJ001	https://websoilsurvey.sc.egov.usda.gov/DSD/Download/Cache/SSA/wss_SSA_NJ001_soildb_US_2003_[2025-08-28].zip
NJ003	https://websoilsurvey.sc.egov.usda.gov/DSD/Download/Cache/SSA/wss_SSA_NJ003_soildb_US_2003_[2025-08-28].zip
NJ005	https://websoilsurvey.sc.egov.usda.gov/DSD/Download/Cache/SSA/wss_SSA_NJ005_soildb_US_2003_[2025-08-28].zip
NJ007	https://websoilsurvey.sc.egov.usda.gov/DSD/Download/Cache/SSA/wss_SSA_NJ007_soildb_US_2003_[2025-08-28].zip
NJ009	https://websoilsurvey.sc.egov.usda.gov/DSD/Download/Cache/SSA/wss_SSA_NJ009_soildb_US_2003_[2025-08-28].zip
NJ011	https://websoilsurvey.sc.egov.usda.gov/DSD/Download/Cache/SSA/wss_SSA_NJ011_soildb_US_2003_[2025-08-28].zip
NJ013	https://websoilsurvey.sc.egov.usda.gov/DSD/Download/Cache/SSA/wss_SSA_NJ013_soildb_US_2003_[2025-08-28].zip
NJ015	https://websoilsurvey.sc.egov.usda.gov/DSD/Download/Cache/SSA/wss_SSA_NJ015_soildb_US_2003_[2025-08-28].zip
NJ017	https://websoilsurvey.sc.egov.usda.gov/DSD/Download/Cache/SSA/wss_SSA_NJ017_soildb_US_2003_[2025-08-28].zip
NJ019	https://websoilsurvey.sc.egov.usda.gov/DSD/Download/Cache/SSA/wss_SSA_NJ019_soildb_US_2003_[2025-08-28].zip
NJ021	https://websoilsurvey.sc.egov.usda.gov/DSD/Download/Cache/SSA/wss_SSA_NJ021_soildb_US_2003_[2025-08-28].zip
NJ023	https://websoilsurvey.sc.egov.usda.gov/DSD/Download/Cache/SSA/wss_SSA_NJ023_soildb_US_2003_[2025-08-28].zip
NJ025	https://websoilsurvey.sc.egov.usda.gov/DSD/Download/Cache/SSA/wss_SSA_NJ025_soildb_US_2003_[2025-08-28].zip
NJ027	https://websoilsurvey.sc.egov.usda.gov/DSD/Download/Cache/SSA/wss_SSA_NJ027_soildb_US_2003_[2025-08-28].zip
NJ029	https://websoilsurvey.sc.egov.usda.gov/DSD/Download/Cache/SSA/wss_SSA_NJ029_soildb_US_2003_[2025-08-28].zip
NJ031	https://websoilsurvey.sc.egov.usda.gov/DSD/Download/Cache/SSA/wss_SSA_NJ031_soildb_US_2003_[2025-08-28].zip
NJ033	https://websoilsurvey.sc.egov.usda.gov/DSD/Download/Cache/SSA/wss_SSA_NJ033_soildb_US_2003_[2025-08-28].zip
NJ035	https://websoilsurvey.sc.egov.usda.gov/DSD/Download/Cache/SSA/wss_SSA_NJ035_soildb_US_2003_[2025-08-28].zip
NJ037	https://websoilsurvey.sc.egov.usda.gov/DSD/Download/Cache/SSA/wss_SSA_NJ037_soildb_US_2003_[2025-08-28].zip
NJ039	https://websoilsurvey.sc.egov.usda.gov/DSD/Download/Cache/SSA/wss_SSA_NJ039_soildb_US_2003_[2025-08-28].zip
NJ041	https://websoilsurvey.sc.egov.usda.gov/DSD/Download/Cache/SSA/wss_SSA_NJ041_soildb_US_2003_[2025-08-28].zip
NM007	https://websoilsurvey.sc.egov.usda.gov/DSD/Download/Cache/SSA/wss_SSA_NM007_soildb_US_2003_[2025-09-09].zip
NM011	https://websoilsurvey.sc.egov.usda.gov/DSD/Download/Cache/SSA/wss_SSA_NM011_soildb_US_2003_[2025-09-09].zip
NM019	https://websoilsurvey.sc.egov.usda.gov/DSD/Download/Cache/SSA/wss_SSA_NM019_soildb_US_2003_[2025-09-09].zip
NM021	https://websoilsurvey.sc.egov.usda.gov/DSD/Download/Cache/SSA/wss_SSA_NM021_soildb_US_2003_[2025-09-09].zip
NM023	https://websoilsurvey.sc.egov.usda.gov/DSD/Download/Cache/SSA/wss_SSA_NM023_soildb_US_2003_[2025-09-09].zip
NM025	https://websoilsurvey.sc.egov.usda.gov/DSD/Download/Cache/SSA/wss_SSA_NM025_soildb_US_2003_[2025-09-09].zip
NM029	https://websoilsurvey.sc.egov.usda.gov/DSD/Download/Cache/SSA/wss_SSA_NM029_soildb_US_2003_[2025-09-09].zip
NM041	https://websoilsurvey.sc.egov.usda.gov/DSD/Download/Cache/SSA/wss_SSA_NM041_soildb_US_2003_[2025-09-09].zip
NM059	https://websoilsurvey.sc.egov.usda.gov/DSD/Download/Cache/SSA/wss_SSA_NM059_soildb_US_2003_[2025-09-09].zip
NM600	https://websoilsurvey.sc.egov.usda.gov/DSD/Download/Cache/SSA/wss_SSA_NM600_soildb_US_2003_[2025-09-09].zip
NM606	https://websoilsurvey.sc.egov.usda.gov/DSD/Download/Cache/SSA/wss_SSA_NM606_soildb_US_2003_[2025-09-09].zip
NM612	https://websoilsurvey.sc.egov.usda.gov/DSD/Download/Cache/SSA/wss_SSA_NM612_soildb_US_2003_[2025-09-09].zip
NM614	https://websoilsurvey.sc.egov.usda.gov/DSD/Download/Cache/SSA/wss_SSA_NM614_soildb_US_2003_[2025-09-09].zip
NM618	https://websoilsurvey.sc.egov.usda.gov/DSD/Download/Cache/SSA/wss_SSA_NM618_soildb_US_2003_[2025-09-09].zip
NM622	https://websoilsurvey.sc.egov.usda.gov/DSD/Download/Cache/SSA/wss_SSA_NM622_soildb_US_2003_[2025-09-09].zip
NM630	https://websoilsurvey.sc.egov.usda.gov/DSD/Download/Cache/SSA/wss_SSA_NM630_soildb_US_2003_[2025-09-09].zip
NM632	https://websoilsurvey.sc.egov.usda.gov/DSD/Download/Cache/SSA/wss_SSA_NM632_soildb_US_2003_[2025-09-09].zip
NM636	https://websoilsurvey.sc.egov.usda.gov/DSD/Download/Cache/SSA/wss_SSA_NM636_soildb_US_2003_[2025-09-09].zip
NM638	https://websoilsurvey.sc.egov.usda.gov/DSD/Download/Cache/SSA/wss_SSA_NM638_soildb_US_2003_[2025-09-09].zip
NM644	https://websoilsurvey.sc.egov.usda.gov/DSD/Download/Cache/SSA/wss_SSA_NM644_soildb_US_2003_[2025-09-09].zip
NM646	https://websoilsurvey.sc.egov.usda.gov/DSD/Download/Cache/SSA/wss_SSA_NM646_soildb_US_2003_[2025-09-09].zip
NM648	https://websoilsurvey.sc.egov.usda.gov/DSD/Download/Cache/SSA/wss_SSA_NM648_soildb_US_2003_[2025-09-09].zip
NM650	https://websoilsurvey.sc.egov.usda.gov/DSD/Download/Cache/SSA/wss_SSA_NM650_soildb_US_2003_[2025-09-09].zip
NM656	https://websoilsurvey.sc.egov.usda.gov/DSD/Download/Cache/SSA/wss_SSA_NM656_soildb_US_2003_[2025-09-09].zip
NM660	https://websoilsurvey.sc.egov.usda.gov/DSD/Download/Cache/SSA/wss_SSA_NM660_soildb_US_2003_[2025-09-09].zip
NM662	https://websoilsurvey.sc.egov.usda.gov/DSD/Download/Cache/SSA/wss_SSA_NM662_soildb_US_2003_[2025-09-09].zip
NM664	https://websoilsurvey.sc.egov.usda.gov/DSD/Download/Cache/SSA/wss_SSA_NM664_soildb_US_2003_[2025-09-08].zip
NM666	https://websoilsurvey.sc.egov.usda.gov/DSD/Download/Cache/SSA/wss_SSA_NM666_soildb_US_2003_[2025-09-09].zip
NM669	https://websoilsurvey.sc.egov.usda.gov/DSD/Download/Cache/SSA/wss_SSA_NM669_soildb_US_2003_[2025-09-09].zip
NM670	https://websoilsurvey.sc.egov.usda.gov/DSD/Download/Cache/SSA/wss_SSA_NM670_soildb_US_2003_[2025-09-09].zip
NM672	https://websoilsurvey.sc.egov.usda.gov/DSD/Download/Cache/SSA/wss_SSA_NM672_soildb_US_2003_[2025-09-09].zip
NM674	https://websoilsurvey.sc.egov.usda.gov/DSD/Download/Cache/SSA/wss_SSA_NM674_soildb_US_2003_[2025-09-09].zip
NM676	https://websoilsurvey.sc.egov.usda.gov/DSD/Download/Cache/SSA/wss_SSA_NM676_soildb_US_2003_[2025-09-09].zip
NM678	https://websoilsurvey.sc.egov.usda.gov/DSD/Download/Cache/SSA/wss_SSA_NM678_soildb_US_2003_[2025-09-09].zip
NM682	https://websoilsurvey.sc.egov.usda.gov/DSD/Download/Cache/SSA/wss_SSA_NM682_soildb_US_2003_[2025-09-09].zip
NM687	https://websoilsurvey.sc.egov.usda.gov/DSD/Download/Cache/SSA/wss_SSA_NM687_soildb_US_2003_[2025-09-09].zip
NM688	https://websoilsurvey.sc.egov.usda.gov/DSD/Download/Cache/SSA/wss_SSA_NM688_soildb_US_2003_[2025-09-09].zip
NM690	https://websoilsurvey.sc.egov.usda.gov/DSD/Download/Cache/SSA/wss_SSA_NM690_soildb_US_2003_[2025-09-09].zip
NM692	https://websoilsurvey.sc.egov.usda.gov/DSD/Download/Cache/SSA/wss_SSA_NM692_soildb_US_2003_[2025-09-09].zip
NM694	https://websoilsurvey.sc.egov.usda.gov/DSD/Download/Cache/SSA/wss_SSA_NM694_soildb_US_2003_[2025-09-09].zip
NM696	https://websoilsurvey.sc.egov.usda.gov/DSD/Download/Cache/SSA/wss_SSA_NM696_soildb_US_2003_[2025-09-09].zip
NM698	https://websoilsurvey.sc.egov.usda.gov/DSD/Download/Cache/SSA/wss_SSA_NM698_soildb_US_2003_[2025-09-09].zip
NM717	https://websoilsurvey.sc.egov.usda.gov/DSD/Download/Cache/SSA/wss_SSA_NM717_soildb_US_2003_[2025-09-09].zip
NM719	https://websoilsurvey.sc.egov.usda.gov/DSD/Download/Cache/SSA/wss_SSA_NM719_soildb_US_2003_[2025-09-09].zip
NM780	https://websoilsurvey.sc.egov.usda.gov/DSD/Download/Cache/SSA/wss_SSA_NM780_soildb_US_2003_[2025-09-09].zip
NM781	https://websoilsurvey.sc.egov.usda.gov/DSD/Download/Cache/SSA/wss_SSA_NM781_soildb_US_2003_[2025-09-09].zip
NV602	https://websoilsurvey.sc.egov.usda.gov/DSD/Download/Cache/SSA/wss_SSA_NV602_soildb_US_2003_[2025-08-28].zip
NV603	https://websoilsurvey.sc.egov.usda.gov/DSD/Download/Cache/SSA/wss_SSA_NV603_soildb_US_2003_[2025-08-28].zip
NV608	https://websoilsurvey.sc.egov.usda.gov/DSD/Download/Cache/SSA/wss_SSA_NV608_soildb_US_2003_[2025-08-28].zip
NV611	https://websoilsurvey.sc.egov.usda.gov/DSD/Download/Cache/SSA/wss_SSA_NV611_soildb_US_2003_[2025-08-28].zip
NV612	https://websoilsurvey.sc.egov.usda.gov/DSD/Download/Cache/SSA/wss_SSA_NV612_soildb_US_2003_[2025-08-28].zip
NV621	https://websoilsurvey.sc.egov.usda.gov/DSD/Download/Cache/SSA/wss_SSA_NV621_soildb_US_2003_[2025-08-28].zip
NV622	https://websoilsurvey.sc.egov.usda.gov/DSD/Download/Cache/SSA/wss_SSA_NV622_soildb_US_2003_[2025-08-29].zip
NV625	https://websoilsurvey.sc.egov.usda.gov/DSD/Download/Cache/SSA/wss_SSA_NV625_soildb_US_2003_[2025-08-29].zip
NV628	https://websoilsurvey.sc.egov.usda.gov/DSD/Download/Cache/SSA/wss_SSA_NV628_soildb_US_2003_[2025-08-29].zip
NV629	https://websoilsurvey.sc.egov.usda.gov/DSD/Download/Cache/SSA/wss_SSA_NV629_soildb_US_2003_[2025-08-29].zip
NV708	https://websoilsurvey.sc.egov.usda.gov/DSD/Download/Cache/SSA/wss_SSA_NV708_soildb_US_2003_[2025-08-29].zip
NV709	https://websoilsurvey.sc.egov.usda.gov/DSD/Download/Cache/SSA/wss_SSA_NV709_soildb_US_2003_[2025-08-29].zip
NV713	https://websoilsurvey.sc.egov.usda.gov/DSD/Download/Cache/SSA/wss_SSA_NV713_soildb_US_2003_[2025-08-29].zip
NV754	https://websoilsurvey.sc.egov.usda.gov/DSD/Download/Cache/SSA/wss_SSA_NV754_soildb_US_2003_[2025-08-29].zip
NV755	https://websoilsurvey.sc.egov.usda.gov/DSD/Download/Cache/SSA/wss_SSA_NV755_soildb_US_2003_[2025-08-29].zip
NV757	https://websoilsurvey.sc.egov.usda.gov/DSD/Download/Cache/SSA/wss_SSA_NV757_soildb_US_2003_[2025-09-02].zip
NV759	https://websoilsurvey.sc.egov.usda.gov/DSD/Download/Cache/SSA/wss_SSA_NV759_soildb_US_2003_[2025-09-02].zip
NV760	https://websoilsurvey.sc.egov.usda.gov/DSD/Download/Cache/SSA/wss_SSA_NV760_soildb_US_2003_[2025-09-02].zip
NV761	https://websoilsurvey.sc.egov.usda.gov/DSD/Download/Cache/SSA/wss_SSA_NV761_soildb_US_2003_[2025-09-02].zip
NV763	https://websoilsurvey.sc.egov.usda.gov/DSD/Download/Cache/SSA/wss_SSA_NV763_soildb_US_2003_[2025-09-02].zip
NV764	https://websoilsurvey.sc.egov.usda.gov/DSD/Download/Cache/SSA/wss_SSA_NV764_soildb_US_2003_[2025-09-02].zip
NV765	https://websoilsurvey.sc.egov.usda.gov/DSD/Download/Cache/SSA/wss_SSA_NV765_soildb_US_2003_[2025-09-02].zip
NV766	https://websoilsurvey.sc.egov.usda.gov/DSD/Download/Cache/SSA/wss_SSA_NV766_soildb_US_2003_[2025-09-02].zip
NV767	https://websoilsurvey.sc.egov.usda.gov/DSD/Download/Cache/SSA/wss_SSA_NV767_soildb_US_2003_[2025-09-02].zip
NV768	https://websoilsurvey.sc.egov.usda.gov/DSD/Download/Cache/SSA/wss_SSA_NV768_soildb_US_2003_[2025-09-02].zip
NV769	https://websoilsurvey.sc.egov.usda.gov/DSD/Download/Cache/SSA/wss_SSA_NV769_soildb_US_2003_[2025-09-02].zip
NV770	https://websoilsurvey.sc.egov.usda.gov/DSD/Download/Cache/SSA/wss_SSA_NV770_soildb_US_2003_[2025-09-02].zip
NV771	https://websoilsurvey.sc.egov.usda.gov/DSD/Download/Cache/SSA/wss_SSA_NV771_soildb_US_2003_[2025-09-02].zip
NV772	https://websoilsurvey.sc.egov.usda.gov/DSD/Download/Cache/SSA/wss_SSA_NV772_soildb_US_2003_[2025-09-02].zip
NV773	https://websoilsurvey.sc.egov.usda.gov/DSD/Download/Cache/SSA/wss_SSA_NV773_soildb_US_2003_[2025-09-02].zip
NV774	https://websoilsurvey.sc.egov.usda.gov/DSD/Download/Cache/SSA/wss_SSA_NV774_soildb_US_2003_[2025-09-02].zip
NV775	https://websoilsurvey.sc.egov.usda.gov/DSD/Download/Cache/SSA/wss_SSA_NV775_soildb_US_2003_[2025-09-02].zip
NV776	https://websoilsurvey.sc.egov.usda.gov/DSD/Download/Cache/SSA/wss_SSA_NV776_soildb_US_2003_[2025-09-02].zip
NV777	https://websoilsurvey.sc.egov.usda.gov/DSD/Download/Cache/SSA/wss_SSA_NV777_soildb_US_2003_[2025-09-02].zip
NV778	https://websoilsurvey.sc.egov.usda.gov/DSD/Download/Cache/SSA/wss_SSA_NV778_soildb_US_2003_[2025-09-02].zip
NV779	https://websoilsurvey.sc.egov.usda.gov/DSD/Download/Cache/SSA/wss_SSA_NV779_soildb_US_2003_[2025-09-02].zip
NV780	https://websoilsurvey.sc.egov.usda.gov/DSD/Download/Cache/SSA/wss_SSA_NV780_soildb_US_2003_[2025-09-02].zip
NV781	https://websoilsurvey.sc.egov.usda.gov/DSD/Download/Cache/SSA/wss_SSA_NV781_soildb_US_2003_[2025-09-02].zip
NV782	https://websoilsurvey.sc.egov.usda.gov/DSD/Download/Cache/SSA/wss_SSA_NV782_soildb_US_2003_[2025-09-02].zip
NV783	https://websoilsurvey.sc.egov.usda.gov/DSD/Download/Cache/SSA/wss_SSA_NV783_soildb_US_2003_[2025-09-02].zip
NV784	https://websoilsurvey.sc.egov.usda.gov/DSD/Download/Cache/SSA/wss_SSA_NV784_soildb_US_2003_[2025-09-02].zip
NV785	https://websoilsurvey.sc.egov.usda.gov/DSD/Download/Cache/SSA/wss_SSA_NV785_soildb_US_2003_[2025-09-02].zip
NV786	https://websoilsurvey.sc.egov.usda.gov/DSD/Download/Cache/SSA/wss_SSA_NV786_soildb_US_2003_[2025-09-02].zip
NV788	https://websoilsurvey.sc.egov.usda.gov/DSD/Download/Cache/SSA/wss_SSA_NV788_soildb_US_2003_[2025-09-02].zip
NV792	https://websoilsurvey.sc.egov.usda.gov/DSD/Download/Cache/SSA/wss_SSA_NV792_soildb_US_2003_[2025-09-02].zip
NV796	https://websoilsurvey.sc.egov.usda.gov/DSD/Download/Cache/SSA/wss_SSA_NV796_soildb_US_2003_[2025-09-02].zip
NV799	https://websoilsurvey.sc.egov.usda.gov/DSD/Download/Cache/SSA/wss_SSA_NV799_soildb_US_2003_[2025-09-02].zip
NY001	https://websoilsurvey.sc.egov.usda.gov/DSD/Download/Cache/SSA/wss_SSA_NY001_soildb_US_2003_[2025-09-02].zip
NY003	https://websoilsurvey.sc.egov.usda.gov/DSD/Download/Cache/SSA/wss_SSA_NY003_soildb_US_2003_[2025-08-29].zip
NY005	https://websoilsurvey.sc.egov.usda.gov/DSD/Download/Cache/SSA/wss_SSA_NY005_soildb_US_2003_[2025-08-28].zip
NY007	https://websoilsurvey.sc.egov.usda.gov/DSD/Download/Cache/SSA/wss_SSA_NY007_soildb_US_2003_[2025-08-27].zip
NY009	https://websoilsurvey.sc.egov.usda.gov/DSD/Download/Cache/SSA/wss_SSA_NY009_soildb_US_2003_[2025-09-02].zip
NY011	https://websoilsurvey.sc.egov.usda.gov/DSD/Download/Cache/SSA/wss_SSA_NY011_soildb_US_2003_[2025-09-02].zip
NY013	https://websoilsurvey.sc.egov.usda.gov/DSD/Download/Cache/SSA/wss_SSA_NY013_soildb_US_2003_[2025-09-02].zip
NY015	https://websoilsurvey.sc.egov.usda.gov/DSD/Download/Cache/SSA/wss_SSA_NY015_soildb_US_2003_[2025-08-27].zip
NY017	https://websoilsurvey.sc.egov.usda.gov/DSD/Download/Cache/SSA/wss_SSA_NY017_soildb_US_2003_[2025-08-27].zip
NY019	https://websoilsurvey.sc.egov.usda.gov/DSD/Download/Cache/SSA/wss_SSA_NY019_soildb_US_2003_[2025-09-04].zip
NY021	https://websoilsurvey.sc.egov.usda.gov/DSD/Download/Cache/SSA/wss_SSA_NY021_soildb_US_2003_[2025-09-02].zip
NY023	https://websoilsurvey.sc.egov.usda.gov/DSD/Download/Cache/SSA/wss_SSA_NY023_soildb_US_2003_[2025-09-02].zip
NY025	https://websoilsurvey.sc.egov.usda.gov/DSD/Download/Cache/SSA/wss_SSA_NY025_soildb_US_2003_[2025-08-27].zip
NY027	https://websoilsurvey.sc.egov.usda.gov/DSD/Download/Cache/SSA/wss_SSA_NY027_soildb_US_2003_[2025-09-02].zip
NY029	https://websoilsurvey.sc.egov.usda.gov/DSD/Download/Cache/SSA/wss_SSA_NY029_soildb_US_2003_[2025-09-04].zip
NY031	https://websoilsurvey.sc.egov.usda.gov/DSD/Download/Cache/SSA/wss_SSA_NY031_soildb_US_2003_[2025-09-04].zip
NY033	https://websoilsurvey.sc.egov.usda.gov/DSD/Download/Cache/SSA/wss_SSA_NY033_soildb_US_2003_[2025-09-04].zip
NY035	https://websoilsurvey.sc.egov.usda.gov/DSD/Download/Cache/SSA/wss_SSA_NY035_soildb_US_2003_[2025-09-04].zip
NY037	https://websoilsurvey.sc.egov.usda.gov/DSD/Download/Cache/SSA/wss_SSA_NY037_soildb_US_2003_[2025-09-02].zip
NY039	https://websoilsurvey.sc.egov.usda.gov/DSD/Download/Cache/SSA/wss_SSA_NY039_soildb_US_2003_[2025-09-02].zip
NY041	https://websoilsurvey.sc.egov.usda.gov/DSD/Download/Cache/SSA/wss_SSA_NY041_soildb_US_2003_[2025-08-29].zip
NY043	https://websoilsurvey.sc.egov.usda.gov/DSD/Download/Cache/SSA/wss_SSA_NY043_soildb_US_2003_[2025-09-04].zip
NY045	https://websoilsurvey.sc.egov.usda.gov/DSD/Download/Cache/SSA/wss_SSA_NY045_soildb_US_2003_[2025-09-04].zip
NY047	https://websoilsurvey.sc.egov.usda.gov/DSD/Download/Cache/SSA/wss_SSA_NY047_soildb_US_2003_[2025-08-28].zip
NY049	https://websoilsurvey.sc.egov.usda.gov/DSD/Download/Cache/SSA/wss_SSA_NY049_soildb_US_2003_[2025-09-04].zip
NY051	https://websoilsurvey.sc.egov.usda.gov/DSD/Download/Cache/SSA/wss_SSA_NY051_soildb_US_2003_[2025-08-28].zip
NY053	https://websoilsurvey.sc.egov.usda.gov/DSD/Download/Cache/SSA/wss_SSA_NY053_soildb_US_2003_[2025-09-04].zip
NY055	https://websoilsurvey.sc.egov.usda.gov/DSD/Download/Cache/SSA/wss_SSA_NY055_soildb_US_2003_[2025-08-27].zip
NY057	https://websoilsurvey.sc.egov.usda.gov/DSD/Download/Cache/SSA/wss_SSA_NY057_soildb_US_2003_[2025-09-02].zip
NY059	https://websoilsurvey.sc.egov.usda.gov/DSD/Download/Cache/SSA/wss_SSA_NY059_soildb_US_2003_[2025-08-28].zip
NY061	https://websoilsurvey.sc.egov.usda.gov/DSD/Download/Cache/SSA/wss_SSA_NY061_soildb_US_2003_[2025-08-28].zip
NY065	https://websoilsurvey.sc.egov.usda.gov/DSD/Download/Cache/SSA/wss_SSA_NY065_soildb_US_2003_[2025-09-04].zip
NY067	https://websoilsurvey.sc.egov.usda.gov/DSD/Download/Cache/SSA/wss_SSA_NY067_soildb_US_2003_[2025-09-02].zip
NY069	https://websoilsurvey.sc.egov.usda.gov/DSD/Download/Cache/SSA/wss_SSA_NY069_soildb_US_2003_[2025-09-02].zip
NY071	https://websoilsurvey.sc.egov.usda.gov/DSD/Download/Cache/SSA/wss_SSA_NY071_soildb_US_2003_[2025-09-02].zip
NY073	https://websoilsurvey.sc.egov.usda.gov/DSD/Download/Cache/SSA/wss_SSA_NY073_soildb_US_2003_[2025-08-27].zip
NY075	https://websoilsurvey.sc.egov.usda.gov/DSD/Download/Cache/SSA/wss_SSA_NY075_soildb_US_2003_[2025-09-04].zip
NY077	https://websoilsurvey.sc.egov.usda.gov/DSD/Download/Cache/SSA/wss_SSA_NY077_soildb_US_2003_[2025-09-04].zip
NY079	https://websoilsurvey.sc.egov.usda.gov/DSD/Download/Cache/SSA/wss_SSA_NY079_soildb_US_2003_[2025-08-28].zip
NY081	https://websoilsurvey.sc.egov.usda.gov/DSD/Download/Cache/SSA/wss_SSA_NY081_soildb_US_2003_[2025-08-28].zip
NY083	https://websoilsurvey.sc.egov.usda.gov/DSD/Download/Cache/SSA/wss_SSA_NY083_soildb_US_2003_[2025-09-02].zip
NY085	https://websoilsurvey.sc.egov.usda.gov/DSD/Download/Cache/SSA/wss_SSA_NY085_soildb_US_2003_[2025-08-28].zip
NY087	https://websoilsurvey.sc.egov.usda.gov/DSD/Download/Cache/SSA/wss_SSA_NY087_soildb_US_2003_[2025-08-28].zip
NY089	https://websoilsurvey.sc.egov.usda.gov/DSD/Download/Cache/SSA/wss_SSA_NY089_soildb_US_2003_[2025-09-04].zip
NY091	https://websoilsurvey.sc.egov.usda.gov/DSD/Download/Cache/SSA/wss_SSA_NY091_soildb_US_2003_[2025-09-02].zip
NY093	https://websoilsurvey.sc.egov.usda.gov/DSD/Download/Cache/SSA/wss_SSA_NY093_soildb_US_2003_[2025-09-02].zip
NY095	https://websoilsurvey.sc.egov.usda.gov/DSD/Download/Cache/SSA/wss_SSA_NY095_soildb_US_2003_[2025-09-02].zip
NY097	https://websoilsurvey.sc.egov.usda.gov/DSD/Download/Cache/SSA/wss_SSA_NY097_soildb_US_2003_[2025-09-02].zip
NY099	https://websoilsurvey.sc.egov.usda.gov/DSD/Download/Cache/SSA/wss_SSA_NY099_soildb_US_2003_[2025-09-02].zip
NY101	https://websoilsurvey.sc.egov.usda.gov/DSD/Download/Cache/SSA/wss_SSA_NY101_soildb_US_2003_[2025-08-27].zip
NY103	https://websoilsurvey.sc.egov.usda.gov/DSD/Download/Cache/SSA/wss_SSA_NY103_soildb_US_2003_[2025-08-27].zip
NY105	https://websoilsurvey.sc.egov.usda.gov/DSD/Download/Cache/SSA/wss_SSA_NY105_soildb_US_2003_[2025-08-27].zip
NY107	https://websoilsurvey.sc.egov.usda.gov/DSD/Download/Cache/SSA/wss_SSA_NY107_soildb_US_2003_[2025-08-27].zip
NY109	https://websoilsurvey.sc.egov.usda.gov/DSD/Download/Cache/SSA/wss_SSA_NY109_soildb_US_2003_[2025-09-02].zip
NY111	https://websoilsurvey.sc.egov.usda.gov/DSD/Download/Cache/SSA/wss_SSA_NY111_soildb_US_2003_[2025-09-02].zip
NY113	https://websoilsurvey.sc.egov.usda.gov/DSD/Download/Cache/SSA/wss_SSA_NY113_soildb_US_2003_[2025-09-05].zip
NY115	https://websoilsurvey.sc.egov.usda.gov/DSD/Download/Cache/SSA/wss_SSA_NY115_soildb_US_2003_[2025-09-02].zip
NY117	https://websoilsurvey.sc.egov.usda.gov/DSD/Download/Cache/SSA/wss_SSA_NY117_soildb_US_2003_[2025-08-27].zip
NY119	https://websoilsurvey.sc.egov.usda.gov/DSD/Download/Cache/SSA/wss_SSA_NY119_soildb_US_2003_[2025-08-28].zip
NY121	https://websoilsurvey.sc.egov.usda.gov/DSD/Download/Cache/SSA/wss_SSA_NY121_soildb_US_2003_[2025-09-02].zip
NY123	https://websoilsurvey.sc.egov.usda.gov/DSD/Download/Cache/SSA/wss_SSA_NY123_soildb_US_2003_[2025-09-02].zip
NY605	https://websoilsurvey.sc.egov.usda.gov/DSD/Download/Cache/SSA/wss_SSA_NY605_soildb_US_2003_[2025-08-29].zip
NY663	https://websoilsurvey.sc.egov.usda.gov/DSD/Download/Cache/SSA/wss_SSA_NY663_soildb_US_2003_[2025-09-02].zip
NY664	https://websoilsurvey.sc.egov.usda.gov/DSD/Download/Cache/SSA/wss_SSA_NY664_soildb_US_2003_[2025-08-29].zip
NY689	https://websoilsurvey.sc.egov.usda.gov/DSD/Download/Cache/SSA/wss_SSA_NY689_soildb_US_2003_[2025-08-27].zip
OH001	https://websoilsurvey.sc.egov.usda.gov/DSD/Download/Cache/SSA/wss_SSA_OH001_soildb_US_2003_[2025-08-27].zip
OH003	https://websoilsurvey.sc.egov.usda.gov/DSD/Download/Cache/SSA/wss_SSA_OH003_soildb_US_2003_[2025-08-27].zip
OH005	https://websoilsurvey.sc.egov.usda.gov/DSD/Download/Cache/SSA/wss_SSA_OH005_soildb_US_2003_[2025-08-27].zip
OH007	https://websoilsurvey.sc.egov.usda.gov/DSD/Download/Cache/SSA/wss_SSA_OH007_soildb_US_2003_[2025-08-27].zip
OH009	https://websoilsurvey.sc.egov.usda.gov/DSD/Download/Cache/SSA/wss_SSA_OH009_soildb_US_2003_[2025-08-27].zip
OH011	https://websoilsurvey.sc.egov.usda.gov/DSD/Download/Cache/SSA/wss_SSA_OH011_soildb_US_2003_[2025-08-27].zip
OH013	https://websoilsurvey.sc.egov.usda.gov/DSD/Download/Cache/SSA/wss_SSA_OH013_soildb_US_2003_[2025-08-27].zip
OH015	https://websoilsurvey.sc.egov.usda.gov/DSD/Download/Cache/SSA/wss_SSA_OH015_soildb_US_2003_[2025-08-27].zip
OH017	https://websoilsurvey.sc.egov.usda.gov/DSD/Download/Cache/SSA/wss_SSA_OH017_soildb_US_2003_[2025-08-27].zip
OH019	https://websoilsurvey.sc.egov.usda.gov/DSD/Download/Cache/SSA/wss_SSA_OH019_soildb_US_2003_[2025-08-27].zip
OH021	https://websoilsurvey.sc.egov.usda.gov/DSD/Download/Cache/SSA/wss_SSA_OH021_soildb_US_2003_[2025-08-27].zip
OH023	https://websoilsurvey.sc.egov.usda.gov/DSD/Download/Cache/SSA/wss_SSA_OH023_soildb_US_2003_[2025-08-27].zip
OH025	https://websoilsurvey.sc.egov.usda.gov/DSD/Download/Cache/SSA/wss_SSA_OH025_soildb_US_2003_[2025-08-27].zip
OH027	https://websoilsurvey.sc.egov.usda.gov/DSD/Download/Cache/SSA/wss_SSA_OH027_soildb_US_2003_[2025-08-27].zip
OH029	https://websoilsurvey.sc.egov.usda.gov/DSD/Download/Cache/SSA/wss_SSA_OH029_soildb_US_2003_[2025-08-26].zip
OH031	https://websoilsurvey.sc.egov.usda.gov/DSD/Download/Cache/SSA/wss_SSA_OH031_soildb_US_2003_[2025-08-27].zip
OH033	https://websoilsurvey.sc.egov.usda.gov/DSD/Download/Cache/SSA/wss_SSA_OH033_soildb_US_2003_[2025-08-27].zip
OH035	https://websoilsurvey.sc.egov.usda.gov/DSD/Download/Cache/SSA/wss_SSA_OH035_soildb_US_2003_[2025-08-27].zip
OH037	https://websoilsurvey.sc.egov.usda.gov/DSD/Download/Cache/SSA/wss_SSA_OH037_soildb_US_2003_[2025-08-27].zip
OH039	https://websoilsurvey.sc.egov.usda.gov/DSD/Download/Cache/SSA/wss_SSA_OH039_soildb_US_2003_[2025-08-27].zip
OH041	https://websoilsurvey.sc.egov.usda.gov/DSD/Download/Cache/SSA/wss_SSA_OH041_soildb_US_2003_[2025-08-27].zip
OH043	https://websoilsurvey.sc.egov.usda.gov/DSD/Download/Cache/SSA/wss_SSA_OH043_soildb_US_2003_[2025-08-27].zip
OH045	https://websoilsurvey.sc.egov.usda.gov/DSD/Download/Cache/SSA/wss_SSA_OH045_soildb_US_2003_[2025-09-02].zip
OH047	https://websoilsurvey.sc.egov.usda.gov/DSD/Download/Cache/SSA/wss_SSA_OH047_soildb_US_2003_[2025-08-27].zip
OH049	https://websoilsurvey.sc.egov.usda.gov/DSD/Download/Cache/SSA/wss_SSA_OH049_soildb_US_2003_[2025-08-27].zip
OH051	https://websoilsurvey.sc.egov.usda.gov/DSD/Download/Cache/SSA/wss_SSA_OH051_soildb_US_2003_[2025-08-27].zip
OH053	https://websoilsurvey.sc.egov.usda.gov/DSD/Download/Cache/SSA/wss_SSA_OH053_soildb_US_2003_[2025-08-27].zip
OH055	https://websoilsurvey.sc.egov.usda.gov/DSD/Download/Cache/SSA/wss_SSA_OH055_soildb_US_2003_[2025-08-28].zip
OH057	https://websoilsurvey.sc.egov.usda.gov/DSD/Download/Cache/SSA/wss_SSA_OH057_soildb_US_2003_[2025-08-28].zip
OH059	https://websoilsurvey.sc.egov.usda.gov/DSD/Download/Cache/SSA/wss_SSA_OH059_soildb_US_2003_[2025-08-28].zip
OH061	https://websoilsurvey.sc.egov.usda.gov/DSD/Download/Cache/SSA/wss_SSA_OH061_soildb_US_2003_[2025-08-28].zip
OH063	https://websoilsurvey.sc.egov.usda.gov/DSD/Download/Cache/SSA/wss_SSA_OH063_soildb_US_2003_[2025-08-28].zip
OH065	https://websoilsurvey.sc.egov.usda.gov/DSD/Download/Cache/SSA/wss_SSA_OH065_soildb_US_2003_[2025-08-28].zip
OH067	https://websoilsurvey.sc.egov.usda.gov/DSD/Download/Cache/SSA/wss_SSA_OH067_soildb_US_2003_[2025-08-28].zip
OH069	https://websoilsurvey.sc.egov.usda.gov/DSD/Download/Cache/SSA/wss_SSA_OH069_soildb_US_2003_[2025-08-29].zip
OH071	https://websoilsurvey.sc.egov.usda.gov/DSD/Download/Cache/SSA/wss_SSA_OH071_soildb_US_2003_[2025-08-29].zip
OH073	https://websoilsurvey.sc.egov.usda.gov/DSD/Download/Cache/SSA/wss_SSA_OH073_soildb_US_2003_[2025-08-29].zip
OH075	https://websoilsurvey.sc.egov.usda.gov/DSD/Download/Cache/SSA/wss_SSA_OH075_soildb_US_2003_[2025-08-29].zip
OH077	https://websoilsurvey.sc.egov.usda.gov/DSD/Download/Cache/SSA/wss_SSA_OH077_soildb_US_2003_[2025-08-29].zip
OH079	https://websoilsurvey.sc.egov.usda.gov/DSD/Download/Cache/SSA/wss_SSA_OH079_soildb_US_2003_[2025-08-29].zip
OH081	https://websoilsurvey.sc.egov.usda.gov/DSD/Download/Cache/SSA/wss_SSA_OH081_soildb_US_2003_[2025-09-02].zip
OH083	https://websoilsurvey.sc.egov.usda.gov/DSD/Download/Cache/SSA/wss_SSA_OH083_soildb_US_2003_[2025-09-02].zip
OH085	https://websoilsurvey.sc.egov.usda.gov/DSD/Download/Cache/SSA/wss_SSA_OH085_soildb_US_2003_[2025-09-02].zip
OH087	https://websoilsurvey.sc.egov.usda.gov/DSD/Download/Cache/SSA/wss_SSA_OH087_soildb_US_2003_[2025-09-02].zip
OH089	https://websoilsurvey.sc.egov.usda.gov/DSD/Download/Cache/SSA/wss_SSA_OH089_soildb_US_2003_[2025-09-02].zip
OH091	https://websoilsurvey.sc.egov.usda.gov/DSD/Download/Cache/SSA/wss_SSA_OH091_soildb_US_2003_[2025-09-02].zip
OH093	https://websoilsurvey.sc.egov.usda.gov/DSD/Download/Cache/SSA/wss_SSA_OH093_soildb_US_2003_[2025-09-02].zip
OH095	https://websoilsurvey.sc.egov.usda.gov/DSD/Download/Cache/SSA/wss_SSA_OH095_soildb_US_2003_[2025-09-02].zip
OH097	https://websoilsurvey.sc.egov.usda.gov/DSD/Download/Cache/SSA/wss_SSA_OH097_soildb_US_2003_[2025-09-02].zip
OH099	https://websoilsurvey.sc.egov.usda.gov/DSD/Download/Cache/SSA/wss_SSA_OH099_soildb_US_2003_[2025-09-02].zip
OH101	https://websoilsurvey.sc.egov.usda.gov/DSD/Download/Cache/SSA/wss_SSA_OH101_soildb_US_2003_[2025-09-02].zip
OH103	https://websoilsurvey.sc.egov.usda.gov/DSD/Download/Cache/SSA/wss_SSA_OH103_soildb_US_2003_[2025-09-02].zip
OH105	https://websoilsurvey.sc.egov.usda.gov/DSD/Download/Cache/SSA/wss_SSA_OH105_soildb_US_2003_[2025-09-02].zip
OH107	https://websoilsurvey.sc.egov.usda.gov/DSD/Download/Cache/SSA/wss_SSA_OH107_soildb_US_2003_[2025-09-02].zip
OH109	https://websoilsurvey.sc.egov.usda.gov/DSD/Download/Cache/SSA/wss_SSA_OH109_soildb_US_2003_[2025-09-02].zip
OH111	https://websoilsurvey.sc.egov.usda.gov/DSD/Download/Cache/SSA/wss_SSA_OH111_soildb_US_2003_[2025-09-02].zip
OH113	https://websoilsurvey.sc.egov.usda.gov/DSD/Download/Cache/SSA/wss_SSA_OH113_soildb_US_2003_[2025-09-02].zip
OH115	https://websoilsurvey.sc.egov.usda.gov/DSD/Download/Cache/SSA/wss_SSA_OH115_soildb_US_2003_[2025-09-02].zip
OH117	https://websoilsurvey.sc.egov.usda.gov/DSD/Download/Cache/SSA/wss_SSA_OH117_soildb_US_2003_[2025-09-02].zip
OH119	https://websoilsurvey.sc.egov.usda.gov/DSD/Download/Cache/SSA/wss_SSA_OH119_soildb_US_2003_[2025-09-02].zip
OH121	https://websoilsurvey.sc.egov.usda.gov/DSD/Download/Cache/SSA/wss_SSA_OH121_soildb_US_2003_[2025-09-02].zip
OH123	https://websoilsurvey.sc.egov.usda.gov/DSD/Download/Cache/SSA/wss_SSA_OH123_soildb_US_2003_[2025-09-02].zip
OH125	https://websoilsurvey.sc.egov.usda.gov/DSD/Download/Cache/SSA/wss_SSA_OH125_soildb_US_2003_[2025-09-02].zip
OH127	https://websoilsurvey.sc.egov.usda.gov/DSD/Download/Cache/SSA/wss_SSA_OH127_soildb_US_2003_[2025-09-02].zip
OH129	https://websoilsurvey.sc.egov.usda.gov/DSD/Download/Cache/SSA/wss_SSA_OH129_soildb_US_2003_[2025-09-02].zip
OH131	https://websoilsurvey.sc.egov.usda.gov/DSD/Download/Cache/SSA/wss_SSA_OH131_soildb_US_2003_[2025-09-03].zip
OH133	https://websoilsurvey.sc.egov.usda.gov/DSD/Download/Cache/SSA/wss_SSA_OH133_soildb_US_2003_[2025-09-03].zip
OH135	https://websoilsurvey.sc.egov.usda.gov/DSD/Download/Cache/SSA/wss_SSA_OH135_soildb_US_2003_[2025-09-03].zip
OH137	https://websoilsurvey.sc.egov.usda.gov/DSD/Download/Cache/SSA/wss_SSA_OH137_soildb_US_2003_[2025-09-03].zip
OH139	https://websoilsurvey.sc.egov.usda.gov/DSD/Download/Cache/SSA/wss_SSA_OH139_soildb_US_2003_[2025-09-08].zip
OH141	https://websoilsurvey.sc.egov.usda.gov/DSD/Download/Cache/SSA/wss_SSA_OH141_soildb_US_2003_[2025-09-04].zip
OH143	https://websoilsurvey.sc.egov.usda.gov/DSD/Download/Cache/SSA/wss_SSA_OH143_soildb_US_2003_[2025-09-04].zip
OH145	https://websoilsurvey.sc.egov.usda.gov/DSD/Download/Cache/SSA/wss_SSA_OH145_soildb_US_2003_[2025-09-04].zip
OH147	https://websoilsurvey.sc.egov.usda.gov/DSD/Download/Cache/SSA/wss_SSA_OH147_soildb_US_2003_[2025-09-08].zip
OH149	https://websoilsurvey.sc.egov.usda.gov/DSD/Download/Cache/SSA/wss_SSA_OH149_soildb_US_2003_[2025-09-09].zip
OH151	https://websoilsurvey.sc.egov.usda.gov/DSD/Download/Cache/SSA/wss_SSA_OH151_soildb_US_2003_[2025-09-08].zip
OH153	https://websoilsurvey.sc.egov.usda.gov/DSD/Download/Cache/SSA/wss_SSA_OH153_soildb_US_2003_[2025-09-08].zip
OH155	https://websoilsurvey.sc.egov.usda.gov/DSD/Download/Cache/SSA/wss_SSA_OH155_soildb_US_2003_[2025-09-08].zip
OH157	https://websoilsurvey.sc.egov.usda.gov/DSD/Download/Cache/SSA/wss_SSA_OH157_soildb_US_2003_[2025-09-08].zip
OH159	https://websoilsurvey.sc.egov.usda.gov/DSD/Download/Cache/SSA/wss_SSA_OH159_soildb_US_2003_[2025-09-08].zip
OH161	https://websoilsurvey.sc.egov.usda.gov/DSD/Download/Cache/SSA/wss_SSA_OH161_soildb_US_2003_[2025-09-08].zip
OH163	https://websoilsurvey.sc.egov.usda.gov/DSD/Download/Cache/SSA/wss_SSA_OH163_soildb_US_2003_[2025-09-08].zip
OH165	https://websoilsurvey.sc.egov.usda.gov/DSD/Download/Cache/SSA/wss_SSA_OH165_soildb_US_2003_[2025-09-08].zip
OH167	https://websoilsurvey.sc.egov.usda.gov/DSD/Download/Cache/SSA/wss_SSA_OH167_soildb_US_2003_[2025-09-08].zip
OH169	https://websoilsurvey.sc.egov.usda.gov/DSD/Download/Cache/SSA/wss_SSA_OH169_soildb_US_2003_[2025-09-08].zip
OH171	https://websoilsurvey.sc.egov.usda.gov/DSD/Download/Cache/SSA/wss_SSA_OH171_soildb_US_2003_[2025-09-08].zip
OH173	https://websoilsurvey.sc.egov.usda.gov/DSD/Download/Cache/SSA/wss_SSA_OH173_soildb_US_2003_[2025-09-09].zip
OH175	https://websoilsurvey.sc.egov.usda.gov/DSD/Download/Cache/SSA/wss_SSA_OH175_soildb_US_2003_[2025-09-09].zip
OK001	https://websoilsurvey.sc.egov.usda.gov/DSD/Download/Cache/SSA/wss_SSA_OK001_soildb_US_2003_[2025-08-29].zip
OK003	https://websoilsurvey.sc.egov.usda.gov/DSD/Download/Cache/SSA/wss_SSA_OK003_soildb_US_2003_[2025-08-29].zip
OK005	https://websoilsurvey.sc.egov.usda.gov/DSD/Download/Cache/SSA/wss_SSA_OK005_soildb_US_2003_[2025-08-29].zip
OK007	https://websoilsurvey.sc.egov.usda.gov/DSD/Download/Cache/SSA/wss_SSA_OK007_soildb_US_2003_[2025-08-29].zip
OK009	https://websoilsurvey.sc.egov.usda.gov/DSD/Download/Cache/SSA/wss_SSA_OK009_soildb_US_2003_[2025-08-29].zip
OK011	https://websoilsurvey.sc.egov.usda.gov/DSD/Download/Cache/SSA/wss_SSA_OK011_soildb_US_2003_[2025-08-29].zip
OK013	https://websoilsurvey.sc.egov.usda.gov/DSD/Download/Cache/SSA/wss_SSA_OK013_soildb_US_2003_[2025-08-29].zip
OK015	https://websoilsurvey.sc.egov.usda.gov/DSD/Download/Cache/SSA/wss_SSA_OK015_soildb_US_2003_[2025-08-29].zip
OK017	https://websoilsurvey.sc.egov.usda.gov/DSD/Download/Cache/SSA/wss_SSA_OK017_soildb_US_2003_[2025-08-29].zip
OK019	https://websoilsurvey.sc.egov.usda.gov/DSD/Download/Cache/SSA/wss_SSA_OK019_soildb_US_2003_[2025-08-29].zip
OK021	https://websoilsurvey.sc.egov.usda.gov/DSD/Download/Cache/SSA/wss_SSA_OK021_soildb_US_2003_[2025-08-29].zip
OK023	https://websoilsurvey.sc.egov.usda.gov/DSD/Download/Cache/SSA/wss_SSA_OK023_soildb_US_2003_[2025-08-29].zip
OK025	https://websoilsurvey.sc.egov.usda.gov/DSD/Download/Cache/SSA/wss_SSA_OK025_soildb_US_2003_[2025-08-29].zip
OK027	https://websoilsurvey.sc.egov.usda.gov/DSD/Download/Cache/SSA/wss_SSA_OK027_soildb_US_2003_[2025-08-29].zip
OK029	https://websoilsurvey.sc.egov.usda.gov/DSD/Download/Cache/SSA/wss_SSA_OK029_soildb_US_2003_[2025-08-29].zip
OK031	https://websoilsurvey.sc.egov.usda.gov/DSD/Download/Cache/SSA/wss_SSA_OK031_soildb_US_2003_[2025-08-29].zip
OK033	https://websoilsurvey.sc.egov.usda.gov/DSD/Download/Cache/SSA/wss_SSA_OK033_soildb_US_2003_[2025-08-29].zip
OK035	https://websoilsurvey.sc.egov.usda.gov/DSD/Download/Cache/SSA/wss_SSA_OK035_soildb_US_2003_[2025-08-29].zip
OK037	https://websoilsurvey.sc.egov.usda.gov/DSD/Download/Cache/SSA/wss_SSA_OK037_soildb_US_2003_[2025-08-29].zip
OK039	https://websoilsurvey.sc.egov.usda.gov/DSD/Download/Cache/SSA/wss_SSA_OK039_soildb_US_2003_[2025-08-29].zip
OK041	https://websoilsurvey.sc.egov.usda.gov/DSD/Download/Cache/SSA/wss_SSA_OK041_soildb_US_2003_[2025-08-29].zip
OK043	https://websoilsurvey.sc.egov.usda.gov/DSD/Download/Cache/SSA/wss_SSA_OK043_soildb_US_2003_[2025-08-29].zip
OK045	https://websoilsurvey.sc.egov.usda.gov/DSD/Download/Cache/SSA/wss_SSA_OK045_soildb_US_2003_[2025-08-29].zip
OK047	https://websoilsurvey.sc.egov.usda.gov/DSD/Download/Cache/SSA/wss_SSA_OK047_soildb_US_2003_[2025-08-29].zip
OK049	https://websoilsurvey.sc.egov.usda.gov/DSD/Download/Cache/SSA/wss_SSA_OK049_soildb_US_2003_[2025-08-29].zip
OK051	https://websoilsurvey.sc.egov.usda.gov/DSD/Download/Cache/SSA/wss_SSA_OK051_soildb_US_2003_[2025-08-29].zip
OK053	https://websoilsurvey.sc.egov.usda.gov/DSD/Download/Cache/SSA/wss_SSA_OK053_soildb_US_2003_[2025-08-29].zip
OK055	https://websoilsurvey.sc.egov.usda.gov/DSD/Download/Cache/SSA/wss_SSA_OK055_soildb_US_2003_[2025-08-29].zip
OK057	https://websoilsurvey.sc.egov.usda.gov/DSD/Download/Cache/SSA/wss_SSA_OK057_soildb_US_2003_[2025-08-29].zip
OK059	https://websoilsurvey.sc.egov.usda.gov/DSD/Download/Cache/SSA/wss_SSA_OK059_soildb_US_2003_[2025-08-29].zip
OK061	https://websoilsurvey.sc.egov.usda.gov/DSD/Download/Cache/SSA/wss_SSA_OK061_soildb_US_2003_[2025-08-29].zip
OK063	https://websoilsurvey.sc.egov.usda.gov/DSD/Download/Cache/SSA/wss_SSA_OK063_soildb_US_2003_[2025-08-29].zip
OK065	https://websoilsurvey.sc.egov.usda.gov/DSD/Download/Cache/SSA/wss_SSA_OK065_soildb_US_2003_[2025-08-29].zip
OK067	https://websoilsurvey.sc.egov.usda.gov/DSD/Download/Cache/SSA/wss_SSA_OK067_soildb_US_2003_[2025-08-29].zip
OK069	https://websoilsurvey.sc.egov.usda.gov/DSD/Download/Cache/SSA/wss_SSA_OK069_soildb_US_2003_[2025-08-29].zip
OK071	https://websoilsurvey.sc.egov.usda.gov/DSD/Download/Cache/SSA/wss_SSA_OK071_soildb_US_2003_[2025-08-29].zip
OK073	https://websoilsurvey.sc.egov.usda.gov/DSD/Download/Cache/SSA/wss_SSA_OK073_soildb_US_2003_[2025-08-29].zip
OK075	https://websoilsurvey.sc.egov.usda.gov/DSD/Download/Cache/SSA/wss_SSA_OK075_soildb_US_2003_[2025-08-29].zip
OK077	https://websoilsurvey.sc.egov.usda.gov/DSD/Download/Cache/SSA/wss_SSA_OK077_soildb_US_2003_[2025-08-29].zip
OK079	https://websoilsurvey.sc.egov.usda.gov/DSD/Download/Cache/SSA/wss_SSA_OK079_soildb_US_2003_[2025-08-29].zip
OK081	https://websoilsurvey.sc.egov.usda.gov/DSD/Download/Cache/SSA/wss_SSA_OK081_soildb_US_2003_[2025-08-29].zip
OK083	https://websoilsurvey.sc.egov.usda.gov/DSD/Download/Cache/SSA/wss_SSA_OK083_soildb_US_2003_[2025-08-29].zip
OK085	https://websoilsurvey.sc.egov.usda.gov/DSD/Download/Cache/SSA/wss_SSA_OK085_soildb_US_2003_[2025-08-29].zip
OK087	https://websoilsurvey.sc.egov.usda.gov/DSD/Download/Cache/SSA/wss_SSA_OK087_soildb_US_2003_[2025-08-29].zip
OK089	https://websoilsurvey.sc.egov.usda.gov/DSD/Download/Cache/SSA/wss_SSA_OK089_soildb_US_2003_[2025-08-29].zip
OK091	https://websoilsurvey.sc.egov.usda.gov/DSD/Download/Cache/SSA/wss_SSA_OK091_soildb_US_2003_[2025-08-29].zip
OK093	https://websoilsurvey.sc.egov.usda.gov/DSD/Download/Cache/SSA/wss_SSA_OK093_soildb_US_2003_[2025-08-29].zip
OK095	https://websoilsurvey.sc.egov.usda.gov/DSD/Download/Cache/SSA/wss_SSA_OK095_soildb_US_2003_[2025-08-29].zip
OK097	https://websoilsurvey.sc.egov.usda.gov/DSD/Download/Cache/SSA/wss_SSA_OK097_soildb_US_2003_[2025-08-29].zip
OK099	https://websoilsurvey.sc.egov.usda.gov/DSD/Download/Cache/SSA/wss_SSA_OK099_soildb_US_2003_[2025-08-29].zip
OK101	https://websoilsurvey.sc.egov.usda.gov/DSD/Download/Cache/SSA/wss_SSA_OK101_soildb_US_2003_[2025-08-29].zip
OK103	https://websoilsurvey.sc.egov.usda.gov/DSD/Download/Cache/SSA/wss_SSA_OK103_soildb_US_2003_[2025-08-29].zip
OK105	https://websoilsurvey.sc.egov.usda.gov/DSD/Download/Cache/SSA/wss_SSA_OK105_soildb_US_2003_[2025-08-29].zip
OK107	https://websoilsurvey.sc.egov.usda.gov/DSD/Download/Cache/SSA/wss_SSA_OK107_soildb_US_2003_[2025-08-29].zip
OK109	https://websoilsurvey.sc.egov.usda.gov/DSD/Download/Cache/SSA/wss_SSA_OK109_soildb_US_2003_[2025-08-29].zip
OK111	https://websoilsurvey.sc.egov.usda.gov/DSD/Download/Cache/SSA/wss_SSA_OK111_soildb_US_2003_[2025-08-29].zip
OK113	https://websoilsurvey.sc.egov.usda.gov/DSD/Download/Cache/SSA/wss_SSA_OK113_soildb_US_2003_[2025-08-29].zip
OK115	https://websoilsurvey.sc.egov.usda.gov/DSD/Download/Cache/SSA/wss_SSA_OK115_soildb_US_2003_[2025-08-29].zip
OK117	https://websoilsurvey.sc.egov.usda.gov/DSD/Download/Cache/SSA/wss_SSA_OK117_soildb_US_2003_[2025-08-29].zip
OK119	https://websoilsurvey.sc.egov.usda.gov/DSD/Download/Cache/SSA/wss_SSA_OK119_soildb_US_2003_[2025-08-29].zip
OK121	https://websoilsurvey.sc.egov.usda.gov/DSD/Download/Cache/SSA/wss_SSA_OK121_soildb_US_2003_[2025-08-29].zip
OK123	https://websoilsurvey.sc.egov.usda.gov/DSD/Download/Cache/SSA/wss_SSA_OK123_soildb_US_2003_[2025-08-29].zip
OK125	https://websoilsurvey.sc.egov.usda.gov/DSD/Download/Cache/SSA/wss_SSA_OK125_soildb_US_2003_[2025-08-29].zip
OK127	https://websoilsurvey.sc.egov.usda.gov/DSD/Download/Cache/SSA/wss_SSA_OK127_soildb_US_2003_[2025-08-29].zip
OK129	https://websoilsurvey.sc.egov.usda.gov/DSD/Download/Cache/SSA/wss_SSA_OK129_soildb_US_2003_[2025-08-29].zip
OK131	https://websoilsurvey.sc.egov.usda.gov/DSD/Download/Cache/SSA/wss_SSA_OK131_soildb_US_2003_[2025-08-29].zip
OK133	https://websoilsurvey.sc.egov.usda.gov/DSD/Download/Cache/SSA/wss_SSA_OK133_soildb_US_2003_[2025-08-29].zip
OK135	https://websoilsurvey.sc.egov.usda.gov/DSD/Download/Cache/SSA/wss_SSA_OK135_soildb_US_2003_[2025-08-29].zip
OK137	https://websoilsurvey.sc.egov.usda.gov/DSD/Download/Cache/SSA/wss_SSA_OK137_soildb_US_2003_[2025-08-29].zip
OK139	https://websoilsurvey.sc.egov.usda.gov/DSD/Download/Cache/SSA/wss_SSA_OK139_soildb_US_2003_[2025-08-29].zip
OK141	https://websoilsurvey.sc.egov.usda.gov/DSD/Download/Cache/SSA/wss_SSA_OK141_soildb_US_2003_[2025-08-29].zip
OK143	https://websoilsurvey.sc.egov.usda.gov/DSD/Download/Cache/SSA/wss_SSA_OK143_soildb_US_2003_[2025-08-29].zip
OK145	https://websoilsurvey.sc.egov.usda.gov/DSD/Download/Cache/SSA/wss_SSA_OK145_soildb_US_2003_[2025-08-29].zip
OK147	https://websoilsurvey.sc.egov.usda.gov/DSD/Download/Cache/SSA/wss_SSA_OK147_soildb_US_2003_[2025-08-29].zip
OK149	https://websoilsurvey.sc.egov.usda.gov/DSD/Download/Cache/SSA/wss_SSA_OK149_soildb_US_2003_[2025-09-02].zip
OK151	https://websoilsurvey.sc.egov.usda.gov/DSD/Download/Cache/SSA/wss_SSA_OK151_soildb_US_2003_[2025-09-02].zip
OK153	https://websoilsurvey.sc.egov.usda.gov/DSD/Download/Cache/SSA/wss_SSA_OK153_soildb_US_2003_[2025-09-02].zip
OR003	https://websoilsurvey.sc.egov.usda.gov/DSD/Download/Cache/SSA/wss_SSA_OR003_soildb_US_2003_[2025-09-09].zip
OR007	https://websoilsurvey.sc.egov.usda.gov/DSD/Download/Cache/SSA/wss_SSA_OR007_soildb_US_2003_[2025-09-09].zip
OR009	https://websoilsurvey.sc.egov.usda.gov/DSD/Download/Cache/SSA/wss_SSA_OR009_soildb_US_2003_[2025-09-09].zip
OR011	https://websoilsurvey.sc.egov.usda.gov/DSD/Download/Cache/SSA/wss_SSA_OR011_soildb_US_2003_[2025-09-09].zip
OR015	https://websoilsurvey.sc.egov.usda.gov/DSD/Download/Cache/SSA/wss_SSA_OR015_soildb_US_2003_[2025-09-09].zip
OR021	https://websoilsurvey.sc.egov.usda.gov/DSD/Download/Cache/SSA/wss_SSA_OR021_soildb_US_2003_[2025-09-10].zip
OR033	https://websoilsurvey.sc.egov.usda.gov/DSD/Download/Cache/SSA/wss_SSA_OR033_soildb_US_2003_[2025-09-10].zip
OR051	https://websoilsurvey.sc.egov.usda.gov/DSD/Download/Cache/SSA/wss_SSA_OR051_soildb_US_2003_[2025-09-09].zip
OR053	https://websoilsurvey.sc.egov.usda.gov/DSD/Download/Cache/SSA/wss_SSA_OR053_soildb_US_2003_[2025-09-09].zip
OR055	https://websoilsurvey.sc.egov.usda.gov/DSD/Download/Cache/SSA/wss_SSA_OR055_soildb_US_2003_[2025-09-09].zip
OR057	https://websoilsurvey.sc.egov.usda.gov/DSD/Download/Cache/SSA/wss_SSA_OR057_soildb_US_2003_[2025-09-09].zip
OR067	https://websoilsurvey.sc.egov.usda.gov/DSD/Download/Cache/SSA/wss_SSA_OR067_soildb_US_2003_[2025-09-09].zip
OR071	https://websoilsurvey.sc.egov.usda.gov/DSD/Download/Cache/SSA/wss_SSA_OR071_soildb_US_2003_[2025-09-09].zip
OR601	https://websoilsurvey.sc.egov.usda.gov/DSD/Download/Cache/SSA/wss_SSA_OR601_soildb_US_2003_[2025-09-09].zip
OR603	https://websoilsurvey.sc.egov.usda.gov/DSD/Download/Cache/SSA/wss_SSA_OR603_soildb_US_2003_[2025-09-10].zip
OR604	https://websoilsurvey.sc.egov.usda.gov/DSD/Download/Cache/SSA/wss_SSA_OR604_soildb_US_2003_[2025-09-09].zip
OR605	https://websoilsurvey.sc.egov.usda.gov/DSD/Download/Cache/SSA/wss_SSA_OR605_soildb_US_2003_[2025-09-09].zip
OR607	https://websoilsurvey.sc.egov.usda.gov/DSD/Download/Cache/SSA/wss_SSA_OR607_soildb_US_2003_[2025-09-09].zip
OR608	https://websoilsurvey.sc.egov.usda.gov/DSD/Download/Cache/SSA/wss_SSA_OR608_soildb_US_2003_[2025-09-09].zip
OR610	https://websoilsurvey.sc.egov.usda.gov/DSD/Download/Cache/SSA/wss_SSA_OR610_soildb_US_2003_[2025-09-09].zip
OR618	https://websoilsurvey.sc.egov.usda.gov/DSD/Download/Cache/SSA/wss_SSA_OR618_soildb_US_2003_[2025-09-09].zip
OR620	https://websoilsurvey.sc.egov.usda.gov/DSD/Download/Cache/SSA/wss_SSA_OR620_soildb_US_2003_[2025-09-10].zip
OR622	https://websoilsurvey.sc.egov.usda.gov/DSD/Download/Cache/SSA/wss_SSA_OR622_soildb_US_2003_[2025-09-10].zip
OR625	https://websoilsurvey.sc.egov.usda.gov/DSD/Download/Cache/SSA/wss_SSA_OR625_soildb_US_2003_[2025-09-10].zip
OR626	https://websoilsurvey.sc.egov.usda.gov/DSD/Download/Cache/SSA/wss_SSA_OR626_soildb_US_2003_[2025-09-10].zip
OR627	https://websoilsurvey.sc.egov.usda.gov/DSD/Download/Cache/SSA/wss_SSA_OR627_soildb_US_2003_[2025-09-10].zip
OR628	https://websoilsurvey.sc.egov.usda.gov/DSD/Download/Cache/SSA/wss_SSA_OR628_soildb_US_2003_[2025-09-10].zip
OR629	https://websoilsurvey.sc.egov.usda.gov/DSD/Download/Cache/SSA/wss_SSA_OR629_soildb_US_2003_[2025-09-10].zip
OR631	https://websoilsurvey.sc.egov.usda.gov/DSD/Download/Cache/SSA/wss_SSA_OR631_soildb_US_2003_[2025-09-10].zip
OR632	https://websoilsurvey.sc.egov.usda.gov/DSD/Download/Cache/SSA/wss_SSA_OR632_soildb_US_2003_[2025-09-10].zip
OR635	https://websoilsurvey.sc.egov.usda.gov/DSD/Download/Cache/SSA/wss_SSA_OR635_soildb_US_2003_[2025-09-10].zip
OR636	https://websoilsurvey.sc.egov.usda.gov/DSD/Download/Cache/SSA/wss_SSA_OR636_soildb_US_2003_[2025-09-10].zip
OR637	https://websoilsurvey.sc.egov.usda.gov/DSD/Download/Cache/SSA/wss_SSA_OR637_soildb_US_2003_[2025-09-10].zip
OR638	https://websoilsurvey.sc.egov.usda.gov/DSD/Download/Cache/SSA/wss_SSA_OR638_soildb_US_2003_[2025-09-10].zip
OR639	https://websoilsurvey.sc.egov.usda.gov/DSD/Download/Cache/SSA/wss_SSA_OR639_soildb_US_2003_[2025-09-10].zip
OR640	https://websoilsurvey.sc.egov.usda.gov/DSD/Download/Cache/SSA/wss_SSA_OR640_soildb_US_2003_[2025-09-10].zip
OR641	https://websoilsurvey.sc.egov.usda.gov/DSD/Download/Cache/SSA/wss_SSA_OR641_soildb_US_2003_[2025-09-10].zip
OR643	https://websoilsurvey.sc.egov.usda.gov/DSD/Download/Cache/SSA/wss_SSA_OR643_soildb_US_2003_[2025-09-10].zip
OR644	https://websoilsurvey.sc.egov.usda.gov/DSD/Download/Cache/SSA/wss_SSA_OR644_soildb_US_2003_[2025-09-10].zip
OR645	https://websoilsurvey.sc.egov.usda.gov/DSD/Download/Cache/SSA/wss_SSA_OR645_soildb_US_2003_[2025-09-11].zip
OR648	https://websoilsurvey.sc.egov.usda.gov/DSD/Download/Cache/SSA/wss_SSA_OR648_soildb_US_2003_[2025-09-10].zip
OR649	https://websoilsurvey.sc.egov.usda.gov/DSD/Download/Cache/SSA/wss_SSA_OR649_soildb_US_2003_[2025-09-10].zip
OR657	https://websoilsurvey.sc.egov.usda.gov/DSD/Download/Cache/SSA/wss_SSA_OR657_soildb_US_2003_[2025-09-10].zip
OR666	https://websoilsurvey.sc.egov.usda.gov/DSD/Download/Cache/SSA/wss_SSA_OR666_soildb_US_2003_[2025-09-10].zip
OR667	https://websoilsurvey.sc.egov.usda.gov/DSD/Download/Cache/SSA/wss_SSA_OR667_soildb_US_2003_[2025-09-10].zip
OR670	https://websoilsurvey.sc.egov.usda.gov/DSD/Download/Cache/SSA/wss_SSA_OR670_soildb_US_2003_[2025-09-10].zip
OR673	https://websoilsurvey.sc.egov.usda.gov/DSD/Download/Cache/SSA/wss_SSA_OR673_soildb_US_2003_[2025-09-10].zip
OR674	https://websoilsurvey.sc.egov.usda.gov/DSD/Download/Cache/SSA/wss_SSA_OR674_soildb_US_2003_[2025-09-10].zip
OR677	https://websoilsurvey.sc.egov.usda.gov/DSD/Download/Cache/SSA/wss_SSA_OR677_soildb_US_2003_[2025-09-10].zip
OR680	https://websoilsurvey.sc.egov.usda.gov/DSD/Download/Cache/SSA/wss_SSA_OR680_soildb_US_2003_[2025-09-10].zip
OR682	https://websoilsurvey.sc.egov.usda.gov/DSD/Download/Cache/SSA/wss_SSA_OR682_soildb_US_2003_[2025-09-10].zip
OR683	https://websoilsurvey.sc.egov.usda.gov/DSD/Download/Cache/SSA/wss_SSA_OR683_soildb_US_2003_[2025-09-10].zip
PA001	https://websoilsurvey.sc.egov.usda.gov/DSD/Download/Cache/SSA/wss_SSA_PA001_soildb_US_2003_[2025-09-04].zip
PA003	https://websoilsurvey.sc.egov.usda.gov/DSD/Download/Cache/SSA/wss_SSA_PA003_soildb_US_2003_[2025-09-05].zip
PA005	https://websoilsurvey.sc.egov.usda.gov/DSD/Download/Cache/SSA/wss_SSA_PA005_soildb_US_2003_[2025-09-05].zip
PA007	https://websoilsurvey.sc.egov.usda.gov/DSD/Download/Cache/SSA/wss_SSA_PA007_soildb_US_2003_[2025-09-05].zip
PA009	https://websoilsurvey.sc.egov.usda.gov/DSD/Download/Cache/SSA/wss_SSA_PA009_soildb_US_2003_[2025-09-05].zip
PA011	https://websoilsurvey.sc.egov.usda.gov/DSD/Download/Cache/SSA/wss_SSA_PA011_soildb_US_2003_[2025-09-05].zip
PA013	https://websoilsurvey.sc.egov.usda.gov/DSD/Download/Cache/SSA/wss_SSA_PA013_soildb_US_2003_[2025-09-05].zip
PA017	https://websoilsurvey.sc.egov.usda.gov/DSD/Download/Cache/SSA/wss_SSA_PA017_soildb_US_2003_[2025-09-05].zip
PA019	https://websoilsurvey.sc.egov.usda.gov/DSD/Download/Cache/SSA/wss_SSA_PA019_soildb_US_2003_[2025-09-05].zip
PA021	https://websoilsurvey.sc.egov.usda.gov/DSD/Download/Cache/SSA/wss_SSA_PA021_soildb_US_2003_[2025-09-05].zip
PA025	https://websoilsurvey.sc.egov.usda.gov/DSD/Download/Cache/SSA/wss_SSA_PA025_soildb_US_2003_[2025-09-05].zip
PA027	https://websoilsurvey.sc.egov.usda.gov/DSD/Download/Cache/SSA/wss_SSA_PA027_soildb_US_2003_[2025-09-05].zip
PA029	https://websoilsurvey.sc.egov.usda.gov/DSD/Download/Cache/SSA/wss_SSA_PA029_soildb_US_2003_[2025-09-05].zip
PA031	https://websoilsurvey.sc.egov.usda.gov/DSD/Download/Cache/SSA/wss_SSA_PA031_soildb_US_2003_[2025-09-05].zip
PA033	https://websoilsurvey.sc.egov.usda.gov/DSD/Download/Cache/SSA/wss_SSA_PA033_soildb_US_2003_[2025-09-05].zip
PA035	https://websoilsurvey.sc.egov.usda.gov/DSD/Download/Cache/SSA/wss_SSA_PA035_soildb_US_2003_[2025-09-05].zip
PA037	https://websoilsurvey.sc.egov.usda.gov/DSD/Download/Cache/SSA/wss_SSA_PA037_soildb_US_2003_[2025-09-05].zip
PA039	https://websoilsurvey.sc.egov.usda.gov/DSD/Download/Cache/SSA/wss_SSA_PA039_soildb_US_2003_[2025-09-05].zip
PA041	https://websoilsurvey.sc.egov.usda.gov/DSD/Download/Cache/SSA/wss_SSA_PA041_soildb_US_2003_[2025-09-05].zip
PA043	https://websoilsurvey.sc.egov.usda.gov/DSD/Download/Cache/SSA/wss_SSA_PA043_soildb_US_2003_[2025-09-05].zip
PA045	https://websoilsurvey.sc.egov.usda.gov/DSD/Download/Cache/SSA/wss_SSA_PA045_soildb_US_2003_[2025-09-05].zip
PA049	https://websoilsurvey.sc.egov.usda.gov/DSD/Download/Cache/SSA/wss_SSA_PA049_soildb_US_2003_[2025-09-05].zip
PA051	https://websoilsurvey.sc.egov.usda.gov/DSD/Download/Cache/SSA/wss_SSA_PA051_soildb_US_2003_[2025-09-05].zip
PA055	https://websoilsurvey.sc.egov.usda.gov/DSD/Download/Cache/SSA/wss_SSA_PA055_soildb_US_2003_[2025-09-05].zip
PA057	https://websoilsurvey.sc.egov.usda.gov/DSD/Download/Cache/SSA/wss_SSA_PA057_soildb_US_2003_[2025-09-05].zip
PA061	https://websoilsurvey.sc.egov.usda.gov/DSD/Download/Cache/SSA/wss_SSA_PA061_soildb_US_2003_[2025-09-05].zip
PA063	https://websoilsurvey.sc.egov.usda.gov/DSD/Download/Cache/SSA/wss_SSA_PA063_soildb_US_2003_[2025-09-04].zip
PA065	https://websoilsurvey.sc.egov.usda.gov/DSD/Download/Cache/SSA/wss_SSA_PA065_soildb_US_2003_[2025-09-05].zip
PA069	https://websoilsurvey.sc.egov.usda.gov/DSD/Download/Cache/SSA/wss_SSA_PA069_soildb_US_2003_[2025-09-03].zip
PA071	https://websoilsurvey.sc.egov.usda.gov/DSD/Download/Cache/SSA/wss_SSA_PA071_soildb_US_2003_[2025-09-03].zip
PA073	https://websoilsurvey.sc.egov.usda.gov/DSD/Download/Cache/SSA/wss_SSA_PA073_soildb_US_2003_[2025-09-03].zip
PA075	https://websoilsurvey.sc.egov.usda.gov/DSD/Download/Cache/SSA/wss_SSA_PA075_soildb_US_2003_[2025-09-03].zip
PA077	https://websoilsurvey.sc.egov.usda.gov/DSD/Download/Cache/SSA/wss_SSA_PA077_soildb_US_2003_[2025-09-03].zip
PA079	https://websoilsurvey.sc.egov.usda.gov/DSD/Download/Cache/SSA/wss_SSA_PA079_soildb_US_2003_[2025-09-03].zip
PA081	https://websoilsurvey.sc.egov.usda.gov/DSD/Download/Cache/SSA/wss_SSA_PA081_soildb_US_2003_[2025-09-03].zip
PA083	https://websoilsurvey.sc.egov.usda.gov/DSD/Download/Cache/SSA/wss_SSA_PA083_soildb_US_2003_[2025-09-03].zip
PA085	https://websoilsurvey.sc.egov.usda.gov/DSD/Download/Cache/SSA/wss_SSA_PA085_soildb_US_2003_[2025-09-03].zip
PA089	https://websoilsurvey.sc.egov.usda.gov/DSD/Download/Cache/SSA/wss_SSA_PA089_soildb_US_2003_[2025-09-04].zip
PA091	https://websoilsurvey.sc.egov.usda.gov/DSD/Download/Cache/SSA/wss_SSA_PA091_soildb_US_2003_[2025-09-04].zip
PA093	https://websoilsurvey.sc.egov.usda.gov/DSD/Download/Cache/SSA/wss_SSA_PA093_soildb_US_2003_[2025-09-04].zip
PA095	https://websoilsurvey.sc.egov.usda.gov/DSD/Download/Cache/SSA/wss_SSA_PA095_soildb_US_2003_[2025-09-04].zip
PA097	https://websoilsurvey.sc.egov.usda.gov/DSD/Download/Cache/SSA/wss_SSA_PA097_soildb_US_2003_[2025-09-04].zip
PA099	https://websoilsurvey.sc.egov.usda.gov/DSD/Download/Cache/SSA/wss_SSA_PA099_soildb_US_2003_[2025-09-04].zip
PA101	https://websoilsurvey.sc.egov.usda.gov/DSD/Download/Cache/SSA/wss_SSA_PA101_soildb_US_2003_[2025-09-04].zip
PA103	https://websoilsurvey.sc.egov.usda.gov/DSD/Download/Cache/SSA/wss_SSA_PA103_soildb_US_2003_[2025-09-04].zip
PA105	https://websoilsurvey.sc.egov.usda.gov/DSD/Download/Cache/SSA/wss_SSA_PA105_soildb_US_2003_[2025-09-04].zip
PA107	https://websoilsurvey.sc.egov.usda.gov/DSD/Download/Cache/SSA/wss_SSA_PA107_soildb_US_2003_[2025-09-04].zip
PA109	https://websoilsurvey.sc.egov.usda.gov/DSD/Download/Cache/SSA/wss_SSA_PA109_soildb_US_2003_[2025-09-04].zip
PA111	https://websoilsurvey.sc.egov.usda.gov/DSD/Download/Cache/SSA/wss_SSA_PA111_soildb_US_2003_[2025-09-04].zip
PA115	https://websoilsurvey.sc.egov.usda.gov/DSD/Download/Cache/SSA/wss_SSA_PA115_soildb_US_2003_[2025-09-05].zip
PA117	https://websoilsurvey.sc.egov.usda.gov/DSD/Download/Cache/SSA/wss_SSA_PA117_soildb_US_2003_[2025-09-04].zip
PA119	https://websoilsurvey.sc.egov.usda.gov/DSD/Download/Cache/SSA/wss_SSA_PA119_soildb_US_2003_[2025-09-05].zip
PA121	https://websoilsurvey.sc.egov.usda.gov/DSD/Download/Cache/SSA/wss_SSA_PA121_soildb_US_2003_[2025-09-05].zip
PA127	https://websoilsurvey.sc.egov.usda.gov/DSD/Download/Cache/SSA/wss_SSA_PA127_soildb_US_2003_[2025-09-05].zip
PA129	https://websoilsurvey.sc.egov.usda.gov/DSD/Download/Cache/SSA/wss_SSA_PA129_soildb_US_2003_[2025-09-05].zip
PA131	https://websoilsurvey.sc.egov.usda.gov/DSD/Download/Cache/SSA/wss_SSA_PA131_soildb_US_2003_[2025-09-05].zip
PA133	https://websoilsurvey.sc.egov.usda.gov/DSD/Download/Cache/SSA/wss_SSA_PA133_soildb_US_2003_[2025-09-05].zip
PA605	https://websoilsurvey.sc.egov.usda.gov/DSD/Download/Cache/SSA/wss_SSA_PA605_soildb_US_2003_[2025-09-05].zip
PA607	https://websoilsurvey.sc.egov.usda.gov/DSD/Download/Cache/SSA/wss_SSA_PA607_soildb_US_2003_[2025-09-05].zip
PA609	https://websoilsurvey.sc.egov.usda.gov/DSD/Download/Cache/SSA/wss_SSA_PA609_soildb_US_2003_[2025-09-05].zip
PA610	https://websoilsurvey.sc.egov.usda.gov/DSD/Download/Cache/SSA/wss_SSA_PA610_soildb_US_2003_[2025-09-05].zip
PA611	https://websoilsurvey.sc.egov.usda.gov/DSD/Download/Cache/SSA/wss_SSA_PA611_soildb_US_2003_[2025-09-05].zip
PR682	https://websoilsurvey.sc.egov.usda.gov/DSD/Download/Cache/SSA/wss_SSA_PR682_soildb_US_2003_[2025-09-11].zip
PR684	https://websoilsurvey.sc.egov.usda.gov/DSD/Download/Cache/SSA/wss_SSA_PR684_soildb_US_2003_[2025-09-11].zip
PR686	https://websoilsurvey.sc.egov.usda.gov/DSD/Download/Cache/SSA/wss_SSA_PR686_soildb_US_2003_[2025-09-11].zip
PR688	https://websoilsurvey.sc.egov.usda.gov/DSD/Download/Cache/SSA/wss_SSA_PR688_soildb_US_2003_[2025-09-11].zip
PR689	https://websoilsurvey.sc.egov.usda.gov/DSD/Download/Cache/SSA/wss_SSA_PR689_soildb_US_2003_[2025-09-11].zip
PR700	https://websoilsurvey.sc.egov.usda.gov/DSD/Download/Cache/SSA/wss_SSA_PR700_soildb_US_2003_[2025-09-11].zip
PR787	https://websoilsurvey.sc.egov.usda.gov/DSD/Download/Cache/SSA/wss_SSA_PR787_soildb_US_2003_[2025-09-11].zip
PW935	https://websoilsurvey.sc.egov.usda.gov/DSD/Download/Cache/SSA/wss_SSA_PW935_soildb_US_2003_[2025-09-09].zip
RI600	https://websoilsurvey.sc.egov.usda.gov/DSD/Download/Cache/SSA/wss_SSA_RI600_soildb_US_2003_[2025-09-03].zip
SC001	https://websoilsurvey.sc.egov.usda.gov/DSD/Download/Cache/SSA/wss_SSA_SC001_soildb_US_2003_[2025-08-29].zip
SC005	https://websoilsurvey.sc.egov.usda.gov/DSD/Download/Cache/SSA/wss_SSA_SC005_soildb_US_2003_[2025-09-02].zip
SC007	https://websoilsurvey.sc.egov.usda.gov/DSD/Download/Cache/SSA/wss_SSA_SC007_soildb_US_2003_[2025-08-29].zip
SC009	https://websoilsurvey.sc.egov.usda.gov/DSD/Download/Cache/SSA/wss_SSA_SC009_soildb_US_2003_[2025-09-02].zip
SC013	https://websoilsurvey.sc.egov.usda.gov/DSD/Download/Cache/SSA/wss_SSA_SC013_soildb_US_2003_[2025-09-03].zip
SC015	https://websoilsurvey.sc.egov.usda.gov/DSD/Download/Cache/SSA/wss_SSA_SC015_soildb_US_2003_[2025-09-03].zip
SC017	https://websoilsurvey.sc.egov.usda.gov/DSD/Download/Cache/SSA/wss_SSA_SC017_soildb_US_2003_[2025-09-02].zip
SC021	https://websoilsurvey.sc.egov.usda.gov/DSD/Download/Cache/SSA/wss_SSA_SC021_soildb_US_2003_[2025-08-29].zip
SC023	https://websoilsurvey.sc.egov.usda.gov/DSD/Download/Cache/SSA/wss_SSA_SC023_soildb_US_2003_[2025-08-29].zip
SC025	https://websoilsurvey.sc.egov.usda.gov/DSD/Download/Cache/SSA/wss_SSA_SC025_soildb_US_2003_[2025-08-29].zip
SC027	https://websoilsurvey.sc.egov.usda.gov/DSD/Download/Cache/SSA/wss_SSA_SC027_soildb_US_2003_[2025-09-02].zip
SC029	https://websoilsurvey.sc.egov.usda.gov/DSD/Download/Cache/SSA/wss_SSA_SC029_soildb_US_2003_[2025-09-03].zip
SC031	https://websoilsurvey.sc.egov.usda.gov/DSD/Download/Cache/SSA/wss_SSA_SC031_soildb_US_2003_[2025-09-02].zip
SC033	https://websoilsurvey.sc.egov.usda.gov/DSD/Download/Cache/SSA/wss_SSA_SC033_soildb_US_2003_[2025-09-02].zip
SC035	https://websoilsurvey.sc.egov.usda.gov/DSD/Download/Cache/SSA/wss_SSA_SC035_soildb_US_2003_[2025-09-03].zip
SC037	https://websoilsurvey.sc.egov.usda.gov/DSD/Download/Cache/SSA/wss_SSA_SC037_soildb_US_2003_[2025-08-29].zip
SC039	https://websoilsurvey.sc.egov.usda.gov/DSD/Download/Cache/SSA/wss_SSA_SC039_soildb_US_2003_[2025-08-29].zip
SC041	https://websoilsurvey.sc.egov.usda.gov/DSD/Download/Cache/SSA/wss_SSA_SC041_soildb_US_2003_[2025-09-02].zip
SC043	https://websoilsurvey.sc.egov.usda.gov/DSD/Download/Cache/SSA/wss_SSA_SC043_soildb_US_2003_[2025-09-03].zip
SC045	https://websoilsurvey.sc.egov.usda.gov/DSD/Download/Cache/SSA/wss_SSA_SC045_soildb_US_2003_[2025-08-29].zip
SC047	https://websoilsurvey.sc.egov.usda.gov/DSD/Download/Cache/SSA/wss_SSA_SC047_soildb_US_2003_[2025-08-29].zip
SC049	https://websoilsurvey.sc.egov.usda.gov/DSD/Download/Cache/SSA/wss_SSA_SC049_soildb_US_2003_[2025-09-03].zip
SC051	https://websoilsurvey.sc.egov.usda.gov/DSD/Download/Cache/SSA/wss_SSA_SC051_soildb_US_2003_[2025-09-03].zip
SC053	https://websoilsurvey.sc.egov.usda.gov/DSD/Download/Cache/SSA/wss_SSA_SC053_soildb_US_2003_[2025-09-03].zip
SC057	https://websoilsurvey.sc.egov.usda.gov/DSD/Download/Cache/SSA/wss_SSA_SC057_soildb_US_2003_[2025-08-29].zip
SC059	https://websoilsurvey.sc.egov.usda.gov/DSD/Download/Cache/SSA/wss_SSA_SC059_soildb_US_2003_[2025-08-29].zip
SC061	https://websoilsurvey.sc.egov.usda.gov/DSD/Download/Cache/SSA/wss_SSA_SC061_soildb_US_2003_[2025-09-02].zip
SC063	https://websoilsurvey.sc.egov.usda.gov/DSD/Download/Cache/SSA/wss_SSA_SC063_soildb_US_2003_[2025-08-29].zip
SC065	https://websoilsurvey.sc.egov.usda.gov/DSD/Download/Cache/SSA/wss_SSA_SC065_soildb_US_2003_[2025-08-29].zip
SC067	https://websoilsurvey.sc.egov.usda.gov/DSD/Download/Cache/SSA/wss_SSA_SC067_soildb_US_2003_[2025-09-02].zip
SC069	https://websoilsurvey.sc.egov.usda.gov/DSD/Download/Cache/SSA/wss_SSA_SC069_soildb_US_2003_[2025-09-02].zip
SC071	https://websoilsurvey.sc.egov.usda.gov/DSD/Download/Cache/SSA/wss_SSA_SC071_soildb_US_2003_[2025-08-29].zip
SC075	https://websoilsurvey.sc.egov.usda.gov/DSD/Download/Cache/SSA/wss_SSA_SC075_soildb_US_2003_[2025-09-02].zip
SC077	https://websoilsurvey.sc.egov.usda.gov/DSD/Download/Cache/SSA/wss_SSA_SC077_soildb_US_2003_[2025-08-29].zip
SC079	https://websoilsurvey.sc.egov.usda.gov/DSD/Download/Cache/SSA/wss_SSA_SC079_soildb_US_2003_[2025-08-29].zip
SC081	https://websoilsurvey.sc.egov.usda.gov/DSD/Download/Cache/SSA/wss_SSA_SC081_soildb_US_2003_[2025-08-29].zip
SC083	https://websoilsurvey.sc.egov.usda.gov/DSD/Download/Cache/SSA/wss_SSA_SC083_soildb_US_2003_[2025-08-29].zip
SC085	https://websoilsurvey.sc.egov.usda.gov/DSD/Download/Cache/SSA/wss_SSA_SC085_soildb_US_2003_[2025-09-02].zip
SC087	https://websoilsurvey.sc.egov.usda.gov/DSD/Download/Cache/SSA/wss_SSA_SC087_soildb_US_2003_[2025-08-29].zip
SC089	https://websoilsurvey.sc.egov.usda.gov/DSD/Download/Cache/SSA/wss_SSA_SC089_soildb_US_2003_[2025-09-03].zip
SC091	https://websoilsurvey.sc.egov.usda.gov/DSD/Download/Cache/SSA/wss_SSA_SC091_soildb_US_2003_[2025-08-29].zip
SC602	https://websoilsurvey.sc.egov.usda.gov/DSD/Download/Cache/SSA/wss_SSA_SC602_soildb_US_2003_[2025-08-29].zip
SC604	https://websoilsurvey.sc.egov.usda.gov/DSD/Download/Cache/SSA/wss_SSA_SC604_soildb_US_2003_[2025-08-29].zip
SC610	https://websoilsurvey.sc.egov.usda.gov/DSD/Download/Cache/SSA/wss_SSA_SC610_soildb_US_2003_[2025-08-29].zip
SC615	https://websoilsurvey.sc.egov.usda.gov/DSD/Download/Cache/SSA/wss_SSA_SC615_soildb_US_2003_[2025-08-29].zip
SC665	https://websoilsurvey.sc.egov.usda.gov/DSD/Download/Cache/SSA/wss_SSA_SC665_soildb_US_2003_[2025-09-02].zip
SC690	https://websoilsurvey.sc.egov.usda.gov/DSD/Download/Cache/SSA/wss_SSA_SC690_soildb_US_2003_[2025-09-03].zip
SC696	https://websoilsurvey.sc.egov.usda.gov/DSD/Download/Cache/SSA/wss_SSA_SC696_soildb_US_2003_[2025-08-29].zip
SD003	https://websoilsurvey.sc.egov.usda.gov/DSD/Download/Cache/SSA/wss_SSA_SD003_soildb_US_2003_[2025-09-09].zip
SD005	https://websoilsurvey.sc.egov.usda.gov/DSD/Download/Cache/SSA/wss_SSA_SD005_soildb_US_2003_[2025-09-09].zip
SD007	https://websoilsurvey.sc.egov.usda.gov/DSD/Download/Cache/SSA/wss_SSA_SD007_soildb_US_2003_[2025-09-09].zip
SD009	https://websoilsurvey.sc.egov.usda.gov/DSD/Download/Cache/SSA/wss_SSA_SD009_soildb_US_2003_[2025-09-09].zip
SD011	https://websoilsurvey.sc.egov.usda.gov/DSD/Download/Cache/SSA/wss_SSA_SD011_soildb_US_2003_[2025-09-09].zip
SD013	https://websoilsurvey.sc.egov.usda.gov/DSD/Download/Cache/SSA/wss_SSA_SD013_soildb_US_2003_[2025-09-10].zip
SD019	https://websoilsurvey.sc.egov.usda.gov/DSD/Download/Cache/SSA/wss_SSA_SD019_soildb_US_2003_[2025-09-10].zip
SD021	https://websoilsurvey.sc.egov.usda.gov/DSD/Download/Cache/SSA/wss_SSA_SD021_soildb_US_2003_[2025-09-10].zip
SD023	https://websoilsurvey.sc.egov.usda.gov/DSD/Download/Cache/SSA/wss_SSA_SD023_soildb_US_2003_[2025-09-10].zip
SD025	https://websoilsurvey.sc.egov.usda.gov/DSD/Download/Cache/SSA/wss_SSA_SD025_soildb_US_2003_[2025-09-10].zip
SD027	https://websoilsurvey.sc.egov.usda.gov/DSD/Download/Cache/SSA/wss_SSA_SD027_soildb_US_2003_[2025-09-10].zip
SD029	https://websoilsurvey.sc.egov.usda.gov/DSD/Download/Cache/SSA/wss_SSA_SD029_soildb_US_2003_[2025-09-10].zip
SD031	https://websoilsurvey.sc.egov.usda.gov/DSD/Download/Cache/SSA/wss_SSA_SD031_soildb_US_2003_[2025-09-10].zip
SD035	https://websoilsurvey.sc.egov.usda.gov/DSD/Download/Cache/SSA/wss_SSA_SD035_soildb_US_2003_[2025-09-10].zip
SD037	https://websoilsurvey.sc.egov.usda.gov/DSD/Download/Cache/SSA/wss_SSA_SD037_soildb_US_2003_[2025-09-10].zip
SD039	https://websoilsurvey.sc.egov.usda.gov/DSD/Download/Cache/SSA/wss_SSA_SD039_soildb_US_2003_[2025-09-10].zip
SD041	https://websoilsurvey.sc.egov.usda.gov/DSD/Download/Cache/SSA/wss_SSA_SD041_soildb_US_2003_[2025-09-10].zip
SD043	https://websoilsurvey.sc.egov.usda.gov/DSD/Download/Cache/SSA/wss_SSA_SD043_soildb_US_2003_[2025-09-10].zip
SD045	https://websoilsurvey.sc.egov.usda.gov/DSD/Download/Cache/SSA/wss_SSA_SD045_soildb_US_2003_[2025-09-10].zip
SD047	https://websoilsurvey.sc.egov.usda.gov/DSD/Download/Cache/SSA/wss_SSA_SD047_soildb_US_2003_[2025-09-10].zip
SD049	https://websoilsurvey.sc.egov.usda.gov/DSD/Download/Cache/SSA/wss_SSA_SD049_soildb_US_2003_[2025-09-10].zip
SD051	https://websoilsurvey.sc.egov.usda.gov/DSD/Download/Cache/SSA/wss_SSA_SD051_soildb_US_2003_[2025-09-10].zip
SD053	https://websoilsurvey.sc.egov.usda.gov/DSD/Download/Cache/SSA/wss_SSA_SD053_soildb_US_2003_[2025-09-10].zip
SD055	https://websoilsurvey.sc.egov.usda.gov/DSD/Download/Cache/SSA/wss_SSA_SD055_soildb_US_2003_[2025-09-10].zip
SD057	https://websoilsurvey.sc.egov.usda.gov/DSD/Download/Cache/SSA/wss_SSA_SD057_soildb_US_2003_[2025-09-10].zip
SD059	https://websoilsurvey.sc.egov.usda.gov/DSD/Download/Cache/SSA/wss_SSA_SD059_soildb_US_2003_[2025-09-10].zip
SD063	https://websoilsurvey.sc.egov.usda.gov/DSD/Download/Cache/SSA/wss_SSA_SD063_soildb_US_2003_[2025-09-09].zip
SD065	https://websoilsurvey.sc.egov.usda.gov/DSD/Download/Cache/SSA/wss_SSA_SD065_soildb_US_2003_[2025-09-09].zip
SD069	https://websoilsurvey.sc.egov.usda.gov/DSD/Download/Cache/SSA/wss_SSA_SD069_soildb_US_2003_[2025-09-10].zip
SD073	https://websoilsurvey.sc.egov.usda.gov/DSD/Download/Cache/SSA/wss_SSA_SD073_soildb_US_2003_[2025-09-09].zip
SD075	https://websoilsurvey.sc.egov.usda.gov/DSD/Download/Cache/SSA/wss_SSA_SD075_soildb_US_2003_[2025-09-09].zip
SD077	https://websoilsurvey.sc.egov.usda.gov/DSD/Download/Cache/SSA/wss_SSA_SD077_soildb_US_2003_[2025-09-10].zip
SD079	https://websoilsurvey.sc.egov.usda.gov/DSD/Download/Cache/SSA/wss_SSA_SD079_soildb_US_2003_[2025-09-10].zip
SD081	https://websoilsurvey.sc.egov.usda.gov/DSD/Download/Cache/SSA/wss_SSA_SD081_soildb_US_2003_[2025-09-10].zip
SD083	https://websoilsurvey.sc.egov.usda.gov/DSD/Download/Cache/SSA/wss_SSA_SD083_soildb_US_2003_[2025-09-10].zip
SD085	https://websoilsurvey.sc.egov.usda.gov/DSD/Download/Cache/SSA/wss_SSA_SD085_soildb_US_2003_[2025-09-10].zip
SD087	https://websoilsurvey.sc.egov.usda.gov/DSD/Download/Cache/SSA/wss_SSA_SD087_soildb_US_2003_[2025-09-10].zip
SD089	https://websoilsurvey.sc.egov.usda.gov/DSD/Download/Cache/SSA/wss_SSA_SD089_soildb_US_2003_[2025-09-10].zip
SD091	https://websoilsurvey.sc.egov.usda.gov/DSD/Download/Cache/SSA/wss_SSA_SD091_soildb_US_2003_[2025-09-10].zip
SD095	https://websoilsurvey.sc.egov.usda.gov/DSD/Download/Cache/SSA/wss_SSA_SD095_soildb_US_2003_[2025-09-10].zip
SD097	https://websoilsurvey.sc.egov.usda.gov/DSD/Download/Cache/SSA/wss_SSA_SD097_soildb_US_2003_[2025-09-10].zip
SD099	https://websoilsurvey.sc.egov.usda.gov/DSD/Download/Cache/SSA/wss_SSA_SD099_soildb_US_2003_[2025-09-10].zip
SD101	https://websoilsurvey.sc.egov.usda.gov/DSD/Download/Cache/SSA/wss_SSA_SD101_soildb_US_2003_[2025-09-10].zip
SD105	https://websoilsurvey.sc.egov.usda.gov/DSD/Download/Cache/SSA/wss_SSA_SD105_soildb_US_2003_[2025-09-10].zip
SD107	https://websoilsurvey.sc.egov.usda.gov/DSD/Download/Cache/SSA/wss_SSA_SD107_soildb_US_2003_[2025-09-10].zip
SD109	https://websoilsurvey.sc.egov.usda.gov/DSD/Download/Cache/SSA/wss_SSA_SD109_soildb_US_2003_[2025-09-10].zip
SD111	https://websoilsurvey.sc.egov.usda.gov/DSD/Download/Cache/SSA/wss_SSA_SD111_soildb_US_2003_[2025-09-10].zip
SD115	https://websoilsurvey.sc.egov.usda.gov/DSD/Download/Cache/SSA/wss_SSA_SD115_soildb_US_2003_[2025-09-10].zip
SD117	https://websoilsurvey.sc.egov.usda.gov/DSD/Download/Cache/SSA/wss_SSA_SD117_soildb_US_2003_[2025-09-10].zip
SD119	https://websoilsurvey.sc.egov.usda.gov/DSD/Download/Cache/SSA/wss_SSA_SD119_soildb_US_2003_[2025-09-10].zip
SD121	https://websoilsurvey.sc.egov.usda.gov/DSD/Download/Cache/SSA/wss_SSA_SD121_soildb_US_2003_[2025-09-10].zip
SD123	https://websoilsurvey.sc.egov.usda.gov/DSD/Download/Cache/SSA/wss_SSA_SD123_soildb_US_2003_[2025-09-10].zip
SD125	https://websoilsurvey.sc.egov.usda.gov/DSD/Download/Cache/SSA/wss_SSA_SD125_soildb_US_2003_[2025-09-10].zip
SD127	https://websoilsurvey.sc.egov.usda.gov/DSD/Download/Cache/SSA/wss_SSA_SD127_soildb_US_2003_[2025-09-10].zip
SD129	https://websoilsurvey.sc.egov.usda.gov/DSD/Download/Cache/SSA/wss_SSA_SD129_soildb_US_2003_[2025-09-10].zip
SD135	https://websoilsurvey.sc.egov.usda.gov/DSD/Download/Cache/SSA/wss_SSA_SD135_soildb_US_2003_[2025-09-10].zip
SD137	https://websoilsurvey.sc.egov.usda.gov/DSD/Download/Cache/SSA/wss_SSA_SD137_soildb_US_2003_[2025-09-10].zip
SD600	https://websoilsurvey.sc.egov.usda.gov/DSD/Download/Cache/SSA/wss_SSA_SD600_soildb_US_2003_[2025-09-10].zip
SD601	https://websoilsurvey.sc.egov.usda.gov/DSD/Download/Cache/SSA/wss_SSA_SD601_soildb_US_2003_[2025-09-10].zip
SD602	https://websoilsurvey.sc.egov.usda.gov/DSD/Download/Cache/SSA/wss_SSA_SD602_soildb_US_2003_[2025-09-10].zip
SD603	https://websoilsurvey.sc.egov.usda.gov/DSD/Download/Cache/SSA/wss_SSA_SD603_soildb_US_2003_[2025-09-10].zip
SD606	https://websoilsurvey.sc.egov.usda.gov/DSD/Download/Cache/SSA/wss_SSA_SD606_soildb_US_2003_[2025-09-10].zip
SD607	https://websoilsurvey.sc.egov.usda.gov/DSD/Download/Cache/SSA/wss_SSA_SD607_soildb_US_2003_[2025-09-10].zip
SD610	https://websoilsurvey.sc.egov.usda.gov/DSD/Download/Cache/SSA/wss_SSA_SD610_soildb_US_2003_[2025-09-10].zip
SD611	https://websoilsurvey.sc.egov.usda.gov/DSD/Download/Cache/SSA/wss_SSA_SD611_soildb_US_2003_[2025-09-10].zip
SD612	https://websoilsurvey.sc.egov.usda.gov/DSD/Download/Cache/SSA/wss_SSA_SD612_soildb_US_2003_[2025-09-10].zip
SD613	https://websoilsurvey.sc.egov.usda.gov/DSD/Download/Cache/SSA/wss_SSA_SD613_soildb_US_2003_[2025-09-10].zip
TN001	https://websoilsurvey.sc.egov.usda.gov/DSD/Download/Cache/SSA/wss_SSA_TN001_soildb_US_2003_[2025-08-27].zip
TN003	https://websoilsurvey.sc.egov.usda.gov/DSD/Download/Cache/SSA/wss_SSA_TN003_soildb_US_2003_[2025-08-27].zip
TN005	https://websoilsurvey.sc.egov.usda.gov/DSD/Download/Cache/SSA/wss_SSA_TN005_soildb_US_2003_[2025-08-28].zip
TN007	https://websoilsurvey.sc.egov.usda.gov/DSD/Download/Cache/SSA/wss_SSA_TN007_soildb_US_2003_[2025-09-02].zip
TN011	https://websoilsurvey.sc.egov.usda.gov/DSD/Download/Cache/SSA/wss_SSA_TN011_soildb_US_2003_[2025-08-28].zip
TN013	https://websoilsurvey.sc.egov.usda.gov/DSD/Download/Cache/SSA/wss_SSA_TN013_soildb_US_2003_[2025-09-02].zip
TN015	https://websoilsurvey.sc.egov.usda.gov/DSD/Download/Cache/SSA/wss_SSA_TN015_soildb_US_2003_[2025-08-28].zip
TN017	https://websoilsurvey.sc.egov.usda.gov/DSD/Download/Cache/SSA/wss_SSA_TN017_soildb_US_2003_[2025-08-28].zip
TN019	https://websoilsurvey.sc.egov.usda.gov/DSD/Download/Cache/SSA/wss_SSA_TN019_soildb_US_2003_[2025-08-28].zip
TN021	https://websoilsurvey.sc.egov.usda.gov/DSD/Download/Cache/SSA/wss_SSA_TN021_soildb_US_2003_[2025-08-28].zip
TN023	https://websoilsurvey.sc.egov.usda.gov/DSD/Download/Cache/SSA/wss_SSA_TN023_soildb_US_2003_[2025-08-28].zip
TN025	https://websoilsurvey.sc.egov.usda.gov/DSD/Download/Cache/SSA/wss_SSA_TN025_soildb_US_2003_[2025-08-28].zip
TN027	https://websoilsurvey.sc.egov.usda.gov/DSD/Download/Cache/SSA/wss_SSA_TN027_soildb_US_2003_[2025-08-28].zip
TN031	https://websoilsurvey.sc.egov.usda.gov/DSD/Download/Cache/SSA/wss_SSA_TN031_soildb_US_2003_[2025-08-28].zip
TN033	https://websoilsurvey.sc.egov.usda.gov/DSD/Download/Cache/SSA/wss_SSA_TN033_soildb_US_2003_[2025-08-28].zip
TN035	https://websoilsurvey.sc.egov.usda.gov/DSD/Download/Cache/SSA/wss_SSA_TN035_soildb_US_2003_[2025-09-02].zip
TN037	https://websoilsurvey.sc.egov.usda.gov/DSD/Download/Cache/SSA/wss_SSA_TN037_soildb_US_2003_[2025-08-28].zip
TN039	https://websoilsurvey.sc.egov.usda.gov/DSD/Download/Cache/SSA/wss_SSA_TN039_soildb_US_2003_[2025-08-28].zip
TN041	https://websoilsurvey.sc.egov.usda.gov/DSD/Download/Cache/SSA/wss_SSA_TN041_soildb_US_2003_[2025-08-28].zip
TN043	https://websoilsurvey.sc.egov.usda.gov/DSD/Download/Cache/SSA/wss_SSA_TN043_soildb_US_2003_[2025-08-28].zip
TN045	https://websoilsurvey.sc.egov.usda.gov/DSD/Download/Cache/SSA/wss_SSA_TN045_soildb_US_2003_[2025-08-28].zip
TN047	https://websoilsurvey.sc.egov.usda.gov/DSD/Download/Cache/SSA/wss_SSA_TN047_soildb_US_2003_[2025-08-28].zip
TN051	https://websoilsurvey.sc.egov.usda.gov/DSD/Download/Cache/SSA/wss_SSA_TN051_soildb_US_2003_[2025-08-28].zip
TN053	https://websoilsurvey.sc.egov.usda.gov/DSD/Download/Cache/SSA/wss_SSA_TN053_soildb_US_2003_[2025-08-28].zip
TN055	https://websoilsurvey.sc.egov.usda.gov/DSD/Download/Cache/SSA/wss_SSA_TN055_soildb_US_2003_[2025-08-28].zip
TN057	https://websoilsurvey.sc.egov.usda.gov/DSD/Download/Cache/SSA/wss_SSA_TN057_soildb_US_2003_[2025-08-28].zip
TN059	https://websoilsurvey.sc.egov.usda.gov/DSD/Download/Cache/SSA/wss_SSA_TN059_soildb_US_2003_[2025-08-28].zip
TN061	https://websoilsurvey.sc.egov.usda.gov/DSD/Download/Cache/SSA/wss_SSA_TN061_soildb_US_2003_[2025-09-02].zip
TN063	https://websoilsurvey.sc.egov.usda.gov/DSD/Download/Cache/SSA/wss_SSA_TN063_soildb_US_2003_[2025-08-28].zip
TN065	https://websoilsurvey.sc.egov.usda.gov/DSD/Download/Cache/SSA/wss_SSA_TN065_soildb_US_2003_[2025-08-28].zip
TN069	https://websoilsurvey.sc.egov.usda.gov/DSD/Download/Cache/SSA/wss_SSA_TN069_soildb_US_2003_[2025-08-28].zip
TN071	https://websoilsurvey.sc.egov.usda.gov/DSD/Download/Cache/SSA/wss_SSA_TN071_soildb_US_2003_[2025-08-28].zip
TN075	https://websoilsurvey.sc.egov.usda.gov/DSD/Download/Cache/SSA/wss_SSA_TN075_soildb_US_2003_[2025-08-28].zip
TN077	https://websoilsurvey.sc.egov.usda.gov/DSD/Download/Cache/SSA/wss_SSA_TN077_soildb_US_2003_[2025-08-28].zip
TN079	https://websoilsurvey.sc.egov.usda.gov/DSD/Download/Cache/SSA/wss_SSA_TN079_soildb_US_2003_[2025-08-28].zip
TN081	https://websoilsurvey.sc.egov.usda.gov/DSD/Download/Cache/SSA/wss_SSA_TN081_soildb_US_2003_[2025-08-28].zip
TN083	https://websoilsurvey.sc.egov.usda.gov/DSD/Download/Cache/SSA/wss_SSA_TN083_soildb_US_2003_[2025-08-28].zip
TN085	https://websoilsurvey.sc.egov.usda.gov/DSD/Download/Cache/SSA/wss_SSA_TN085_soildb_US_2003_[2025-08-28].zip
TN087	https://websoilsurvey.sc.egov.usda.gov/DSD/Download/Cache/SSA/wss_SSA_TN087_soildb_US_2003_[2025-08-28].zip
TN089	https://websoilsurvey.sc.egov.usda.gov/DSD/Download/Cache/SSA/wss_SSA_TN089_soildb_US_2003_[2025-08-28].zip
TN091	https://websoilsurvey.sc.egov.usda.gov/DSD/Download/Cache/SSA/wss_SSA_TN091_soildb_US_2003_[2025-08-28].zip
TN093	https://websoilsurvey.sc.egov.usda.gov/DSD/Download/Cache/SSA/wss_SSA_TN093_soildb_US_2003_[2025-08-28].zip
TN095	https://websoilsurvey.sc.egov.usda.gov/DSD/Download/Cache/SSA/wss_SSA_TN095_soildb_US_2003_[2025-08-28].zip
TN097	https://websoilsurvey.sc.egov.usda.gov/DSD/Download/Cache/SSA/wss_SSA_TN097_soildb_US_2003_[2025-08-28].zip
TN099	https://websoilsurvey.sc.egov.usda.gov/DSD/Download/Cache/SSA/wss_SSA_TN099_soildb_US_2003_[2025-08-28].zip
TN101	https://websoilsurvey.sc.egov.usda.gov/DSD/Download/Cache/SSA/wss_SSA_TN101_soildb_US_2003_[2025-08-29].zip
TN103	https://websoilsurvey.sc.egov.usda.gov/DSD/Download/Cache/SSA/wss_SSA_TN103_soildb_US_2003_[2025-08-29].zip
TN105	https://websoilsurvey.sc.egov.usda.gov/DSD/Download/Cache/SSA/wss_SSA_TN105_soildb_US_2003_[2025-08-29].zip
TN107	https://websoilsurvey.sc.egov.usda.gov/DSD/Download/Cache/SSA/wss_SSA_TN107_soildb_US_2003_[2025-08-29].zip
TN109	https://websoilsurvey.sc.egov.usda.gov/DSD/Download/Cache/SSA/wss_SSA_TN109_soildb_US_2003_[2025-08-29].zip
TN111	https://websoilsurvey.sc.egov.usda.gov/DSD/Download/Cache/SSA/wss_SSA_TN111_soildb_US_2003_[2025-08-29].zip
TN113	https://websoilsurvey.sc.egov.usda.gov/DSD/Download/Cache/SSA/wss_SSA_TN113_soildb_US_2003_[2025-08-29].zip
TN115	https://websoilsurvey.sc.egov.usda.gov/DSD/Download/Cache/SSA/wss_SSA_TN115_soildb_US_2003_[2025-08-29].zip
TN117	https://websoilsurvey.sc.egov.usda.gov/DSD/Download/Cache/SSA/wss_SSA_TN117_soildb_US_2003_[2025-08-29].zip
TN119	https://websoilsurvey.sc.egov.usda.gov/DSD/Download/Cache/SSA/wss_SSA_TN119_soildb_US_2003_[2025-08-29].zip
TN121	https://websoilsurvey.sc.egov.usda.gov/DSD/Download/Cache/SSA/wss_SSA_TN121_soildb_US_2003_[2025-08-29].zip
TN123	https://websoilsurvey.sc.egov.usda.gov/DSD/Download/Cache/SSA/wss_SSA_TN123_soildb_US_2003_[2025-08-29].zip
TN125	https://websoilsurvey.sc.egov.usda.gov/DSD/Download/Cache/SSA/wss_SSA_TN125_soildb_US_2003_[2025-08-29].zip
TN127	https://websoilsurvey.sc.egov.usda.gov/DSD/Download/Cache/SSA/wss_SSA_TN127_soildb_US_2003_[2025-08-29].zip
TN131	https://websoilsurvey.sc.egov.usda.gov/DSD/Download/Cache/SSA/wss_SSA_TN131_soildb_US_2003_[2025-08-29].zip
TN133	https://websoilsurvey.sc.egov.usda.gov/DSD/Download/Cache/SSA/wss_SSA_TN133_soildb_US_2003_[2025-08-29].zip
TN135	https://websoilsurvey.sc.egov.usda.gov/DSD/Download/Cache/SSA/wss_SSA_TN135_soildb_US_2003_[2025-08-29].zip
TN139	https://websoilsurvey.sc.egov.usda.gov/DSD/Download/Cache/SSA/wss_SSA_TN139_soildb_US_2003_[2025-08-29].zip
TN143	https://websoilsurvey.sc.egov.usda.gov/DSD/Download/Cache/SSA/wss_SSA_TN143_soildb_US_2003_[2025-08-29].zip
TN145	https://websoilsurvey.sc.egov.usda.gov/DSD/Download/Cache/SSA/wss_SSA_TN145_soildb_US_2003_[2025-08-29].zip
TN147	https://websoilsurvey.sc.egov.usda.gov/DSD/Download/Cache/SSA/wss_SSA_TN147_soildb_US_2003_[2025-08-29].zip
TN149	https://websoilsurvey.sc.egov.usda.gov/DSD/Download/Cache/SSA/wss_SSA_TN149_soildb_US_2003_[2025-08-29].zip
TN153	https://websoilsurvey.sc.egov.usda.gov/DSD/Download/Cache/SSA/wss_SSA_TN153_soildb_US_2003_[2025-09-02].zip
TN157	https://websoilsurvey.sc.egov.usda.gov/DSD/Download/Cache/SSA/wss_SSA_TN157_soildb_US_2003_[2025-08-29].zip
TN159	https://websoilsurvey.sc.egov.usda.gov/DSD/Download/Cache/SSA/wss_SSA_TN159_soildb_US_2003_[2025-08-29].zip
TN161	https://websoilsurvey.sc.egov.usda.gov/DSD/Download/Cache/SSA/wss_SSA_TN161_soildb_US_2003_[2025-08-29].zip
TN163	https://websoilsurvey.sc.egov.usda.gov/DSD/Download/Cache/SSA/wss_SSA_TN163_soildb_US_2003_[2025-08-29].zip
TN165	https://websoilsurvey.sc.egov.usda.gov/DSD/Download/Cache/SSA/wss_SSA_TN165_soildb_US_2003_[2025-08-29].zip
TN167	https://websoilsurvey.sc.egov.usda.gov/DSD/Download/Cache/SSA/wss_SSA_TN167_soildb_US_2003_[2025-08-29].zip
TN169	https://websoilsurvey.sc.egov.usda.gov/DSD/Download/Cache/SSA/wss_SSA_TN169_soildb_US_2003_[2025-08-29].zip
TN171	https://websoilsurvey.sc.egov.usda.gov/DSD/Download/Cache/SSA/wss_SSA_TN171_soildb_US_2003_[2025-08-29].zip
TN173	https://websoilsurvey.sc.egov.usda.gov/DSD/Download/Cache/SSA/wss_SSA_TN173_soildb_US_2003_[2025-08-29].zip
TN177	https://websoilsurvey.sc.egov.usda.gov/DSD/Download/Cache/SSA/wss_SSA_TN177_soildb_US_2003_[2025-08-29].zip
TN179	https://websoilsurvey.sc.egov.usda.gov/DSD/Download/Cache/SSA/wss_SSA_TN179_soildb_US_2003_[2025-08-29].zip
TN181	https://websoilsurvey.sc.egov.usda.gov/DSD/Download/Cache/SSA/wss_SSA_TN181_soildb_US_2003_[2025-08-29].zip
TN183	https://websoilsurvey.sc.egov.usda.gov/DSD/Download/Cache/SSA/wss_SSA_TN183_soildb_US_2003_[2025-08-29].zip
TN187	https://websoilsurvey.sc.egov.usda.gov/DSD/Download/Cache/SSA/wss_SSA_TN187_soildb_US_2003_[2025-09-02].zip
TN189	https://websoilsurvey.sc.egov.usda.gov/DSD/Download/Cache/SSA/wss_SSA_TN189_soildb_US_2003_[2025-09-02].zip
TN602	https://websoilsurvey.sc.egov.usda.gov/DSD/Download/Cache/SSA/wss_SSA_TN602_soildb_US_2003_[2025-09-02].zip
TN604	https://websoilsurvey.sc.egov.usda.gov/DSD/Download/Cache/SSA/wss_SSA_TN604_soildb_US_2003_[2025-09-02].zip
TN606	https://websoilsurvey.sc.egov.usda.gov/DSD/Download/Cache/SSA/wss_SSA_TN606_soildb_US_2003_[2025-09-02].zip
TN607	https://websoilsurvey.sc.egov.usda.gov/DSD/Download/Cache/SSA/wss_SSA_TN607_soildb_US_2003_[2025-09-02].zip
TN608	https://websoilsurvey.sc.egov.usda.gov/DSD/Download/Cache/SSA/wss_SSA_TN608_soildb_US_2003_[2025-09-02].zip
TN609	https://websoilsurvey.sc.egov.usda.gov/DSD/Download/Cache/SSA/wss_SSA_TN609_soildb_US_2003_[2025-09-02].zip
TN610	https://websoilsurvey.sc.egov.usda.gov/DSD/Download/Cache/SSA/wss_SSA_TN610_soildb_US_2003_[2025-09-02].zip
TN629	https://websoilsurvey.sc.egov.usda.gov/DSD/Download/Cache/SSA/wss_SSA_TN629_soildb_US_2003_[2025-09-02].zip
TN640	https://websoilsurvey.sc.egov.usda.gov/DSD/Download/Cache/SSA/wss_SSA_TN640_soildb_US_2003_[2025-09-02].zip
TN650	https://websoilsurvey.sc.egov.usda.gov/DSD/Download/Cache/SSA/wss_SSA_TN650_soildb_US_2003_[2025-08-29].zip
TN701	https://websoilsurvey.sc.egov.usda.gov/DSD/Download/Cache/SSA/wss_SSA_TN701_soildb_US_2003_[2025-09-02].zip
TX001	https://websoilsurvey.sc.egov.usda.gov/DSD/Download/Cache/SSA/wss_SSA_TX001_soildb_US_2003_[2025-09-04].zip
TX003	https://websoilsurvey.sc.egov.usda.gov/DSD/Download/Cache/SSA/wss_SSA_TX003_soildb_US_2003_[2025-09-04].zip
TX005	https://websoilsurvey.sc.egov.usda.gov/DSD/Download/Cache/SSA/wss_SSA_TX005_soildb_US_2003_[2025-09-04].zip
TX009	https://websoilsurvey.sc.egov.usda.gov/DSD/Download/Cache/SSA/wss_SSA_TX009_soildb_US_2003_[2025-09-04].zip
TX011	https://websoilsurvey.sc.egov.usda.gov/DSD/Download/Cache/SSA/wss_SSA_TX011_soildb_US_2003_[2025-09-04].zip
TX013	https://websoilsurvey.sc.egov.usda.gov/DSD/Download/Cache/SSA/wss_SSA_TX013_soildb_US_2003_[2025-09-04].zip
TX017	https://websoilsurvey.sc.egov.usda.gov/DSD/Download/Cache/SSA/wss_SSA_TX017_soildb_US_2003_[2025-09-04].zip
TX019	https://websoilsurvey.sc.egov.usda.gov/DSD/Download/Cache/SSA/wss_SSA_TX019_soildb_US_2003_[2025-09-04].zip
TX021	https://websoilsurvey.sc.egov.usda.gov/DSD/Download/Cache/SSA/wss_SSA_TX021_soildb_US_2003_[2025-09-04].zip
TX023	https://websoilsurvey.sc.egov.usda.gov/DSD/Download/Cache/SSA/wss_SSA_TX023_soildb_US_2003_[2025-09-04].zip
TX025	https://websoilsurvey.sc.egov.usda.gov/DSD/Download/Cache/SSA/wss_SSA_TX025_soildb_US_2003_[2025-09-04].zip
TX027	https://websoilsurvey.sc.egov.usda.gov/DSD/Download/Cache/SSA/wss_SSA_TX027_soildb_US_2003_[2025-09-04].zip
TX029	https://websoilsurvey.sc.egov.usda.gov/DSD/Download/Cache/SSA/wss_SSA_TX029_soildb_US_2003_[2025-09-04].zip
TX033	https://websoilsurvey.sc.egov.usda.gov/DSD/Download/Cache/SSA/wss_SSA_TX033_soildb_US_2003_[2025-09-04].zip
TX035	https://websoilsurvey.sc.egov.usda.gov/DSD/Download/Cache/SSA/wss_SSA_TX035_soildb_US_2003_[2025-09-04].zip
TX037	https://websoilsurvey.sc.egov.usda.gov/DSD/Download/Cache/SSA/wss_SSA_TX037_soildb_US_2003_[2025-09-04].zip
TX039	https://websoilsurvey.sc.egov.usda.gov/DSD/Download/Cache/SSA/wss_SSA_TX039_soildb_US_2003_[2025-09-04].zip
TX041	https://websoilsurvey.sc.egov.usda.gov/DSD/Download/Cache/SSA/wss_SSA_TX041_soildb_US_2003_[2025-09-04].zip
TX045	https://websoilsurvey.sc.egov.usda.gov/DSD/Download/Cache/SSA/wss_SSA_TX045_soildb_US_2003_[2025-09-04].zip
TX047	https://websoilsurvey.sc.egov.usda.gov/DSD/Download/Cache/SSA/wss_SSA_TX047_soildb_US_2003_[2025-09-04].zip
TX051	https://websoilsurvey.sc.egov.usda.gov/DSD/Download/Cache/SSA/wss_SSA_TX051_soildb_US_2003_[2025-09-04].zip
TX055	https://websoilsurvey.sc.egov.usda.gov/DSD/Download/Cache/SSA/wss_SSA_TX055_soildb_US_2003_[2025-09-04].zip
TX057	https://websoilsurvey.sc.egov.usda.gov/DSD/Download/Cache/SSA/wss_SSA_TX057_soildb_US_2003_[2025-09-04].zip
TX059	https://websoilsurvey.sc.egov.usda.gov/DSD/Download/Cache/SSA/wss_SSA_TX059_soildb_US_2003_[2025-09-04].zip
TX061	https://websoilsurvey.sc.egov.usda.gov/DSD/Download/Cache/SSA/wss_SSA_TX061_soildb_US_2003_[2025-09-04].zip
TX065	https://websoilsurvey.sc.egov.usda.gov/DSD/Download/Cache/SSA/wss_SSA_TX065_soildb_US_2003_[2025-09-04].zip
TX069	https://websoilsurvey.sc.egov.usda.gov/DSD/Download/Cache/SSA/wss_SSA_TX069_soildb_US_2003_[2025-09-04].zip
TX071	https://websoilsurvey.sc.egov.usda.gov/DSD/Download/Cache/SSA/wss_SSA_TX071_soildb_US_2003_[2025-09-04].zip
TX073	https://websoilsurvey.sc.egov.usda.gov/DSD/Download/Cache/SSA/wss_SSA_TX073_soildb_US_2003_[2025-09-04].zip
TX075	https://websoilsurvey.sc.egov.usda.gov/DSD/Download/Cache/SSA/wss_SSA_TX075_soildb_US_2003_[2025-09-04].zip
TX077	https://websoilsurvey.sc.egov.usda.gov/DSD/Download/Cache/SSA/wss_SSA_TX077_soildb_US_2003_[2025-09-04].zip
TX079	https://websoilsurvey.sc.egov.usda.gov/DSD/Download/Cache/SSA/wss_SSA_TX079_soildb_US_2003_[2025-09-04].zip
TX081	https://websoilsurvey.sc.egov.usda.gov/DSD/Download/Cache/SSA/wss_SSA_TX081_soildb_US_2003_[2025-09-04].zip
TX083	https://websoilsurvey.sc.egov.usda.gov/DSD/Download/Cache/SSA/wss_SSA_TX083_soildb_US_2003_[2025-09-04].zip
TX085	https://websoilsurvey.sc.egov.usda.gov/DSD/Download/Cache/SSA/wss_SSA_TX085_soildb_US_2003_[2025-09-04].zip
TX087	https://websoilsurvey.sc.egov.usda.gov/DSD/Download/Cache/SSA/wss_SSA_TX087_soildb_US_2003_[2025-09-04].zip
TX089	https://websoilsurvey.sc.egov.usda.gov/DSD/Download/Cache/SSA/wss_SSA_TX089_soildb_US_2003_[2025-09-04].zip
TX093	https://websoilsurvey.sc.egov.usda.gov/DSD/Download/Cache/SSA/wss_SSA_TX093_soildb_US_2003_[2025-09-04].zip
TX095	https://websoilsurvey.sc.egov.usda.gov/DSD/Download/Cache/SSA/wss_SSA_TX095_soildb_US_2003_[2025-09-04].zip
TX097	https://websoilsurvey.sc.egov.usda.gov/DSD/Download/Cache/SSA/wss_SSA_TX097_soildb_US_2003_[2025-09-04].zip
TX099	https://websoilsurvey.sc.egov.usda.gov/DSD/Download/Cache/SSA/wss_SSA_TX099_soildb_US_2003_[2025-09-04].zip
TX101	https://websoilsurvey.sc.egov.usda.gov/DSD/Download/Cache/SSA/wss_SSA_TX101_soildb_US_2003_[2025-09-04].zip
TX105	https://websoilsurvey.sc.egov.usda.gov/DSD/Download/Cache/SSA/wss_SSA_TX105_soildb_US_2003_[2025-09-04].zip
TX107	https://websoilsurvey.sc.egov.usda.gov/DSD/Download/Cache/SSA/wss_SSA_TX107_soildb_US_2003_[2025-09-04].zip
TX111	https://websoilsurvey.sc.egov.usda.gov/DSD/Download/Cache/SSA/wss_SSA_TX111_soildb_US_2003_[2025-09-04].zip
TX113	https://websoilsurvey.sc.egov.usda.gov/DSD/Download/Cache/SSA/wss_SSA_TX113_soildb_US_2003_[2025-09-04].zip
TX115	https://websoilsurvey.sc.egov.usda.gov/DSD/Download/Cache/SSA/wss_SSA_TX115_soildb_US_2003_[2025-09-04].zip
TX117	https://websoilsurvey.sc.egov.usda.gov/DSD/Download/Cache/SSA/wss_SSA_TX117_soildb_US_2003_[2025-09-04].zip
TX121	https://websoilsurvey.sc.egov.usda.gov/DSD/Download/Cache/SSA/wss_SSA_TX121_soildb_US_2003_[2025-09-04].zip
TX123	https://websoilsurvey.sc.egov.usda.gov/DSD/Download/Cache/SSA/wss_SSA_TX123_soildb_US_2003_[2025-09-04].zip
TX125	https://websoilsurvey.sc.egov.usda.gov/DSD/Download/Cache/SSA/wss_SSA_TX125_soildb_US_2003_[2025-09-04].zip
TX129	https://websoilsurvey.sc.egov.usda.gov/DSD/Download/Cache/SSA/wss_SSA_TX129_soildb_US_2003_[2025-09-04].zip
TX131	https://websoilsurvey.sc.egov.usda.gov/DSD/Download/Cache/SSA/wss_SSA_TX131_soildb_US_2003_[2025-09-04].zip
TX133	https://websoilsurvey.sc.egov.usda.gov/DSD/Download/Cache/SSA/wss_SSA_TX133_soildb_US_2003_[2025-09-04].zip
TX139	https://websoilsurvey.sc.egov.usda.gov/DSD/Download/Cache/SSA/wss_SSA_TX139_soildb_US_2003_[2025-09-04].zip
TX143	https://websoilsurvey.sc.egov.usda.gov/DSD/Download/Cache/SSA/wss_SSA_TX143_soildb_US_2003_[2025-09-04].zip
TX145	https://websoilsurvey.sc.egov.usda.gov/DSD/Download/Cache/SSA/wss_SSA_TX145_soildb_US_2003_[2025-09-04].zip
TX147	https://websoilsurvey.sc.egov.usda.gov/DSD/Download/Cache/SSA/wss_SSA_TX147_soildb_US_2003_[2025-09-04].zip
TX149	https://websoilsurvey.sc.egov.usda.gov/DSD/Download/Cache/SSA/wss_SSA_TX149_soildb_US_2003_[2025-09-04].zip
TX151	https://websoilsurvey.sc.egov.usda.gov/DSD/Download/Cache/SSA/wss_SSA_TX151_soildb_US_2003_[2025-09-04].zip
TX153	https://websoilsurvey.sc.egov.usda.gov/DSD/Download/Cache/SSA/wss_SSA_TX153_soildb_US_2003_[2025-09-04].zip
TX155	https://websoilsurvey.sc.egov.usda.gov/DSD/Download/Cache/SSA/wss_SSA_TX155_soildb_US_2003_[2025-09-04].zip
TX157	https://websoilsurvey.sc.egov.usda.gov/DSD/Download/Cache/SSA/wss_SSA_TX157_soildb_US_2003_[2025-09-04].zip
TX161	https://websoilsurvey.sc.egov.usda.gov/DSD/Download/Cache/SSA/wss_SSA_TX161_soildb_US_2003_[2025-09-04].zip
TX163	https://websoilsurvey.sc.egov.usda.gov/DSD/Download/Cache/SSA/wss_SSA_TX163_soildb_US_2003_[2025-09-04].zip
TX165	https://websoilsurvey.sc.egov.usda.gov/DSD/Download/Cache/SSA/wss_SSA_TX165_soildb_US_2003_[2025-09-04].zip
TX167	https://websoilsurvey.sc.egov.usda.gov/DSD/Download/Cache/SSA/wss_SSA_TX167_soildb_US_2003_[2025-09-04].zip
TX169	https://websoilsurvey.sc.egov.usda.gov/DSD/Download/Cache/SSA/wss_SSA_TX169_soildb_US_2003_[2025-09-04].zip
TX171	https://websoilsurvey.sc.egov.usda.gov/DSD/Download/Cache/SSA/wss_SSA_TX171_soildb_US_2003_[2025-09-04].zip
TX173	https://websoilsurvey.sc.egov.usda.gov/DSD/Download/Cache/SSA/wss_SSA_TX173_soildb_US_2003_[2025-09-04].zip
TX175	https://websoilsurvey.sc.egov.usda.gov/DSD/Download/Cache/SSA/wss_SSA_TX175_soildb_US_2003_[2025-09-04].zip
TX177	https://websoilsurvey.sc.egov.usda.gov/DSD/Download/Cache/SSA/wss_SSA_TX177_soildb_US_2003_[2025-09-04].zip
TX179	https://websoilsurvey.sc.egov.usda.gov/DSD/Download/Cache/SSA/wss_SSA_TX179_soildb_US_2003_[2025-09-04].zip
TX181	https://websoilsurvey.sc.egov.usda.gov/DSD/Download/Cache/SSA/wss_SSA_TX181_soildb_US_2003_[2025-09-04].zip
TX185	https://websoilsurvey.sc.egov.usda.gov/DSD/Download/Cache/SSA/wss_SSA_TX185_soildb_US_2003_[2025-09-04].zip
TX187	https://websoilsurvey.sc.egov.usda.gov/DSD/Download/Cache/SSA/wss_SSA_TX187_soildb_US_2003_[2025-09-04].zip
TX189	https://websoilsurvey.sc.egov.usda.gov/DSD/Download/Cache/SSA/wss_SSA_TX189_soildb_US_2003_[2025-09-18].zip
TX191	https://websoilsurvey.sc.egov.usda.gov/DSD/Download/Cache/SSA/wss_SSA_TX191_soildb_US_2003_[2025-09-04].zip
TX193	https://websoilsurvey.sc.egov.usda.gov/DSD/Download/Cache/SSA/wss_SSA_TX193_soildb_US_2003_[2025-09-04].zip
TX195	https://websoilsurvey.sc.egov.usda.gov/DSD/Download/Cache/SSA/wss_SSA_TX195_soildb_US_2003_[2025-09-04].zip
TX197	https://websoilsurvey.sc.egov.usda.gov/DSD/Download/Cache/SSA/wss_SSA_TX197_soildb_US_2003_[2025-09-04].zip
TX199	https://websoilsurvey.sc.egov.usda.gov/DSD/Download/Cache/SSA/wss_SSA_TX199_soildb_US_2003_[2025-09-04].zip
TX201	https://websoilsurvey.sc.egov.usda.gov/DSD/Download/Cache/SSA/wss_SSA_TX201_soildb_US_2003_[2025-09-04].zip
TX203	https://websoilsurvey.sc.egov.usda.gov/DSD/Download/Cache/SSA/wss_SSA_TX203_soildb_US_2003_[2025-09-04].zip
TX205	https://websoilsurvey.sc.egov.usda.gov/DSD/Download/Cache/SSA/wss_SSA_TX205_soildb_US_2003_[2025-09-04].zip
TX207	https://websoilsurvey.sc.egov.usda.gov/DSD/Download/Cache/SSA/wss_SSA_TX207_soildb_US_2003_[2025-09-04].zip
TX211	https://websoilsurvey.sc.egov.usda.gov/DSD/Download/Cache/SSA/wss_SSA_TX211_soildb_US_2003_[2025-09-04].zip
TX213	https://websoilsurvey.sc.egov.usda.gov/DSD/Download/Cache/SSA/wss_SSA_TX213_soildb_US_2003_[2025-09-04].zip
TX215	https://websoilsurvey.sc.egov.usda.gov/DSD/Download/Cache/SSA/wss_SSA_TX215_soildb_US_2003_[2025-09-04].zip
TX217	https://websoilsurvey.sc.egov.usda.gov/DSD/Download/Cache/SSA/wss_SSA_TX217_soildb_US_2003_[2025-09-04].zip
TX219	https://websoilsurvey.sc.egov.usda.gov/DSD/Download/Cache/SSA/wss_SSA_TX219_soildb_US_2003_[2025-09-04].zip
TX225	https://websoilsurvey.sc.egov.usda.gov/DSD/Download/Cache/SSA/wss_SSA_TX225_soildb_US_2003_[2025-09-04].zip
TX227	https://websoilsurvey.sc.egov.usda.gov/DSD/Download/Cache/SSA/wss_SSA_TX227_soildb_US_2003_[2025-09-04].zip
TX231	https://websoilsurvey.sc.egov.usda.gov/DSD/Download/Cache/SSA/wss_SSA_TX231_soildb_US_2003_[2025-09-04].zip
TX233	https://websoilsurvey.sc.egov.usda.gov/DSD/Download/Cache/SSA/wss_SSA_TX233_soildb_US_2003_[2025-09-04].zip
TX235	https://websoilsurvey.sc.egov.usda.gov/DSD/Download/Cache/SSA/wss_SSA_TX235_soildb_US_2003_[2025-09-04].zip
TX237	https://websoilsurvey.sc.egov.usda.gov/DSD/Download/Cache/SSA/wss_SSA_TX237_soildb_US_2003_[2025-09-04].zip
TX239	https://websoilsurvey.sc.egov.usda.gov/DSD/Download/Cache/SSA/wss_SSA_TX239_soildb_US_2003_[2025-09-04].zip
TX243	https://websoilsurvey.sc.egov.usda.gov/DSD/Download/Cache/SSA/wss_SSA_TX243_soildb_US_2003_[2025-09-04].zip
TX247	https://websoilsurvey.sc.egov.usda.gov/DSD/Download/Cache/SSA/wss_SSA_TX247_soildb_US_2003_[2025-09-04].zip
TX249	https://websoilsurvey.sc.egov.usda.gov/DSD/Download/Cache/SSA/wss_SSA_TX249_soildb_US_2003_[2025-09-04].zip
TX251	https://websoilsurvey.sc.egov.usda.gov/DSD/Download/Cache/SSA/wss_SSA_TX251_soildb_US_2003_[2025-09-04].zip
TX253	https://websoilsurvey.sc.egov.usda.gov/DSD/Download/Cache/SSA/wss_SSA_TX253_soildb_US_2003_[2025-09-04].zip
TX255	https://websoilsurvey.sc.egov.usda.gov/DSD/Download/Cache/SSA/wss_SSA_TX255_soildb_US_2003_[2025-09-04].zip
TX259	https://websoilsurvey.sc.egov.usda.gov/DSD/Download/Cache/SSA/wss_SSA_TX259_soildb_US_2003_[2025-09-04].zip
TX263	https://websoilsurvey.sc.egov.usda.gov/DSD/Download/Cache/SSA/wss_SSA_TX263_soildb_US_2003_[2025-09-04].zip
TX265	https://websoilsurvey.sc.egov.usda.gov/DSD/Download/Cache/SSA/wss_SSA_TX265_soildb_US_2003_[2025-09-04].zip
TX267	https://websoilsurvey.sc.egov.usda.gov/DSD/Download/Cache/SSA/wss_SSA_TX267_soildb_US_2003_[2025-09-04].zip
TX269	https://websoilsurvey.sc.egov.usda.gov/DSD/Download/Cache/SSA/wss_SSA_TX269_soildb_US_2003_[2025-09-04].zip
TX271	https://websoilsurvey.sc.egov.usda.gov/DSD/Download/Cache/SSA/wss_SSA_TX271_soildb_US_2003_[2025-09-04].zip
TX275	https://websoilsurvey.sc.egov.usda.gov/DSD/Download/Cache/SSA/wss_SSA_TX275_soildb_US_2003_[2025-09-04].zip
TX279	https://websoilsurvey.sc.egov.usda.gov/DSD/Download/Cache/SSA/wss_SSA_TX279_soildb_US_2003_[2025-09-04].zip
TX281	https://websoilsurvey.sc.egov.usda.gov/DSD/Download/Cache/SSA/wss_SSA_TX281_soildb_US_2003_[2025-09-04].zip
TX283	https://websoilsurvey.sc.egov.usda.gov/DSD/Download/Cache/SSA/wss_SSA_TX283_soildb_US_2003_[2025-09-04].zip
TX285	https://websoilsurvey.sc.egov.usda.gov/DSD/Download/Cache/SSA/wss_SSA_TX285_soildb_US_2003_[2025-09-04].zip
TX287	https://websoilsurvey.sc.egov.usda.gov/DSD/Download/Cache/SSA/wss_SSA_TX287_soildb_US_2003_[2025-09-04].zip
TX289	https://websoilsurvey.sc.egov.usda.gov/DSD/Download/Cache/SSA/wss_SSA_TX289_soildb_US_2003_[2025-09-04].zip
TX291	https://websoilsurvey.sc.egov.usda.gov/DSD/Download/Cache/SSA/wss_SSA_TX291_soildb_US_2003_[2025-09-04].zip
TX293	https://websoilsurvey.sc.egov.usda.gov/DSD/Download/Cache/SSA/wss_SSA_TX293_soildb_US_2003_[2025-09-04].zip
TX295	https://websoilsurvey.sc.egov.usda.gov/DSD/Download/Cache/SSA/wss_SSA_TX295_soildb_US_2003_[2025-09-04].zip
TX297	https://websoilsurvey.sc.egov.usda.gov/DSD/Download/Cache/SSA/wss_SSA_TX297_soildb_US_2003_[2025-09-04].zip
TX299	https://websoilsurvey.sc.egov.usda.gov/DSD/Download/Cache/SSA/wss_SSA_TX299_soildb_US_2003_[2025-09-04].zip
TX303	https://websoilsurvey.sc.egov.usda.gov/DSD/Download/Cache/SSA/wss_SSA_TX303_soildb_US_2003_[2025-09-04].zip
TX305	https://websoilsurvey.sc.egov.usda.gov/DSD/Download/Cache/SSA/wss_SSA_TX305_soildb_US_2003_[2025-09-04].zip
TX307	https://websoilsurvey.sc.egov.usda.gov/DSD/Download/Cache/SSA/wss_SSA_TX307_soildb_US_2003_[2025-09-04].zip
TX309	https://websoilsurvey.sc.egov.usda.gov/DSD/Download/Cache/SSA/wss_SSA_TX309_soildb_US_2003_[2025-09-04].zip
TX311	https://websoilsurvey.sc.egov.usda.gov/DSD/Download/Cache/SSA/wss_SSA_TX311_soildb_US_2003_[2025-09-04].zip
TX313	https://websoilsurvey.sc.egov.usda.gov/DSD/Download/Cache/SSA/wss_SSA_TX313_soildb_US_2003_[2025-09-04].zip
TX317	https://websoilsurvey.sc.egov.usda.gov/DSD/Download/Cache/SSA/wss_SSA_TX317_soildb_US_2003_[2025-09-04].zip
TX319	https://websoilsurvey.sc.egov.usda.gov/DSD/Download/Cache/SSA/wss_SSA_TX319_soildb_US_2003_[2025-09-04].zip
TX321	https://websoilsurvey.sc.egov.usda.gov/DSD/Download/Cache/SSA/wss_SSA_TX321_soildb_US_2003_[2025-09-04].zip
TX323	https://websoilsurvey.sc.egov.usda.gov/DSD/Download/Cache/SSA/wss_SSA_TX323_soildb_US_2003_[2025-09-04].zip
TX325	https://websoilsurvey.sc.egov.usda.gov/DSD/Download/Cache/SSA/wss_SSA_TX325_soildb_US_2003_[2025-09-04].zip
TX327	https://websoilsurvey.sc.egov.usda.gov/DSD/Download/Cache/SSA/wss_SSA_TX327_soildb_US_2003_[2025-09-04].zip
TX329	https://websoilsurvey.sc.egov.usda.gov/DSD/Download/Cache/SSA/wss_SSA_TX329_soildb_US_2003_[2025-09-04].zip
TX331	https://websoilsurvey.sc.egov.usda.gov/DSD/Download/Cache/SSA/wss_SSA_TX331_soildb_US_2003_[2025-09-04].zip
TX335	https://websoilsurvey.sc.egov.usda.gov/DSD/Download/Cache/SSA/wss_SSA_TX335_soildb_US_2003_[2025-09-04].zip
TX337	https://websoilsurvey.sc.egov.usda.gov/DSD/Download/Cache/SSA/wss_SSA_TX337_soildb_US_2003_[2025-09-04].zip
TX339	https://websoilsurvey.sc.egov.usda.gov/DSD/Download/Cache/SSA/wss_SSA_TX339_soildb_US_2003_[2025-09-04].zip
TX341	https://websoilsurvey.sc.egov.usda.gov/DSD/Download/Cache/SSA/wss_SSA_TX341_soildb_US_2003_[2025-09-04].zip
TX345	https://websoilsurvey.sc.egov.usda.gov/DSD/Download/Cache/SSA/wss_SSA_TX345_soildb_US_2003_[2025-09-04].zip
TX347	https://websoilsurvey.sc.egov.usda.gov/DSD/Download/Cache/SSA/wss_SSA_TX347_soildb_US_2003_[2025-09-05].zip
TX349	https://websoilsurvey.sc.egov.usda.gov/DSD/Download/Cache/SSA/wss_SSA_TX349_soildb_US_2003_[2025-09-05].zip
TX353	https://websoilsurvey.sc.egov.usda.gov/DSD/Download/Cache/SSA/wss_SSA_TX353_soildb_US_2003_[2025-09-05].zip
TX355	https://websoilsurvey.sc.egov.usda.gov/DSD/Download/Cache/SSA/wss_SSA_TX355_soildb_US_2003_[2025-09-05].zip
TX357	https://websoilsurvey.sc.egov.usda.gov/DSD/Download/Cache/SSA/wss_SSA_TX357_soildb_US_2003_[2025-09-05].zip
TX359	https://websoilsurvey.sc.egov.usda.gov/DSD/Download/Cache/SSA/wss_SSA_TX359_soildb_US_2003_[2025-09-05].zip
TX363	https://websoilsurvey.sc.egov.usda.gov/DSD/Download/Cache/SSA/wss_SSA_TX363_soildb_US_2003_[2025-09-05].zip
TX365	https://websoilsurvey.sc.egov.usda.gov/DSD/Download/Cache/SSA/wss_SSA_TX365_soildb_US_2003_[2025-09-05].zip
TX367	https://websoilsurvey.sc.egov.usda.gov/DSD/Download/Cache/SSA/wss_SSA_TX367_soildb_US_2003_[2025-09-05].zip
TX369	https://websoilsurvey.sc.egov.usda.gov/DSD/Download/Cache/SSA/wss_SSA_TX369_soildb_US_2003_[2025-09-05].zip
TX371	https://websoilsurvey.sc.egov.usda.gov/DSD/Download/Cache/SSA/wss_SSA_TX371_soildb_US_2003_[2025-09-05].zip
TX375	https://websoilsurvey.sc.egov.usda.gov/DSD/Download/Cache/SSA/wss_SSA_TX375_soildb_US_2003_[2025-09-05].zip
TX377	https://websoilsurvey.sc.egov.usda.gov/DSD/Download/Cache/SSA/wss_SSA_TX377_soildb_US_2003_[2025-09-05].zip
TX381	https://websoilsurvey.sc.egov.usda.gov/DSD/Download/Cache/SSA/wss_SSA_TX381_soildb_US_2003_[2025-09-05].zip
TX387	https://websoilsurvey.sc.egov.usda.gov/DSD/Download/Cache/SSA/wss_SSA_TX387_soildb_US_2003_[2025-09-05].zip
TX389	https://websoilsurvey.sc.egov.usda.gov/DSD/Download/Cache/SSA/wss_SSA_TX389_soildb_US_2003_[2025-09-05].zip
TX391	https://websoilsurvey.sc.egov.usda.gov/DSD/Download/Cache/SSA/wss_SSA_TX391_soildb_US_2003_[2025-09-05].zip
TX393	https://websoilsurvey.sc.egov.usda.gov/DSD/Download/Cache/SSA/wss_SSA_TX393_soildb_US_2003_[2025-09-05].zip
TX395	https://websoilsurvey.sc.egov.usda.gov/DSD/Download/Cache/SSA/wss_SSA_TX395_soildb_US_2003_[2025-09-05].zip
TX399	https://websoilsurvey.sc.egov.usda.gov/DSD/Download/Cache/SSA/wss_SSA_TX399_soildb_US_2003_[2025-09-05].zip
TX401	https://websoilsurvey.sc.egov.usda.gov/DSD/Download/Cache/SSA/wss_SSA_TX401_soildb_US_2003_[2025-09-05].zip
TX411	https://websoilsurvey.sc.egov.usda.gov/DSD/Download/Cache/SSA/wss_SSA_TX411_soildb_US_2003_[2025-09-05].zip
TX413	https://websoilsurvey.sc.egov.usda.gov/DSD/Download/Cache/SSA/wss_SSA_TX413_soildb_US_2003_[2025-09-05].zip
TX415	https://websoilsurvey.sc.egov.usda.gov/DSD/Download/Cache/SSA/wss_SSA_TX415_soildb_US_2003_[2025-09-05].zip
TX417	https://websoilsurvey.sc.egov.usda.gov/DSD/Download/Cache/SSA/wss_SSA_TX417_soildb_US_2003_[2025-09-05].zip
TX419	https://websoilsurvey.sc.egov.usda.gov/DSD/Download/Cache/SSA/wss_SSA_TX419_soildb_US_2003_[2025-09-05].zip
TX421	https://websoilsurvey.sc.egov.usda.gov/DSD/Download/Cache/SSA/wss_SSA_TX421_soildb_US_2003_[2025-09-05].zip
TX423	https://websoilsurvey.sc.egov.usda.gov/DSD/Download/Cache/SSA/wss_SSA_TX423_soildb_US_2003_[2025-09-05].zip
TX427	https://websoilsurvey.sc.egov.usda.gov/DSD/Download/Cache/SSA/wss_SSA_TX427_soildb_US_2003_[2025-09-04].zip
TX429	https://websoilsurvey.sc.egov.usda.gov/DSD/Download/Cache/SSA/wss_SSA_TX429_soildb_US_2003_[2025-09-04].zip
TX431	https://websoilsurvey.sc.egov.usda.gov/DSD/Download/Cache/SSA/wss_SSA_TX431_soildb_US_2003_[2025-09-05].zip
TX433	https://websoilsurvey.sc.egov.usda.gov/DSD/Download/Cache/SSA/wss_SSA_TX433_soildb_US_2003_[2025-09-05].zip
TX435	https://websoilsurvey.sc.egov.usda.gov/DSD/Download/Cache/SSA/wss_SSA_TX435_soildb_US_2003_[2025-09-05].zip
TX437	https://websoilsurvey.sc.egov.usda.gov/DSD/Download/Cache/SSA/wss_SSA_TX437_soildb_US_2003_[2025-09-05].zip
TX439	https://websoilsurvey.sc.egov.usda.gov/DSD/Download/Cache/SSA/wss_SSA_TX439_soildb_US_2003_[2025-09-05].zip
TX441	https://websoilsurvey.sc.egov.usda.gov/DSD/Download/Cache/SSA/wss_SSA_TX441_soildb_US_2003_[2025-09-05].zip
TX443	https://websoilsurvey.sc.egov.usda.gov/DSD/Download/Cache/SSA/wss_SSA_TX443_soildb_US_2003_[2025-09-05].zip
TX445	https://websoilsurvey.sc.egov.usda.gov/DSD/Download/Cache/SSA/wss_SSA_TX445_soildb_US_2003_[2025-09-05].zip
TX447	https://websoilsurvey.sc.egov.usda.gov/DSD/Download/Cache/SSA/wss_SSA_TX447_soildb_US_2003_[2025-09-05].zip
TX451	https://websoilsurvey.sc.egov.usda.gov/DSD/Download/Cache/SSA/wss_SSA_TX451_soildb_US_2003_[2025-09-05].zip
TX453	https://websoilsurvey.sc.egov.usda.gov/DSD/Download/Cache/SSA/wss_SSA_TX453_soildb_US_2003_[2025-09-05].zip
TX455	https://websoilsurvey.sc.egov.usda.gov/DSD/Download/Cache/SSA/wss_SSA_TX455_soildb_US_2003_[2025-09-05].zip
TX457	https://websoilsurvey.sc.egov.usda.gov/DSD/Download/Cache/SSA/wss_SSA_TX457_soildb_US_2003_[2025-09-05].zip
TX463	https://websoilsurvey.sc.egov.usda.gov/DSD/Download/Cache/SSA/wss_SSA_TX463_soildb_US_2003_[2025-09-05].zip
TX465	https://websoilsurvey.sc.egov.usda.gov/DSD/Download/Cache/SSA/wss_SSA_TX465_soildb_US_2003_[2025-09-05].zip
TX467	https://websoilsurvey.sc.egov.usda.gov/DSD/Download/Cache/SSA/wss_SSA_TX467_soildb_US_2003_[2025-09-05].zip
TX469	https://websoilsurvey.sc.egov.usda.gov/DSD/Download/Cache/SSA/wss_SSA_TX469_soildb_US_2003_[2025-09-05].zip
TX471	https://websoilsurvey.sc.egov.usda.gov/DSD/Download/Cache/SSA/wss_SSA_TX471_soildb_US_2003_[2025-09-05].zip
TX475	https://websoilsurvey.sc.egov.usda.gov/DSD/Download/Cache/SSA/wss_SSA_TX475_soildb_US_2003_[2025-09-05].zip
TX477	https://websoilsurvey.sc.egov.usda.gov/DSD/Download/Cache/SSA/wss_SSA_TX477_soildb_US_2003_[2025-09-05].zip
TX479	https://websoilsurvey.sc.egov.usda.gov/DSD/Download/Cache/SSA/wss_SSA_TX479_soildb_US_2003_[2025-09-05].zip
TX481	https://websoilsurvey.sc.egov.usda.gov/DSD/Download/Cache/SSA/wss_SSA_TX481_soildb_US_2003_[2025-09-05].zip
TX483	https://websoilsurvey.sc.egov.usda.gov/DSD/Download/Cache/SSA/wss_SSA_TX483_soildb_US_2003_[2025-09-05].zip
TX485	https://websoilsurvey.sc.egov.usda.gov/DSD/Download/Cache/SSA/wss_SSA_TX485_soildb_US_2003_[2025-09-05].zip
TX487	https://websoilsurvey.sc.egov.usda.gov/DSD/Download/Cache/SSA/wss_SSA_TX487_soildb_US_2003_[2025-09-05].zip
TX489	https://websoilsurvey.sc.egov.usda.gov/DSD/Download/Cache/SSA/wss_SSA_TX489_soildb_US_2003_[2025-09-05].zip
TX491	https://websoilsurvey.sc.egov.usda.gov/DSD/Download/Cache/SSA/wss_SSA_TX491_soildb_US_2003_[2025-09-05].zip
TX493	https://websoilsurvey.sc.egov.usda.gov/DSD/Download/Cache/SSA/wss_SSA_TX493_soildb_US_2003_[2025-09-05].zip
TX497	https://websoilsurvey.sc.egov.usda.gov/DSD/Download/Cache/SSA/wss_SSA_TX497_soildb_US_2003_[2025-09-05].zip
TX499	https://websoilsurvey.sc.egov.usda.gov/DSD/Download/Cache/SSA/wss_SSA_TX499_soildb_US_2003_[2025-09-05].zip
TX501	https://websoilsurvey.sc.egov.usda.gov/DSD/Download/Cache/SSA/wss_SSA_TX501_soildb_US_2003_[2025-09-05].zip
TX503	https://websoilsurvey.sc.egov.usda.gov/DSD/Download/Cache/SSA/wss_SSA_TX503_soildb_US_2003_[2025-09-05].zip
TX505	https://websoilsurvey.sc.egov.usda.gov/DSD/Download/Cache/SSA/wss_SSA_TX505_soildb_US_2003_[2025-09-05].zip
TX600	https://websoilsurvey.sc.egov.usda.gov/DSD/Download/Cache/SSA/wss_SSA_TX600_soildb_US_2003_[2025-09-05].zip
TX601	https://websoilsurvey.sc.egov.usda.gov/DSD/Download/Cache/SSA/wss_SSA_TX601_soildb_US_2003_[2025-09-05].zip
TX602	https://websoilsurvey.sc.egov.usda.gov/DSD/Download/Cache/SSA/wss_SSA_TX602_soildb_US_2003_[2025-09-05].zip
TX603	https://websoilsurvey.sc.egov.usda.gov/DSD/Download/Cache/SSA/wss_SSA_TX603_soildb_US_2003_[2025-09-05].zip
TX604	https://websoilsurvey.sc.egov.usda.gov/DSD/Download/Cache/SSA/wss_SSA_TX604_soildb_US_2003_[2025-09-05].zip
TX605	https://websoilsurvey.sc.egov.usda.gov/DSD/Download/Cache/SSA/wss_SSA_TX605_soildb_US_2003_[2025-09-05].zip
TX606	https://websoilsurvey.sc.egov.usda.gov/DSD/Download/Cache/SSA/wss_SSA_TX606_soildb_US_2003_[2025-09-05].zip
TX607	https://websoilsurvey.sc.egov.usda.gov/DSD/Download/Cache/SSA/wss_SSA_TX607_soildb_US_2003_[2025-09-05].zip
TX608	https://websoilsurvey.sc.egov.usda.gov/DSD/Download/Cache/SSA/wss_SSA_TX608_soildb_US_2003_[2025-09-05].zip
TX609	https://websoilsurvey.sc.egov.usda.gov/DSD/Download/Cache/SSA/wss_SSA_TX609_soildb_US_2003_[2025-09-05].zip
TX610	https://websoilsurvey.sc.egov.usda.gov/DSD/Download/Cache/SSA/wss_SSA_TX610_soildb_US_2003_[2025-09-05].zip
TX611	https://websoilsurvey.sc.egov.usda.gov/DSD/Download/Cache/SSA/wss_SSA_TX611_soildb_US_2003_[2025-09-05].zip
TX612	https://websoilsurvey.sc.egov.usda.gov/DSD/Download/Cache/SSA/wss_SSA_TX612_soildb_US_2003_[2025-09-05].zip
TX613	https://websoilsurvey.sc.egov.usda.gov/DSD/Download/Cache/SSA/wss_SSA_TX613_soildb_US_2003_[2025-09-05].zip
TX614	https://websoilsurvey.sc.egov.usda.gov/DSD/Download/Cache/SSA/wss_SSA_TX614_soildb_US_2003_[2025-09-05].zip
TX615	https://websoilsurvey.sc.egov.usda.gov/DSD/Download/Cache/SSA/wss_SSA_TX615_soildb_US_2003_[2025-09-05].zip
TX616	https://websoilsurvey.sc.egov.usda.gov/DSD/Download/Cache/SSA/wss_SSA_TX616_soildb_US_2003_[2025-09-05].zip
TX617	https://websoilsurvey.sc.egov.usda.gov/DSD/Download/Cache/SSA/wss_SSA_TX617_soildb_US_2003_[2025-09-05].zip
TX618	https://websoilsurvey.sc.egov.usda.gov/DSD/Download/Cache/SSA/wss_SSA_TX618_soildb_US_2003_[2025-09-05].zip
TX619	https://websoilsurvey.sc.egov.usda.gov/DSD/Download/Cache/SSA/wss_SSA_TX619_soildb_US_2003_[2025-09-05].zip
TX620	https://websoilsurvey.sc.egov.usda.gov/DSD/Download/Cache/SSA/wss_SSA_TX620_soildb_US_2003_[2025-09-05].zip
TX621	https://websoilsurvey.sc.egov.usda.gov/DSD/Download/Cache/SSA/wss_SSA_TX621_soildb_US_2003_[2025-09-05].zip
TX622	https://websoilsurvey.sc.egov.usda.gov/DSD/Download/Cache/SSA/wss_SSA_TX622_soildb_US_2003_[2025-09-05].zip
TX623	https://websoilsurvey.sc.egov.usda.gov/DSD/Download/Cache/SSA/wss_SSA_TX623_soildb_US_2003_[2025-09-05].zip
TX624	https://websoilsurvey.sc.egov.usda.gov/DSD/Download/Cache/SSA/wss_SSA_TX624_soildb_US_2003_[2025-09-05].zip
TX625	https://websoilsurvey.sc.egov.usda.gov/DSD/Download/Cache/SSA/wss_SSA_TX625_soildb_US_2003_[2025-09-05].zip
TX626	https://websoilsurvey.sc.egov.usda.gov/DSD/Download/Cache/SSA/wss_SSA_TX626_soildb_US_2003_[2025-09-05].zip
TX627	https://websoilsurvey.sc.egov.usda.gov/DSD/Download/Cache/SSA/wss_SSA_TX627_soildb_US_2003_[2025-09-05].zip
US	https://websoilsurvey.sc.egov.usda.gov/DSD/Download/Cache/SSA/wss_SSA_US_soildb_US_2003_[2016-10-13].zip
UT013	https://websoilsurvey.sc.egov.usda.gov/DSD/Download/Cache/SSA/wss_SSA_UT013_soildb_US_2003_[2025-08-27].zip
UT047	https://websoilsurvey.sc.egov.usda.gov/DSD/Download/Cache/SSA/wss_SSA_UT047_soildb_US_2003_[2025-09-05].zip
UT601	https://websoilsurvey.sc.egov.usda.gov/DSD/Download/Cache/SSA/wss_SSA_UT601_soildb_US_2003_[2025-08-26].zip
UT602	https://websoilsurvey.sc.egov.usda.gov/DSD/Download/Cache/SSA/wss_SSA_UT602_soildb_US_2003_[2025-08-26].zip
UT603	https://websoilsurvey.sc.egov.usda.gov/DSD/Download/Cache/SSA/wss_SSA_UT603_soildb_US_2003_[2025-08-26].zip
UT604	https://websoilsurvey.sc.egov.usda.gov/DSD/Download/Cache/SSA/wss_SSA_UT604_soildb_US_2003_[2025-08-26].zip
UT607	https://websoilsurvey.sc.egov.usda.gov/DSD/Download/Cache/SSA/wss_SSA_UT607_soildb_US_2003_[2025-08-26].zip
UT608	https://websoilsurvey.sc.egov.usda.gov/DSD/Download/Cache/SSA/wss_SSA_UT608_soildb_US_2003_[2025-08-26].zip
UT609	https://websoilsurvey.sc.egov.usda.gov/DSD/Download/Cache/SSA/wss_SSA_UT609_soildb_US_2003_[2025-08-26].zip
UT611	https://websoilsurvey.sc.egov.usda.gov/DSD/Download/Cache/SSA/wss_SSA_UT611_soildb_US_2003_[2025-08-26].zip
UT612	https://websoilsurvey.sc.egov.usda.gov/DSD/Download/Cache/SSA/wss_SSA_UT612_soildb_US_2003_[2025-08-26].zip
UT613	https://websoilsurvey.sc.egov.usda.gov/DSD/Download/Cache/SSA/wss_SSA_UT613_soildb_US_2003_[2025-08-27].zip
UT616	https://websoilsurvey.sc.egov.usda.gov/DSD/Download/Cache/SSA/wss_SSA_UT616_soildb_US_2003_[2025-08-27].zip
UT617	https://websoilsurvey.sc.egov.usda.gov/DSD/Download/Cache/SSA/wss_SSA_UT617_soildb_US_2003_[2025-08-27].zip
UT618	https://websoilsurvey.sc.egov.usda.gov/DSD/Download/Cache/SSA/wss_SSA_UT618_soildb_US_2003_[2025-08-27].zip
UT621	https://websoilsurvey.sc.egov.usda.gov/DSD/Download/Cache/SSA/wss_SSA_UT621_soildb_US_2003_[2025-08-27].zip
UT622	https://websoilsurvey.sc.egov.usda.gov/DSD/Download/Cache/SSA/wss_SSA_UT622_soildb_US_2003_[2025-08-27].zip
UT623	https://websoilsurvey.sc.egov.usda.gov/DSD/Download/Cache/SSA/wss_SSA_UT623_soildb_US_2003_[2025-08-27].zip
UT624	https://websoilsurvey.sc.egov.usda.gov/DSD/Download/Cache/SSA/wss_SSA_UT624_soildb_US_2003_[2025-09-08].zip
UT625	https://websoilsurvey.sc.egov.usda.gov/DSD/Download/Cache/SSA/wss_SSA_UT625_soildb_US_2003_[2025-08-27].zip
UT626	https://websoilsurvey.sc.egov.usda.gov/DSD/Download/Cache/SSA/wss_SSA_UT626_soildb_US_2003_[2025-08-27].zip
UT627	https://websoilsurvey.sc.egov.usda.gov/DSD/Download/Cache/SSA/wss_SSA_UT627_soildb_US_2003_[2025-08-27].zip
UT628	https://websoilsurvey.sc.egov.usda.gov/DSD/Download/Cache/SSA/wss_SSA_UT628_soildb_US_2003_[2025-08-27].zip
UT629	https://websoilsurvey.sc.egov.usda.gov/DSD/Download/Cache/SSA/wss_SSA_UT629_soildb_US_2003_[2025-08-27].zip
UT631	https://websoilsurvey.sc.egov.usda.gov/DSD/Download/Cache/SSA/wss_SSA_UT631_soildb_US_2003_[2025-08-27].zip
UT632	https://websoilsurvey.sc.egov.usda.gov/DSD/Download/Cache/SSA/wss_SSA_UT632_soildb_US_2003_[2025-08-27].zip
UT633	https://websoilsurvey.sc.egov.usda.gov/DSD/Download/Cache/SSA/wss_SSA_UT633_soildb_US_2003_[2025-09-05].zip
UT634	https://websoilsurvey.sc.egov.usda.gov/DSD/Download/Cache/SSA/wss_SSA_UT634_soildb_US_2003_[2025-08-27].zip
UT636	https://websoilsurvey.sc.egov.usda.gov/DSD/Download/Cache/SSA/wss_SSA_UT636_soildb_US_2003_[2025-08-27].zip
UT638	https://websoilsurvey.sc.egov.usda.gov/DSD/Download/Cache/SSA/wss_SSA_UT638_soildb_US_2003_[2025-08-27].zip
UT639	https://websoilsurvey.sc.egov.usda.gov/DSD/Download/Cache/SSA/wss_SSA_UT639_soildb_US_2003_[2025-08-27].zip
UT640	https://websoilsurvey.sc.egov.usda.gov/DSD/Download/Cache/SSA/wss_SSA_UT640_soildb_US_2003_[2025-08-27].zip
UT641	https://websoilsurvey.sc.egov.usda.gov/DSD/Download/Cache/SSA/wss_SSA_UT641_soildb_US_2003_[2025-08-27].zip
UT642	https://websoilsurvey.sc.egov.usda.gov/DSD/Download/Cache/SSA/wss_SSA_UT642_soildb_US_2003_[2025-08-27].zip
UT643	https://websoilsurvey.sc.egov.usda.gov/DSD/Download/Cache/SSA/wss_SSA_UT643_soildb_US_2003_[2025-08-27].zip
UT645	https://websoilsurvey.sc.egov.usda.gov/DSD/Download/Cache/SSA/wss_SSA_UT645_soildb_US_2003_[2025-08-28].zip
UT646	https://websoilsurvey.sc.egov.usda.gov/DSD/Download/Cache/SSA/wss_SSA_UT646_soildb_US_2003_[2025-09-04].zip
UT647	https://websoilsurvey.sc.egov.usda.gov/DSD/Download/Cache/SSA/wss_SSA_UT647_soildb_US_2003_[2025-08-28].zip
UT648	https://websoilsurvey.sc.egov.usda.gov/DSD/Download/Cache/SSA/wss_SSA_UT648_soildb_US_2003_[2025-09-02].zip
UT649	https://websoilsurvey.sc.egov.usda.gov/DSD/Download/Cache/SSA/wss_SSA_UT649_soildb_US_2003_[2025-08-28].zip
UT650	https://websoilsurvey.sc.egov.usda.gov/DSD/Download/Cache/SSA/wss_SSA_UT650_soildb_US_2003_[2025-09-04].zip
UT651	https://websoilsurvey.sc.egov.usda.gov/DSD/Download/Cache/SSA/wss_SSA_UT651_soildb_US_2003_[2025-08-28].zip
UT653	https://websoilsurvey.sc.egov.usda.gov/DSD/Download/Cache/SSA/wss_SSA_UT653_soildb_US_2003_[2025-09-05].zip
UT685	https://websoilsurvey.sc.egov.usda.gov/DSD/Download/Cache/SSA/wss_SSA_UT685_soildb_US_2003_[2025-08-28].zip
UT686	https://websoilsurvey.sc.egov.usda.gov/DSD/Download/Cache/SSA/wss_SSA_UT686_soildb_US_2003_[2025-08-28].zip
UT687	https://websoilsurvey.sc.egov.usda.gov/DSD/Download/Cache/SSA/wss_SSA_UT687_soildb_US_2003_[2025-08-28].zip
UT688	https://websoilsurvey.sc.egov.usda.gov/DSD/Download/Cache/SSA/wss_SSA_UT688_soildb_US_2003_[2025-08-28].zip
UT689	https://websoilsurvey.sc.egov.usda.gov/DSD/Download/Cache/SSA/wss_SSA_UT689_soildb_US_2003_[2025-08-28].zip
UT690	https://websoilsurvey.sc.egov.usda.gov/DSD/Download/Cache/SSA/wss_SSA_UT690_soildb_US_2003_[2025-08-28].zip
VA001	https://websoilsurvey.sc.egov.usda.gov/DSD/Download/Cache/SSA/wss_SSA_VA001_soildb_US_2003_[2025-09-04].zip
VA003	https://websoilsurvey.sc.egov.usda.gov/DSD/Download/Cache/SSA/wss_SSA_VA003_soildb_US_2003_[2025-09-04].zip
VA005	https://websoilsurvey.sc.egov.usda.gov/DSD/Download/Cache/SSA/wss_SSA_VA005_soildb_US_2003_[2025-09-04].zip
VA007	https://websoilsurvey.sc.egov.usda.gov/DSD/Download/Cache/SSA/wss_SSA_VA007_soildb_US_2003_[2025-09-05].zip
VA009	https://websoilsurvey.sc.egov.usda.gov/DSD/Download/Cache/SSA/wss_SSA_VA009_soildb_US_2003_[2025-09-05].zip
VA011	https://websoilsurvey.sc.egov.usda.gov/DSD/Download/Cache/SSA/wss_SSA_VA011_soildb_US_2003_[2025-09-05].zip
VA013	https://websoilsurvey.sc.egov.usda.gov/DSD/Download/Cache/SSA/wss_SSA_VA013_soildb_US_2003_[2025-09-05].zip
VA015	https://websoilsurvey.sc.egov.usda.gov/DSD/Download/Cache/SSA/wss_SSA_VA015_soildb_US_2003_[2025-09-05].zip
VA017	https://websoilsurvey.sc.egov.usda.gov/DSD/Download/Cache/SSA/wss_SSA_VA017_soildb_US_2003_[2025-09-05].zip
VA019	https://websoilsurvey.sc.egov.usda.gov/DSD/Download/Cache/SSA/wss_SSA_VA019_soildb_US_2003_[2025-09-05].zip
VA021	https://websoilsurvey.sc.egov.usda.gov/DSD/Download/Cache/SSA/wss_SSA_VA021_soildb_US_2003_[2025-09-05].zip
VA023	https://websoilsurvey.sc.egov.usda.gov/DSD/Download/Cache/SSA/wss_SSA_VA023_soildb_US_2003_[2025-09-25].zip
VA025	https://websoilsurvey.sc.egov.usda.gov/DSD/Download/Cache/SSA/wss_SSA_VA025_soildb_US_2003_[2025-09-05].zip
VA027	https://websoilsurvey.sc.egov.usda.gov/DSD/Download/Cache/SSA/wss_SSA_VA027_soildb_US_2003_[2025-09-05].zip
VA029	https://websoilsurvey.sc.egov.usda.gov/DSD/Download/Cache/SSA/wss_SSA_VA029_soildb_US_2003_[2025-09-05].zip
VA033	https://websoilsurvey.sc.egov.usda.gov/DSD/Download/Cache/SSA/wss_SSA_VA033_soildb_US_2003_[2025-09-05].zip
VA035	https://websoilsurvey.sc.egov.usda.gov/DSD/Download/Cache/SSA/wss_SSA_VA035_soildb_US_2003_[2025-09-05].zip
VA036	https://websoilsurvey.sc.egov.usda.gov/DSD/Download/Cache/SSA/wss_SSA_VA036_soildb_US_2003_[2025-09-05].zip
VA037	https://websoilsurvey.sc.egov.usda.gov/DSD/Download/Cache/SSA/wss_SSA_VA037_soildb_US_2003_[2025-09-05].zip
VA041	https://websoilsurvey.sc.egov.usda.gov/DSD/Download/Cache/SSA/wss_SSA_VA041_soildb_US_2003_[2025-09-05].zip
VA043	https://websoilsurvey.sc.egov.usda.gov/DSD/Download/Cache/SSA/wss_SSA_VA043_soildb_US_2003_[2025-09-05].zip
VA045	https://websoilsurvey.sc.egov.usda.gov/DSD/Download/Cache/SSA/wss_SSA_VA045_soildb_US_2003_[2025-09-05].zip
VA047	https://websoilsurvey.sc.egov.usda.gov/DSD/Download/Cache/SSA/wss_SSA_VA047_soildb_US_2003_[2025-09-05].zip
VA049	https://websoilsurvey.sc.egov.usda.gov/DSD/Download/Cache/SSA/wss_SSA_VA049_soildb_US_2003_[2025-09-05].zip
VA051	https://websoilsurvey.sc.egov.usda.gov/DSD/Download/Cache/SSA/wss_SSA_VA051_soildb_US_2003_[2025-09-05].zip
VA057	https://websoilsurvey.sc.egov.usda.gov/DSD/Download/Cache/SSA/wss_SSA_VA057_soildb_US_2003_[2025-09-05].zip
VA059	https://websoilsurvey.sc.egov.usda.gov/DSD/Download/Cache/SSA/wss_SSA_VA059_soildb_US_2003_[2025-09-05].zip
VA061	https://websoilsurvey.sc.egov.usda.gov/DSD/Download/Cache/SSA/wss_SSA_VA061_soildb_US_2003_[2025-09-05].zip
VA063	https://websoilsurvey.sc.egov.usda.gov/DSD/Download/Cache/SSA/wss_SSA_VA063_soildb_US_2003_[2025-09-05].zip
VA065	https://websoilsurvey.sc.egov.usda.gov/DSD/Download/Cache/SSA/wss_SSA_VA065_soildb_US_2003_[2025-09-05].zip
VA067	https://websoilsurvey.sc.egov.usda.gov/DSD/Download/Cache/SSA/wss_SSA_VA067_soildb_US_2003_[2025-09-05].zip
VA069	https://websoilsurvey.sc.egov.usda.gov/DSD/Download/Cache/SSA/wss_SSA_VA069_soildb_US_2003_[2025-09-05].zip
VA071	https://websoilsurvey.sc.egov.usda.gov/DSD/Download/Cache/SSA/wss_SSA_VA071_soildb_US_2003_[2025-09-05].zip
VA073	https://websoilsurvey.sc.egov.usda.gov/DSD/Download/Cache/SSA/wss_SSA_VA073_soildb_US_2003_[2025-09-05].zip
VA075	https://websoilsurvey.sc.egov.usda.gov/DSD/Download/Cache/SSA/wss_SSA_VA075_soildb_US_2003_[2025-09-05].zip
VA077	https://websoilsurvey.sc.egov.usda.gov/DSD/Download/Cache/SSA/wss_SSA_VA077_soildb_US_2003_[2025-09-05].zip
VA079	https://websoilsurvey.sc.egov.usda.gov/DSD/Download/Cache/SSA/wss_SSA_VA079_soildb_US_2003_[2025-09-05].zip
VA081	https://websoilsurvey.sc.egov.usda.gov/DSD/Download/Cache/SSA/wss_SSA_VA081_soildb_US_2003_[2025-09-05].zip
VA083	https://websoilsurvey.sc.egov.usda.gov/DSD/Download/Cache/SSA/wss_SSA_VA083_soildb_US_2003_[2025-09-05].zip
VA085	https://websoilsurvey.sc.egov.usda.gov/DSD/Download/Cache/SSA/wss_SSA_VA085_soildb_US_2003_[2025-09-05].zip
VA087	https://websoilsurvey.sc.egov.usda.gov/DSD/Download/Cache/SSA/wss_SSA_VA087_soildb_US_2003_[2025-09-05].zip
VA089	https://websoilsurvey.sc.egov.usda.gov/DSD/Download/Cache/SSA/wss_SSA_VA089_soildb_US_2003_[2025-09-05].zip
VA091	https://websoilsurvey.sc.egov.usda.gov/DSD/Download/Cache/SSA/wss_SSA_VA091_soildb_US_2003_[2025-09-05].zip
VA093	https://websoilsurvey.sc.egov.usda.gov/DSD/Download/Cache/SSA/wss_SSA_VA093_soildb_US_2003_[2025-09-05].zip
VA097	https://websoilsurvey.sc.egov.usda.gov/DSD/Download/Cache/SSA/wss_SSA_VA097_soildb_US_2003_[2025-09-05].zip
VA101	https://websoilsurvey.sc.egov.usda.gov/DSD/Download/Cache/SSA/wss_SSA_VA101_soildb_US_2003_[2025-09-05].zip
VA105	https://websoilsurvey.sc.egov.usda.gov/DSD/Download/Cache/SSA/wss_SSA_VA105_soildb_US_2003_[2025-09-05].zip
VA107	https://websoilsurvey.sc.egov.usda.gov/DSD/Download/Cache/SSA/wss_SSA_VA107_soildb_US_2003_[2025-09-04].zip
VA109	https://websoilsurvey.sc.egov.usda.gov/DSD/Download/Cache/SSA/wss_SSA_VA109_soildb_US_2003_[2025-09-05].zip
VA111	https://websoilsurvey.sc.egov.usda.gov/DSD/Download/Cache/SSA/wss_SSA_VA111_soildb_US_2003_[2025-09-05].zip
VA113	https://websoilsurvey.sc.egov.usda.gov/DSD/Download/Cache/SSA/wss_SSA_VA113_soildb_US_2003_[2025-09-05].zip
VA115	https://websoilsurvey.sc.egov.usda.gov/DSD/Download/Cache/SSA/wss_SSA_VA115_soildb_US_2003_[2025-09-05].zip
VA117	https://websoilsurvey.sc.egov.usda.gov/DSD/Download/Cache/SSA/wss_SSA_VA117_soildb_US_2003_[2025-09-05].zip
VA119	https://websoilsurvey.sc.egov.usda.gov/DSD/Download/Cache/SSA/wss_SSA_VA119_soildb_US_2003_[2025-09-05].zip
VA121	https://websoilsurvey.sc.egov.usda.gov/DSD/Download/Cache/SSA/wss_SSA_VA121_soildb_US_2003_[2025-09-08].zip
VA125	https://websoilsurvey.sc.egov.usda.gov/DSD/Download/Cache/SSA/wss_SSA_VA125_soildb_US_2003_[2025-09-05].zip
VA127	https://websoilsurvey.sc.egov.usda.gov/DSD/Download/Cache/SSA/wss_SSA_VA127_soildb_US_2003_[2025-09-05].zip
VA131	https://websoilsurvey.sc.egov.usda.gov/DSD/Download/Cache/SSA/wss_SSA_VA131_soildb_US_2003_[2025-09-05].zip
VA133	https://websoilsurvey.sc.egov.usda.gov/DSD/Download/Cache/SSA/wss_SSA_VA133_soildb_US_2003_[2025-09-08].zip
VA135	https://websoilsurvey.sc.egov.usda.gov/DSD/Download/Cache/SSA/wss_SSA_VA135_soildb_US_2003_[2025-09-05].zip
VA137	https://websoilsurvey.sc.egov.usda.gov/DSD/Download/Cache/SSA/wss_SSA_VA137_soildb_US_2003_[2025-09-05].zip
VA139	https://websoilsurvey.sc.egov.usda.gov/DSD/Download/Cache/SSA/wss_SSA_VA139_soildb_US_2003_[2025-09-05].zip
VA141	https://websoilsurvey.sc.egov.usda.gov/DSD/Download/Cache/SSA/wss_SSA_VA141_soildb_US_2003_[2025-09-05].zip
VA143	https://websoilsurvey.sc.egov.usda.gov/DSD/Download/Cache/SSA/wss_SSA_VA143_soildb_US_2003_[2025-09-05].zip
VA145	https://websoilsurvey.sc.egov.usda.gov/DSD/Download/Cache/SSA/wss_SSA_VA145_soildb_US_2003_[2025-09-05].zip
VA147	https://websoilsurvey.sc.egov.usda.gov/DSD/Download/Cache/SSA/wss_SSA_VA147_soildb_US_2003_[2025-09-05].zip
VA149	https://websoilsurvey.sc.egov.usda.gov/DSD/Download/Cache/SSA/wss_SSA_VA149_soildb_US_2003_[2025-09-05].zip
VA153	https://websoilsurvey.sc.egov.usda.gov/DSD/Download/Cache/SSA/wss_SSA_VA153_soildb_US_2003_[2025-09-05].zip
VA155	https://websoilsurvey.sc.egov.usda.gov/DSD/Download/Cache/SSA/wss_SSA_VA155_soildb_US_2003_[2025-09-05].zip
VA157	https://websoilsurvey.sc.egov.usda.gov/DSD/Download/Cache/SSA/wss_SSA_VA157_soildb_US_2003_[2025-09-05].zip
VA159	https://websoilsurvey.sc.egov.usda.gov/DSD/Download/Cache/SSA/wss_SSA_VA159_soildb_US_2003_[2025-09-05].zip
VA161	https://websoilsurvey.sc.egov.usda.gov/DSD/Download/Cache/SSA/wss_SSA_VA161_soildb_US_2003_[2025-09-05].zip
VA163	https://websoilsurvey.sc.egov.usda.gov/DSD/Download/Cache/SSA/wss_SSA_VA163_soildb_US_2003_[2025-09-05].zip
VA165	https://websoilsurvey.sc.egov.usda.gov/DSD/Download/Cache/SSA/wss_SSA_VA165_soildb_US_2003_[2025-09-05].zip
VA167	https://websoilsurvey.sc.egov.usda.gov/DSD/Download/Cache/SSA/wss_SSA_VA167_soildb_US_2003_[2025-09-05].zip
VA169	https://websoilsurvey.sc.egov.usda.gov/DSD/Download/Cache/SSA/wss_SSA_VA169_soildb_US_2003_[2025-09-08].zip
VA171	https://websoilsurvey.sc.egov.usda.gov/DSD/Download/Cache/SSA/wss_SSA_VA171_soildb_US_2003_[2025-09-05].zip
VA173	https://websoilsurvey.sc.egov.usda.gov/DSD/Download/Cache/SSA/wss_SSA_VA173_soildb_US_2003_[2025-09-08].zip
VA175	https://websoilsurvey.sc.egov.usda.gov/DSD/Download/Cache/SSA/wss_SSA_VA175_soildb_US_2003_[2025-09-08].zip
VA177	https://websoilsurvey.sc.egov.usda.gov/DSD/Download/Cache/SSA/wss_SSA_VA177_soildb_US_2003_[2025-09-08].zip
VA179	https://websoilsurvey.sc.egov.usda.gov/DSD/Download/Cache/SSA/wss_SSA_VA179_soildb_US_2003_[2025-09-08].zip
VA181	https://websoilsurvey.sc.egov.usda.gov/DSD/Download/Cache/SSA/wss_SSA_VA181_soildb_US_2003_[2025-09-08].zip
VA183	https://websoilsurvey.sc.egov.usda.gov/DSD/Download/Cache/SSA/wss_SSA_VA183_soildb_US_2003_[2025-09-08].zip
VA185	https://websoilsurvey.sc.egov.usda.gov/DSD/Download/Cache/SSA/wss_SSA_VA185_soildb_US_2003_[2025-09-08].zip
VA187	https://websoilsurvey.sc.egov.usda.gov/DSD/Download/Cache/SSA/wss_SSA_VA187_soildb_US_2003_[2025-09-05].zip
VA191	https://websoilsurvey.sc.egov.usda.gov/DSD/Download/Cache/SSA/wss_SSA_VA191_soildb_US_2003_[2025-09-08].zip
VA193	https://websoilsurvey.sc.egov.usda.gov/DSD/Download/Cache/SSA/wss_SSA_VA193_soildb_US_2003_[2025-09-08].zip
VA195	https://websoilsurvey.sc.egov.usda.gov/DSD/Download/Cache/SSA/wss_SSA_VA195_soildb_US_2003_[2025-09-05].zip
VA197	https://websoilsurvey.sc.egov.usda.gov/DSD/Download/Cache/SSA/wss_SSA_VA197_soildb_US_2003_[2025-09-08].zip
VA510	https://websoilsurvey.sc.egov.usda.gov/DSD/Download/Cache/SSA/wss_SSA_VA510_soildb_US_2003_[2025-09-05].zip
VA515	https://websoilsurvey.sc.egov.usda.gov/DSD/Download/Cache/SSA/wss_SSA_VA515_soildb_US_2003_[2025-09-08].zip
VA540	https://websoilsurvey.sc.egov.usda.gov/DSD/Download/Cache/SSA/wss_SSA_VA540_soildb_US_2003_[2025-09-05].zip
VA550	https://websoilsurvey.sc.egov.usda.gov/DSD/Download/Cache/SSA/wss_SSA_VA550_soildb_US_2003_[2025-09-08].zip
VA600	https://websoilsurvey.sc.egov.usda.gov/DSD/Download/Cache/SSA/wss_SSA_VA600_soildb_US_2003_[2025-09-05].zip
VA606	https://websoilsurvey.sc.egov.usda.gov/DSD/Download/Cache/SSA/wss_SSA_VA606_soildb_US_2003_[2025-09-08].zip
VA610	https://websoilsurvey.sc.egov.usda.gov/DSD/Download/Cache/SSA/wss_SSA_VA610_soildb_US_2003_[2025-09-05].zip
VA630	https://websoilsurvey.sc.egov.usda.gov/DSD/Download/Cache/SSA/wss_SSA_VA630_soildb_US_2003_[2025-09-08].zip
VA631	https://websoilsurvey.sc.egov.usda.gov/DSD/Download/Cache/SSA/wss_SSA_VA631_soildb_US_2003_[2025-09-05].zip
VA653	https://websoilsurvey.sc.egov.usda.gov/DSD/Download/Cache/SSA/wss_SSA_VA653_soildb_US_2003_[2025-09-08].zip
VA695	https://websoilsurvey.sc.egov.usda.gov/DSD/Download/Cache/SSA/wss_SSA_VA695_soildb_US_2003_[2025-09-08].zip
VA715	https://websoilsurvey.sc.egov.usda.gov/DSD/Download/Cache/SSA/wss_SSA_VA715_soildb_US_2003_[2025-09-08].zip
VA760	https://websoilsurvey.sc.egov.usda.gov/DSD/Download/Cache/SSA/wss_SSA_VA760_soildb_US_2003_[2025-09-08].zip
VA790	https://websoilsurvey.sc.egov.usda.gov/DSD/Download/Cache/SSA/wss_SSA_VA790_soildb_US_2003_[2025-09-05].zip
VA800	https://websoilsurvey.sc.egov.usda.gov/DSD/Download/Cache/SSA/wss_SSA_VA800_soildb_US_2003_[2025-09-08].zip
VA810	https://websoilsurvey.sc.egov.usda.gov/DSD/Download/Cache/SSA/wss_SSA_VA810_soildb_US_2003_[2025-09-08].zip
VA820	https://websoilsurvey.sc.egov.usda.gov/DSD/Download/Cache/SSA/wss_SSA_VA820_soildb_US_2003_[2025-09-05].zip
VA840	https://websoilsurvey.sc.egov.usda.gov/DSD/Download/Cache/SSA/wss_SSA_VA840_soildb_US_2003_[2025-09-05].zip
VA850	https://websoilsurvey.sc.egov.usda.gov/DSD/Download/Cache/SSA/wss_SSA_VA850_soildb_US_2003_[2025-09-05].zip
VI690	https://websoilsurvey.sc.egov.usda.gov/DSD/Download/Cache/SSA/wss_SSA_VI690_soildb_US_2003_[2025-09-11].zip
VT001	https://websoilsurvey.sc.egov.usda.gov/DSD/Download/Cache/SSA/wss_SSA_VT001_soildb_US_2003_[2025-09-16].zip
VT003	https://websoilsurvey.sc.egov.usda.gov/DSD/Download/Cache/SSA/wss_SSA_VT003_soildb_US_2003_[2025-09-16].zip
VT005	https://websoilsurvey.sc.egov.usda.gov/DSD/Download/Cache/SSA/wss_SSA_VT005_soildb_US_2003_[2025-09-16].zip
VT007	https://websoilsurvey.sc.egov.usda.gov/DSD/Download/Cache/SSA/wss_SSA_VT007_soildb_US_2003_[2025-09-16].zip
VT009	https://websoilsurvey.sc.egov.usda.gov/DSD/Download/Cache/SSA/wss_SSA_VT009_soildb_US_2003_[2025-09-16].zip
VT011	https://websoilsurvey.sc.egov.usda.gov/DSD/Download/Cache/SSA/wss_SSA_VT011_soildb_US_2003_[2025-09-16].zip
VT013	https://websoilsurvey.sc.egov.usda.gov/DSD/Download/Cache/SSA/wss_SSA_VT013_soildb_US_2003_[2025-09-16].zip
VT015	https://websoilsurvey.sc.egov.usda.gov/DSD/Download/Cache/SSA/wss_SSA_VT015_soildb_US_2003_[2025-09-16].zip
VT017	https://websoilsurvey.sc.egov.usda.gov/DSD/Download/Cache/SSA/wss_SSA_VT017_soildb_US_2003_[2025-09-16].zip
VT019	https://websoilsurvey.sc.egov.usda.gov/DSD/Download/Cache/SSA/wss_SSA_VT019_soildb_US_2003_[2025-09-16].zip
VT021	https://websoilsurvey.sc.egov.usda.gov/DSD/Download/Cache/SSA/wss_SSA_VT021_soildb_US_2003_[2025-09-16].zip
VT023	https://websoilsurvey.sc.egov.usda.gov/DSD/Download/Cache/SSA/wss_SSA_VT023_soildb_US_2003_[2025-09-16].zip
VT025	https://websoilsurvey.sc.egov.usda.gov/DSD/Download/Cache/SSA/wss_SSA_VT025_soildb_US_2003_[2025-09-16].zip
VT027	https://websoilsurvey.sc.egov.usda.gov/DSD/Download/Cache/SSA/wss_SSA_VT027_soildb_US_2003_[2025-09-16].zip
WA001	https://websoilsurvey.sc.egov.usda.gov/DSD/Download/Cache/SSA/wss_SSA_WA001_soildb_US_2003_[2025-08-28].zip
WA011	https://websoilsurvey.sc.egov.usda.gov/DSD/Download/Cache/SSA/wss_SSA_WA011_soildb_US_2003_[2025-08-28].zip
WA015	https://websoilsurvey.sc.egov.usda.gov/DSD/Download/Cache/SSA/wss_SSA_WA015_soildb_US_2003_[2025-08-28].zip
WA017	https://websoilsurvey.sc.egov.usda.gov/DSD/Download/Cache/SSA/wss_SSA_WA017_soildb_US_2003_[2025-08-28].zip
WA021	https://websoilsurvey.sc.egov.usda.gov/DSD/Download/Cache/SSA/wss_SSA_WA021_soildb_US_2003_[2025-08-28].zip
WA025	https://websoilsurvey.sc.egov.usda.gov/DSD/Download/Cache/SSA/wss_SSA_WA025_soildb_US_2003_[2025-08-28].zip
WA029	https://websoilsurvey.sc.egov.usda.gov/DSD/Download/Cache/SSA/wss_SSA_WA029_soildb_US_2003_[2025-08-28].zip
WA043	https://websoilsurvey.sc.egov.usda.gov/DSD/Download/Cache/SSA/wss_SSA_WA043_soildb_US_2003_[2025-08-28].zip
WA055	https://websoilsurvey.sc.egov.usda.gov/DSD/Download/Cache/SSA/wss_SSA_WA055_soildb_US_2003_[2025-08-28].zip
WA063	https://websoilsurvey.sc.egov.usda.gov/DSD/Download/Cache/SSA/wss_SSA_WA063_soildb_US_2003_[2025-08-28].zip
WA065	https://websoilsurvey.sc.egov.usda.gov/DSD/Download/Cache/SSA/wss_SSA_WA065_soildb_US_2003_[2025-08-28].zip
WA075	https://websoilsurvey.sc.egov.usda.gov/DSD/Download/Cache/SSA/wss_SSA_WA075_soildb_US_2003_[2025-08-28].zip
WA603	https://websoilsurvey.sc.egov.usda.gov/DSD/Download/Cache/SSA/wss_SSA_WA603_soildb_US_2003_[2025-08-28].zip
WA605	https://websoilsurvey.sc.egov.usda.gov/DSD/Download/Cache/SSA/wss_SSA_WA605_soildb_US_2003_[2025-08-28].zip
WA607	https://websoilsurvey.sc.egov.usda.gov/DSD/Download/Cache/SSA/wss_SSA_WA607_soildb_US_2003_[2025-08-28].zip
WA608	https://websoilsurvey.sc.egov.usda.gov/DSD/Download/Cache/SSA/wss_SSA_WA608_soildb_US_2003_[2025-08-28].zip
WA609	https://websoilsurvey.sc.egov.usda.gov/DSD/Download/Cache/SSA/wss_SSA_WA609_soildb_US_2003_[2025-08-28].zip
WA613	https://websoilsurvey.sc.egov.usda.gov/DSD/Download/Cache/SSA/wss_SSA_WA613_soildb_US_2003_[2025-08-28].zip
WA619	https://websoilsurvey.sc.egov.usda.gov/DSD/Download/Cache/SSA/wss_SSA_WA619_soildb_US_2003_[2025-08-28].zip
WA623	https://websoilsurvey.sc.egov.usda.gov/DSD/Download/Cache/SSA/wss_SSA_WA623_soildb_US_2003_[2025-08-28].zip
WA627	https://websoilsurvey.sc.egov.usda.gov/DSD/Download/Cache/SSA/wss_SSA_WA627_soildb_US_2003_[2025-08-28].zip
WA631	https://websoilsurvey.sc.egov.usda.gov/DSD/Download/Cache/SSA/wss_SSA_WA631_soildb_US_2003_[2025-08-28].zip
WA632	https://websoilsurvey.sc.egov.usda.gov/DSD/Download/Cache/SSA/wss_SSA_WA632_soildb_US_2003_[2025-08-28].zip
WA633	https://websoilsurvey.sc.egov.usda.gov/DSD/Download/Cache/SSA/wss_SSA_WA633_soildb_US_2003_[2025-08-28].zip
WA634	https://websoilsurvey.sc.egov.usda.gov/DSD/Download/Cache/SSA/wss_SSA_WA634_soildb_US_2003_[2025-08-28].zip
WA635	https://websoilsurvey.sc.egov.usda.gov/DSD/Download/Cache/SSA/wss_SSA_WA635_soildb_US_2003_[2025-08-28].zip
WA637	https://websoilsurvey.sc.egov.usda.gov/DSD/Download/Cache/SSA/wss_SSA_WA637_soildb_US_2003_[2025-08-28].zip
WA639	https://websoilsurvey.sc.egov.usda.gov/DSD/Download/Cache/SSA/wss_SSA_WA639_soildb_US_2003_[2025-08-28].zip
WA641	https://websoilsurvey.sc.egov.usda.gov/DSD/Download/Cache/SSA/wss_SSA_WA641_soildb_US_2003_[2025-08-28].zip
WA645	https://websoilsurvey.sc.egov.usda.gov/DSD/Download/Cache/SSA/wss_SSA_WA645_soildb_US_2003_[2025-08-28].zip
WA648	https://websoilsurvey.sc.egov.usda.gov/DSD/Download/Cache/SSA/wss_SSA_WA648_soildb_US_2003_[2025-08-28].zip
WA649	https://websoilsurvey.sc.egov.usda.gov/DSD/Download/Cache/SSA/wss_SSA_WA649_soildb_US_2003_[2025-08-28].zip
WA651	https://websoilsurvey.sc.egov.usda.gov/DSD/Download/Cache/SSA/wss_SSA_WA651_soildb_US_2003_[2025-08-28].zip
WA653	https://websoilsurvey.sc.egov.usda.gov/DSD/Download/Cache/SSA/wss_SSA_WA653_soildb_US_2003_[2025-08-28].zip
WA657	https://websoilsurvey.sc.egov.usda.gov/DSD/Download/Cache/SSA/wss_SSA_WA657_soildb_US_2003_[2025-08-28].zip
WA659	https://websoilsurvey.sc.egov.usda.gov/DSD/Download/Cache/SSA/wss_SSA_WA659_soildb_US_2003_[2025-08-28].zip
WA661	https://websoilsurvey.sc.egov.usda.gov/DSD/Download/Cache/SSA/wss_SSA_WA661_soildb_US_2003_[2025-08-28].zip
WA667	https://websoilsurvey.sc.egov.usda.gov/DSD/Download/Cache/SSA/wss_SSA_WA667_soildb_US_2003_[2025-08-28].zip
WA671	https://websoilsurvey.sc.egov.usda.gov/DSD/Download/Cache/SSA/wss_SSA_WA671_soildb_US_2003_[2025-08-28].zip
WA673	https://websoilsurvey.sc.egov.usda.gov/DSD/Download/Cache/SSA/wss_SSA_WA673_soildb_US_2003_[2025-08-28].zip
WA676	https://websoilsurvey.sc.egov.usda.gov/DSD/Download/Cache/SSA/wss_SSA_WA676_soildb_US_2003_[2025-09-02].zip
WA677	https://websoilsurvey.sc.egov.usda.gov/DSD/Download/Cache/SSA/wss_SSA_WA677_soildb_US_2003_[2025-08-28].zip
WA678	https://websoilsurvey.sc.egov.usda.gov/DSD/Download/Cache/SSA/wss_SSA_WA678_soildb_US_2003_[2025-08-28].zip
WA680	https://websoilsurvey.sc.egov.usda.gov/DSD/Download/Cache/SSA/wss_SSA_WA680_soildb_US_2003_[2025-08-28].zip
WA681	https://websoilsurvey.sc.egov.usda.gov/DSD/Download/Cache/SSA/wss_SSA_WA681_soildb_US_2003_[2025-08-28].zip
WA706	https://websoilsurvey.sc.egov.usda.gov/DSD/Download/Cache/SSA/wss_SSA_WA706_soildb_US_2003_[2025-08-28].zip
WA710	https://websoilsurvey.sc.egov.usda.gov/DSD/Download/Cache/SSA/wss_SSA_WA710_soildb_US_2003_[2025-09-02].zip
WA714	https://websoilsurvey.sc.egov.usda.gov/DSD/Download/Cache/SSA/wss_SSA_WA714_soildb_US_2003_[2025-08-28].zip
WA728	https://websoilsurvey.sc.egov.usda.gov/DSD/Download/Cache/SSA/wss_SSA_WA728_soildb_US_2003_[2025-09-02].zip
WA730	https://websoilsurvey.sc.egov.usda.gov/DSD/Download/Cache/SSA/wss_SSA_WA730_soildb_US_2003_[2025-08-28].zip
WA749	https://websoilsurvey.sc.egov.usda.gov/DSD/Download/Cache/SSA/wss_SSA_WA749_soildb_US_2003_[2025-08-28].zip
WA754	https://websoilsurvey.sc.egov.usda.gov/DSD/Download/Cache/SSA/wss_SSA_WA754_soildb_US_2003_[2025-08-28].zip
WA760	https://websoilsurvey.sc.egov.usda.gov/DSD/Download/Cache/SSA/wss_SSA_WA760_soildb_US_2003_[2025-08-28].zip
WA762	https://websoilsurvey.sc.egov.usda.gov/DSD/Download/Cache/SSA/wss_SSA_WA762_soildb_US_2003_[2025-08-28].zip
WA774	https://websoilsurvey.sc.egov.usda.gov/DSD/Download/Cache/SSA/wss_SSA_WA774_soildb_US_2003_[2025-08-28].zip
WA775	https://websoilsurvey.sc.egov.usda.gov/DSD/Download/Cache/SSA/wss_SSA_WA775_soildb_US_2003_[2025-08-28].zip
WA776	https://websoilsurvey.sc.egov.usda.gov/DSD/Download/Cache/SSA/wss_SSA_WA776_soildb_US_2003_[2025-08-28].zip
WA777	https://websoilsurvey.sc.egov.usda.gov/DSD/Download/Cache/SSA/wss_SSA_WA777_soildb_US_2003_[2025-08-28].zip
WA778	https://websoilsurvey.sc.egov.usda.gov/DSD/Download/Cache/SSA/wss_SSA_WA778_soildb_US_2003_[2025-08-28].zip
WI001	https://websoilsurvey.sc.egov.usda.gov/DSD/Download/Cache/SSA/wss_SSA_WI001_soildb_US_2003_[2025-09-10].zip
WI003	https://websoilsurvey.sc.egov.usda.gov/DSD/Download/Cache/SSA/wss_SSA_WI003_soildb_US_2003_[2025-09-10].zip
WI005	https://websoilsurvey.sc.egov.usda.gov/DSD/Download/Cache/SSA/wss_SSA_WI005_soildb_US_2003_[2025-09-17].zip
WI007	https://websoilsurvey.sc.egov.usda.gov/DSD/Download/Cache/SSA/wss_SSA_WI007_soildb_US_2003_[2025-09-10].zip
WI009	https://websoilsurvey.sc.egov.usda.gov/DSD/Download/Cache/SSA/wss_SSA_WI009_soildb_US_2003_[2025-09-10].zip
WI011	https://websoilsurvey.sc.egov.usda.gov/DSD/Download/Cache/SSA/wss_SSA_WI011_soildb_US_2003_[2025-09-10].zip
WI013	https://websoilsurvey.sc.egov.usda.gov/DSD/Download/Cache/SSA/wss_SSA_WI013_soildb_US_2003_[2025-09-10].zip
WI015	https://websoilsurvey.sc.egov.usda.gov/DSD/Download/Cache/SSA/wss_SSA_WI015_soildb_US_2003_[2025-09-10].zip
WI017	https://websoilsurvey.sc.egov.usda.gov/DSD/Download/Cache/SSA/wss_SSA_WI017_soildb_US_2003_[2025-09-10].zip
WI019	https://websoilsurvey.sc.egov.usda.gov/DSD/Download/Cache/SSA/wss_SSA_WI019_soildb_US_2003_[2025-09-10].zip
WI021	https://websoilsurvey.sc.egov.usda.gov/DSD/Download/Cache/SSA/wss_SSA_WI021_soildb_US_2003_[2025-09-10].zip
WI023	https://websoilsurvey.sc.egov.usda.gov/DSD/Download/Cache/SSA/wss_SSA_WI023_soildb_US_2003_[2025-09-10].zip
WI025	https://websoilsurvey.sc.egov.usda.gov/DSD/Download/Cache/SSA/wss_SSA_WI025_soildb_US_2003_[2025-09-10].zip
WI027	https://websoilsurvey.sc.egov.usda.gov/DSD/Download/Cache/SSA/wss_SSA_WI027_soildb_US_2003_[2025-09-10].zip
WI029	https://websoilsurvey.sc.egov.usda.gov/DSD/Download/Cache/SSA/wss_SSA_WI029_soildb_US_2003_[2025-09-10].zip
WI031	https://websoilsurvey.sc.egov.usda.gov/DSD/Download/Cache/SSA/wss_SSA_WI031_soildb_US_2003_[2025-09-10].zip
WI033	https://websoilsurvey.sc.egov.usda.gov/DSD/Download/Cache/SSA/wss_SSA_WI033_soildb_US_2003_[2025-09-10].zip
WI035	https://websoilsurvey.sc.egov.usda.gov/DSD/Download/Cache/SSA/wss_SSA_WI035_soildb_US_2003_[2025-09-10].zip
WI037	https://websoilsurvey.sc.egov.usda.gov/DSD/Download/Cache/SSA/wss_SSA_WI037_soildb_US_2003_[2025-09-10].zip
WI039	https://websoilsurvey.sc.egov.usda.gov/DSD/Download/Cache/SSA/wss_SSA_WI039_soildb_US_2003_[2025-09-10].zip
WI041	https://websoilsurvey.sc.egov.usda.gov/DSD/Download/Cache/SSA/wss_SSA_WI041_soildb_US_2003_[2025-09-10].zip
WI043	https://websoilsurvey.sc.egov.usda.gov/DSD/Download/Cache/SSA/wss_SSA_WI043_soildb_US_2003_[2025-09-10].zip
WI045	https://websoilsurvey.sc.egov.usda.gov/DSD/Download/Cache/SSA/wss_SSA_WI045_soildb_US_2003_[2025-09-10].zip
WI047	https://websoilsurvey.sc.egov.usda.gov/DSD/Download/Cache/SSA/wss_SSA_WI047_soildb_US_2003_[2025-09-10].zip
WI049	https://websoilsurvey.sc.egov.usda.gov/DSD/Download/Cache/SSA/wss_SSA_WI049_soildb_US_2003_[2025-09-10].zip
WI051	https://websoilsurvey.sc.egov.usda.gov/DSD/Download/Cache/SSA/wss_SSA_WI051_soildb_US_2003_[2025-09-10].zip
WI053	https://websoilsurvey.sc.egov.usda.gov/DSD/Download/Cache/SSA/wss_SSA_WI053_soildb_US_2003_[2025-09-10].zip
WI055	https://websoilsurvey.sc.egov.usda.gov/DSD/Download/Cache/SSA/wss_SSA_WI055_soildb_US_2003_[2025-09-10].zip
WI057	https://websoilsurvey.sc.egov.usda.gov/DSD/Download/Cache/SSA/wss_SSA_WI057_soildb_US_2003_[2025-09-10].zip
WI059	https://websoilsurvey.sc.egov.usda.gov/DSD/Download/Cache/SSA/wss_SSA_WI059_soildb_US_2003_[2025-09-10].zip
WI061	https://websoilsurvey.sc.egov.usda.gov/DSD/Download/Cache/SSA/wss_SSA_WI061_soildb_US_2003_[2025-09-10].zip
WI063	https://websoilsurvey.sc.egov.usda.gov/DSD/Download/Cache/SSA/wss_SSA_WI063_soildb_US_2003_[2025-09-10].zip
WI065	https://websoilsurvey.sc.egov.usda.gov/DSD/Download/Cache/SSA/wss_SSA_WI065_soildb_US_2003_[2025-09-10].zip
WI067	https://websoilsurvey.sc.egov.usda.gov/DSD/Download/Cache/SSA/wss_SSA_WI067_soildb_US_2003_[2025-09-10].zip
WI069	https://websoilsurvey.sc.egov.usda.gov/DSD/Download/Cache/SSA/wss_SSA_WI069_soildb_US_2003_[2025-09-10].zip
WI071	https://websoilsurvey.sc.egov.usda.gov/DSD/Download/Cache/SSA/wss_SSA_WI071_soildb_US_2003_[2025-09-10].zip
WI073	https://websoilsurvey.sc.egov.usda.gov/DSD/Download/Cache/SSA/wss_SSA_WI073_soildb_US_2003_[2025-09-10].zip
WI075	https://websoilsurvey.sc.egov.usda.gov/DSD/Download/Cache/SSA/wss_SSA_WI075_soildb_US_2003_[2025-09-10].zip
WI077	https://websoilsurvey.sc.egov.usda.gov/DSD/Download/Cache/SSA/wss_SSA_WI077_soildb_US_2003_[2025-09-10].zip
WI078	https://websoilsurvey.sc.egov.usda.gov/DSD/Download/Cache/SSA/wss_SSA_WI078_soildb_US_2003_[2025-09-10].zip
WI079	https://websoilsurvey.sc.egov.usda.gov/DSD/Download/Cache/SSA/wss_SSA_WI079_soildb_US_2003_[2025-09-10].zip
WI081	https://websoilsurvey.sc.egov.usda.gov/DSD/Download/Cache/SSA/wss_SSA_WI081_soildb_US_2003_[2025-09-10].zip
WI083	https://websoilsurvey.sc.egov.usda.gov/DSD/Download/Cache/SSA/wss_SSA_WI083_soildb_US_2003_[2025-09-10].zip
WI085	https://websoilsurvey.sc.egov.usda.gov/DSD/Download/Cache/SSA/wss_SSA_WI085_soildb_US_2003_[2025-09-10].zip
WI087	https://websoilsurvey.sc.egov.usda.gov/DSD/Download/Cache/SSA/wss_SSA_WI087_soildb_US_2003_[2025-09-10].zip
WI089	https://websoilsurvey.sc.egov.usda.gov/DSD/Download/Cache/SSA/wss_SSA_WI089_soildb_US_2003_[2025-09-10].zip
WI091	https://websoilsurvey.sc.egov.usda.gov/DSD/Download/Cache/SSA/wss_SSA_WI091_soildb_US_2003_[2025-09-10].zip
WI093	https://websoilsurvey.sc.egov.usda.gov/DSD/Download/Cache/SSA/wss_SSA_WI093_soildb_US_2003_[2025-09-10].zip
WI095	https://websoilsurvey.sc.egov.usda.gov/DSD/Download/Cache/SSA/wss_SSA_WI095_soildb_US_2003_[2025-09-10].zip
WI097	https://websoilsurvey.sc.egov.usda.gov/DSD/Download/Cache/SSA/wss_SSA_WI097_soildb_US_2003_[2025-09-10].zip
WI099	https://websoilsurvey.sc.egov.usda.gov/DSD/Download/Cache/SSA/wss_SSA_WI099_soildb_US_2003_[2025-09-10].zip
WI101	https://websoilsurvey.sc.egov.usda.gov/DSD/Download/Cache/SSA/wss_SSA_WI101_soildb_US_2003_[2025-09-10].zip
WI103	https://websoilsurvey.sc.egov.usda.gov/DSD/Download/Cache/SSA/wss_SSA_WI103_soildb_US_2003_[2025-09-10].zip
WI105	https://websoilsurvey.sc.egov.usda.gov/DSD/Download/Cache/SSA/wss_SSA_WI105_soildb_US_2003_[2025-09-10].zip
WI107	https://websoilsurvey.sc.egov.usda.gov/DSD/Download/Cache/SSA/wss_SSA_WI107_soildb_US_2003_[2025-09-10].zip
WI109	https://websoilsurvey.sc.egov.usda.gov/DSD/Download/Cache/SSA/wss_SSA_WI109_soildb_US_2003_[2025-09-10].zip
WI111	https://websoilsurvey.sc.egov.usda.gov/DSD/Download/Cache/SSA/wss_SSA_WI111_soildb_US_2003_[2025-09-10].zip
WI113	https://websoilsurvey.sc.egov.usda.gov/DSD/Download/Cache/SSA/wss_SSA_WI113_soildb_US_2003_[2025-09-10].zip
WI115	https://websoilsurvey.sc.egov.usda.gov/DSD/Download/Cache/SSA/wss_SSA_WI115_soildb_US_2003_[2025-09-10].zip
WI117	https://websoilsurvey.sc.egov.usda.gov/DSD/Download/Cache/SSA/wss_SSA_WI117_soildb_US_2003_[2025-09-10].zip
WI119	https://websoilsurvey.sc.egov.usda.gov/DSD/Download/Cache/SSA/wss_SSA_WI119_soildb_US_2003_[2025-09-10].zip
WI121	https://websoilsurvey.sc.egov.usda.gov/DSD/Download/Cache/SSA/wss_SSA_WI121_soildb_US_2003_[2025-09-10].zip
WI123	https://websoilsurvey.sc.egov.usda.gov/DSD/Download/Cache/SSA/wss_SSA_WI123_soildb_US_2003_[2025-09-10].zip
WI125	https://websoilsurvey.sc.egov.usda.gov/DSD/Download/Cache/SSA/wss_SSA_WI125_soildb_US_2003_[2025-09-10].zip
WI127	https://websoilsurvey.sc.egov.usda.gov/DSD/Download/Cache/SSA/wss_SSA_WI127_soildb_US_2003_[2025-09-10].zip
WI129	https://websoilsurvey.sc.egov.usda.gov/DSD/Download/Cache/SSA/wss_SSA_WI129_soildb_US_2003_[2025-09-10].zip
WI131	https://websoilsurvey.sc.egov.usda.gov/DSD/Download/Cache/SSA/wss_SSA_WI131_soildb_US_2003_[2025-09-10].zip
WI133	https://websoilsurvey.sc.egov.usda.gov/DSD/Download/Cache/SSA/wss_SSA_WI133_soildb_US_2003_[2025-09-10].zip
WI135	https://websoilsurvey.sc.egov.usda.gov/DSD/Download/Cache/SSA/wss_SSA_WI135_soildb_US_2003_[2025-09-10].zip
WI137	https://websoilsurvey.sc.egov.usda.gov/DSD/Download/Cache/SSA/wss_SSA_WI137_soildb_US_2003_[2025-09-10].zip
WI139	https://websoilsurvey.sc.egov.usda.gov/DSD/Download/Cache/SSA/wss_SSA_WI139_soildb_US_2003_[2025-09-10].zip
WI141	https://websoilsurvey.sc.egov.usda.gov/DSD/Download/Cache/SSA/wss_SSA_WI141_soildb_US_2003_[2025-09-10].zip
WV001	https://websoilsurvey.sc.egov.usda.gov/DSD/Download/Cache/SSA/wss_SSA_WV001_soildb_US_2003_[2025-09-05].zip
WV003	https://websoilsurvey.sc.egov.usda.gov/DSD/Download/Cache/SSA/wss_SSA_WV003_soildb_US_2003_[2025-09-05].zip
WV005	https://websoilsurvey.sc.egov.usda.gov/DSD/Download/Cache/SSA/wss_SSA_WV005_soildb_US_2003_[2025-09-05].zip
WV007	https://websoilsurvey.sc.egov.usda.gov/DSD/Download/Cache/SSA/wss_SSA_WV007_soildb_US_2003_[2025-09-05].zip
WV011	https://websoilsurvey.sc.egov.usda.gov/DSD/Download/Cache/SSA/wss_SSA_WV011_soildb_US_2003_[2025-09-05].zip
WV015	https://websoilsurvey.sc.egov.usda.gov/DSD/Download/Cache/SSA/wss_SSA_WV015_soildb_US_2003_[2025-09-05].zip
WV017	https://websoilsurvey.sc.egov.usda.gov/DSD/Download/Cache/SSA/wss_SSA_WV017_soildb_US_2003_[2025-09-05].zip
WV021	https://websoilsurvey.sc.egov.usda.gov/DSD/Download/Cache/SSA/wss_SSA_WV021_soildb_US_2003_[2025-09-05].zip
WV025	https://websoilsurvey.sc.egov.usda.gov/DSD/Download/Cache/SSA/wss_SSA_WV025_soildb_US_2003_[2025-09-05].zip
WV037	https://websoilsurvey.sc.egov.usda.gov/DSD/Download/Cache/SSA/wss_SSA_WV037_soildb_US_2003_[2025-09-05].zip
WV039	https://websoilsurvey.sc.egov.usda.gov/DSD/Download/Cache/SSA/wss_SSA_WV039_soildb_US_2003_[2025-09-05].zip
WV041	https://websoilsurvey.sc.egov.usda.gov/DSD/Download/Cache/SSA/wss_SSA_WV041_soildb_US_2003_[2025-09-05].zip
WV043	https://websoilsurvey.sc.egov.usda.gov/DSD/Download/Cache/SSA/wss_SSA_WV043_soildb_US_2003_[2025-09-05].zip
WV047	https://websoilsurvey.sc.egov.usda.gov/DSD/Download/Cache/SSA/wss_SSA_WV047_soildb_US_2003_[2025-09-05].zip
WV051	https://websoilsurvey.sc.egov.usda.gov/DSD/Download/Cache/SSA/wss_SSA_WV051_soildb_US_2003_[2025-09-05].zip
WV063	https://websoilsurvey.sc.egov.usda.gov/DSD/Download/Cache/SSA/wss_SSA_WV063_soildb_US_2003_[2025-09-08].zip
WV065	https://websoilsurvey.sc.egov.usda.gov/DSD/Download/Cache/SSA/wss_SSA_WV065_soildb_US_2003_[2025-09-08].zip
WV071	https://websoilsurvey.sc.egov.usda.gov/DSD/Download/Cache/SSA/wss_SSA_WV071_soildb_US_2003_[2025-09-08].zip
WV075	https://websoilsurvey.sc.egov.usda.gov/DSD/Download/Cache/SSA/wss_SSA_WV075_soildb_US_2003_[2025-09-08].zip
WV077	https://websoilsurvey.sc.egov.usda.gov/DSD/Download/Cache/SSA/wss_SSA_WV077_soildb_US_2003_[2025-09-08].zip
WV079	https://websoilsurvey.sc.egov.usda.gov/DSD/Download/Cache/SSA/wss_SSA_WV079_soildb_US_2003_[2025-09-08].zip
WV085	https://websoilsurvey.sc.egov.usda.gov/DSD/Download/Cache/SSA/wss_SSA_WV085_soildb_US_2003_[2025-09-05].zip
WV097	https://websoilsurvey.sc.egov.usda.gov/DSD/Download/Cache/SSA/wss_SSA_WV097_soildb_US_2003_[2025-09-05].zip
WV099	https://websoilsurvey.sc.egov.usda.gov/DSD/Download/Cache/SSA/wss_SSA_WV099_soildb_US_2003_[2025-09-05].zip
WV101	https://websoilsurvey.sc.egov.usda.gov/DSD/Download/Cache/SSA/wss_SSA_WV101_soildb_US_2003_[2025-09-08].zip
WV103	https://websoilsurvey.sc.egov.usda.gov/DSD/Download/Cache/SSA/wss_SSA_WV103_soildb_US_2003_[2025-09-08].zip
WV109	https://websoilsurvey.sc.egov.usda.gov/DSD/Download/Cache/SSA/wss_SSA_WV109_soildb_US_2003_[2025-09-08].zip
WV600	https://websoilsurvey.sc.egov.usda.gov/DSD/Download/Cache/SSA/wss_SSA_WV600_soildb_US_2003_[2025-09-08].zip
WV601	https://websoilsurvey.sc.egov.usda.gov/DSD/Download/Cache/SSA/wss_SSA_WV601_soildb_US_2003_[2025-09-08].zip
WV602	https://websoilsurvey.sc.egov.usda.gov/DSD/Download/Cache/SSA/wss_SSA_WV602_soildb_US_2003_[2025-09-08].zip
WV603	https://websoilsurvey.sc.egov.usda.gov/DSD/Download/Cache/SSA/wss_SSA_WV603_soildb_US_2003_[2025-09-08].zip
WV604	https://websoilsurvey.sc.egov.usda.gov/DSD/Download/Cache/SSA/wss_SSA_WV604_soildb_US_2003_[2025-09-08].zip
WV608	https://websoilsurvey.sc.egov.usda.gov/DSD/Download/Cache/SSA/wss_SSA_WV608_soildb_US_2003_[2025-09-08].zip
WV610	https://websoilsurvey.sc.egov.usda.gov/DSD/Download/Cache/SSA/wss_SSA_WV610_soildb_US_2003_[2025-09-08].zip
WV611	https://websoilsurvey.sc.egov.usda.gov/DSD/Download/Cache/SSA/wss_SSA_WV611_soildb_US_2003_[2025-09-08].zip
WV612	https://websoilsurvey.sc.egov.usda.gov/DSD/Download/Cache/SSA/wss_SSA_WV612_soildb_US_2003_[2025-09-08].zip
WV620	https://websoilsurvey.sc.egov.usda.gov/DSD/Download/Cache/SSA/wss_SSA_WV620_soildb_US_2003_[2025-09-08].zip
WV621	https://websoilsurvey.sc.egov.usda.gov/DSD/Download/Cache/SSA/wss_SSA_WV621_soildb_US_2003_[2025-09-08].zip
WV622	https://websoilsurvey.sc.egov.usda.gov/DSD/Download/Cache/SSA/wss_SSA_WV622_soildb_US_2003_[2025-09-08].zip
WV623	https://websoilsurvey.sc.egov.usda.gov/DSD/Download/Cache/SSA/wss_SSA_WV623_soildb_US_2003_[2025-09-08].zip
WV624	https://websoilsurvey.sc.egov.usda.gov/DSD/Download/Cache/SSA/wss_SSA_WV624_soildb_US_2003_[2025-09-08].zip
WV628	https://websoilsurvey.sc.egov.usda.gov/DSD/Download/Cache/SSA/wss_SSA_WV628_soildb_US_2003_[2025-09-08].zip
WV705	https://websoilsurvey.sc.egov.usda.gov/DSD/Download/Cache/SSA/wss_SSA_WV705_soildb_US_2003_[2025-09-08].zip
WV713	https://websoilsurvey.sc.egov.usda.gov/DSD/Download/Cache/SSA/wss_SSA_WV713_soildb_US_2003_[2025-09-08].zip
WV767	https://websoilsurvey.sc.egov.usda.gov/DSD/Download/Cache/SSA/wss_SSA_WV767_soildb_US_2003_[2025-09-08].zip
WY011	https://websoilsurvey.sc.egov.usda.gov/DSD/Download/Cache/SSA/wss_SSA_WY011_soildb_US_2003_[2025-09-04].zip
WY027	https://websoilsurvey.sc.egov.usda.gov/DSD/Download/Cache/SSA/wss_SSA_WY027_soildb_US_2003_[2025-09-04].zip
WY031	https://websoilsurvey.sc.egov.usda.gov/DSD/Download/Cache/SSA/wss_SSA_WY031_soildb_US_2003_[2025-09-04].zip
WY041	https://websoilsurvey.sc.egov.usda.gov/DSD/Download/Cache/SSA/wss_SSA_WY041_soildb_US_2003_[2025-09-04].zip
WY043	https://websoilsurvey.sc.egov.usda.gov/DSD/Download/Cache/SSA/wss_SSA_WY043_soildb_US_2003_[2025-09-04].zip
WY045	https://websoilsurvey.sc.egov.usda.gov/DSD/Download/Cache/SSA/wss_SSA_WY045_soildb_US_2003_[2025-09-04].zip
WY601	https://websoilsurvey.sc.egov.usda.gov/DSD/Download/Cache/SSA/wss_SSA_WY601_soildb_US_2003_[2025-09-04].zip
WY603	https://websoilsurvey.sc.egov.usda.gov/DSD/Download/Cache/SSA/wss_SSA_WY603_soildb_US_2003_[2025-09-04].zip
WY605	https://websoilsurvey.sc.egov.usda.gov/DSD/Download/Cache/SSA/wss_SSA_WY605_soildb_US_2003_[2025-09-04].zip
WY609	https://websoilsurvey.sc.egov.usda.gov/DSD/Download/Cache/SSA/wss_SSA_WY609_soildb_US_2003_[2025-09-04].zip
WY613	https://websoilsurvey.sc.egov.usda.gov/DSD/Download/Cache/SSA/wss_SSA_WY613_soildb_US_2003_[2025-09-04].zip
WY615	https://websoilsurvey.sc.egov.usda.gov/DSD/Download/Cache/SSA/wss_SSA_WY615_soildb_US_2003_[2025-09-05].zip
WY617	https://websoilsurvey.sc.egov.usda.gov/DSD/Download/Cache/SSA/wss_SSA_WY617_soildb_US_2003_[2025-09-04].zip
WY619	https://websoilsurvey.sc.egov.usda.gov/DSD/Download/Cache/SSA/wss_SSA_WY619_soildb_US_2003_[2025-09-04].zip
WY621	https://websoilsurvey.sc.egov.usda.gov/DSD/Download/Cache/SSA/wss_SSA_WY621_soildb_US_2003_[2025-09-04].zip
WY622	https://websoilsurvey.sc.egov.usda.gov/DSD/Download/Cache/SSA/wss_SSA_WY622_soildb_US_2003_[2025-09-04].zip
WY623	https://websoilsurvey.sc.egov.usda.gov/DSD/Download/Cache/SSA/wss_SSA_WY623_soildb_US_2003_[2025-09-04].zip
WY625	https://websoilsurvey.sc.egov.usda.gov/DSD/Download/Cache/SSA/wss_SSA_WY625_soildb_US_2003_[2025-09-04].zip
WY629	https://websoilsurvey.sc.egov.usda.gov/DSD/Download/Cache/SSA/wss_SSA_WY629_soildb_US_2003_[2025-09-04].zip
WY630	https://websoilsurvey.sc.egov.usda.gov/DSD/Download/Cache/SSA/wss_SSA_WY630_soildb_US_2003_[2025-09-04].zip
WY632	https://websoilsurvey.sc.egov.usda.gov/DSD/Download/Cache/SSA/wss_SSA_WY632_soildb_US_2003_[2025-09-04].zip
WY633	https://websoilsurvey.sc.egov.usda.gov/DSD/Download/Cache/SSA/wss_SSA_WY633_soildb_US_2003_[2025-09-04].zip
WY635	https://websoilsurvey.sc.egov.usda.gov/DSD/Download/Cache/SSA/wss_SSA_WY635_soildb_US_2003_[2025-09-04].zip
WY636	https://websoilsurvey.sc.egov.usda.gov/DSD/Download/Cache/SSA/wss_SSA_WY636_soildb_US_2003_[2025-09-04].zip
WY638	https://websoilsurvey.sc.egov.usda.gov/DSD/Download/Cache/SSA/wss_SSA_WY638_soildb_US_2003_[2025-09-04].zip
WY647	https://websoilsurvey.sc.egov.usda.gov/DSD/Download/Cache/SSA/wss_SSA_WY647_soildb_US_2003_[2025-09-04].zip
WY650	https://websoilsurvey.sc.egov.usda.gov/DSD/Download/Cache/SSA/wss_SSA_WY650_soildb_US_2003_[2025-09-04].zip
WY656	https://websoilsurvey.sc.egov.usda.gov/DSD/Download/Cache/SSA/wss_SSA_WY656_soildb_US_2003_[2025-09-04].zip
WY661	https://websoilsurvey.sc.egov.usda.gov/DSD/Download/Cache/SSA/wss_SSA_WY661_soildb_US_2003_[2025-09-04].zip
WY662	https://websoilsurvey.sc.egov.usda.gov/DSD/Download/Cache/SSA/wss_SSA_WY662_soildb_US_2003_[2025-09-04].zip
WY663	https://websoilsurvey.sc.egov.usda.gov/DSD/Download/Cache/SSA/wss_SSA_WY663_soildb_US_2003_[2025-09-04].zip
WY665	https://websoilsurvey.sc.egov.usda.gov/DSD/Download/Cache/SSA/wss_SSA_WY665_soildb_US_2003_[2025-09-04].zip
WY666	https://websoilsurvey.sc.egov.usda.gov/DSD/Download/Cache/SSA/wss_SSA_WY666_soildb_US_2003_[2025-09-04].zip
WY667	https://websoilsurvey.sc.egov.usda.gov/DSD/Download/Cache/SSA/wss_SSA_WY667_soildb_US_2003_[2025-09-04].zip
WY677	https://websoilsurvey.sc.egov.usda.gov/DSD/Download/Cache/SSA/wss_SSA_WY677_soildb_US_2003_[2025-09-04].zip
WY705	https://websoilsurvey.sc.egov.usda.gov/DSD/Download/Cache/SSA/wss_SSA_WY705_soildb_US_2003_[2025-09-04].zip
WY709	https://websoilsurvey.sc.egov.usda.gov/DSD/Download/Cache/SSA/wss_SSA_WY709_soildb_US_2003_[2025-09-04].zip
WY713	https://websoilsurvey.sc.egov.usda.gov/DSD/Download/Cache/SSA/wss_SSA_WY713_soildb_US_2003_[2025-09-04].zip
WY715	https://websoilsurvey.sc.egov.usda.gov/DSD/Download/Cache/SSA/wss_SSA_WY715_soildb_US_2003_[2025-09-04].zip
WY719	https://websoilsurvey.sc.egov.usda.gov/DSD/Download/Cache/SSA/wss_SSA_WY719_soildb_US_2003_[2025-09-04].zip
WY721	https://websoilsurvey.sc.egov.usda.gov/DSD/Download/Cache/SSA/wss_SSA_WY721_soildb_US_2003_[2025-09-04].zip
WY723	https://websoilsurvey.sc.egov.usda.gov/DSD/Download/Cache/SSA/wss_SSA_WY723_soildb_US_2003_[2025-09-04].zip
WY737	https://websoilsurvey.sc.egov.usda.gov/DSD/Download/Cache/SSA/wss_SSA_WY737_soildb_US_2003_[2025-09-04].zip
